pair,entry_time,exit_time,entry_price,exit_price,peak_price,structure_high,pnl,pnl_pct,bars_to_exit,peak_capture,exit_reason
250_2PN3nnNg,2026-06-30 05:58:00+00:00,2026-06-30 06:03:00+00:00,0.00010814,0.00011617,0.0001211,0.00011361,8.03e-06,7.4259,5,61.98,case1_divergence_fulfilled
250_2PN3nnNg,2026-06-30 06:04:00+00:00,2026-06-30 06:09:00+00:00,0.00011067,0.00011404,0.00011724,0.00011361,3.37e-06,3.0455,5,51.29,case1_divergence_fulfilled
250_2PN3nnNg,2026-06-30 06:32:00+00:00,2026-06-30 06:33:00+00:00,0.00010749,0.00011783,0.00011888,0.00011712,1.034e-05,9.6235,1,90.83,case1_divergence_fulfilled
250_2PN3nnNg,2026-06-30 06:34:00+00:00,2026-06-30 06:35:00+00:00,0.00011553,0.00011798,0.00011866,0.00011712,2.45e-06,2.1175,1,78.32,case1_divergence_fulfilled
250_2PN3nnNg,2026-06-30 06:36:00+00:00,2026-06-30 06:42:00+00:00,0.0001148,0.00011736,0.0001192,0.00011712,2.55e-06,2.2247,6,58.06,case1_divergence_fulfilled
250_8D8cEe27,2026-06-29 09:15:00+00:00,2026-06-29 09:16:00+00:00,0.00011857,0.00011871,0.00011873,0.00011849,1.5e-07,0.1237,1,0.0,case1_divergence_fulfilled
250_8D8cEe27,2026-06-29 09:17:00+00:00,2026-06-29 09:18:00+00:00,0.00011867,0.00011866,0.00011882,0.00011849,-1e-08,-0.0062,1,0.0,case1_divergence_fulfilled
250_8D8cEe27,2026-06-29 09:19:00+00:00,2026-06-29 09:21:00+00:00,0.00011846,0.00011852,0.00011867,0.00011849,6e-08,0.054,2,0.0,case1_divergence_fulfilled
250_8D8cEe27,2026-06-29 09:22:00+00:00,2026-06-29 09:27:00+00:00,0.00011843,0.00011855,0.00011855,0.00011849,1.2e-07,0.0989,5,0.0,case1_divergence_fulfilled
250_8D8cEe27,2026-06-29 09:28:00+00:00,2026-06-29 09:30:00+00:00,0.0001184,0.00011864,0.00011864,0.00011849,2.4e-07,0.2038,2,0.0,case1_divergence_fulfilled
3D9aEAFjgepcWSbVp9L1QFb8A9khDX45pZ3wx6RdaVVr_8ubws2HW,2026-06-29 21:00:00+00:00,2026-06-29 21:02:00+00:00,2.206e-05,2.224e-05,2.3e-05,2.223e-05,1.8e-07,0.7969,2,18.78,case1_divergence_fulfilled
3D9aEAFjgepcWSbVp9L1QFb8A9khDX45pZ3wx6RdaVVr_8ubws2HW,2026-06-29 21:03:00+00:00,2026-06-29 21:54:00+00:00,2.205e-05,2.286e-05,2.286e-05,2.223e-05,8.1e-07,3.654,51,99.65,case1_divergence_fulfilled
3D9aEAFjgepcWSbVp9L1QFb8A9khDX45pZ3wx6RdaVVr_8ubws2HW,2026-06-29 23:28:00+00:00,2026-06-30 03:45:00+00:00,4.52e-06,3.819e-05,3.844e-05,3.667e-05,3.367e-05,744.6497,257,99.28,case1_divergence_fulfilled
3D9aEAFjgepcWSbVp9L1QFb8A9khDX45pZ3wx6RdaVVr_8ubws2HW,2026-06-30 05:01:00+00:00,2026-06-30 06:44:00+00:00,4.76e-06,4.61e-06,2.119e-05,7.498e-05,-1.5e-07,-3.224,103,-0.94,end_of_data
ANSEM_3dRq7bo2,2026-06-29 23:47:00+00:00,2026-06-30 00:03:00+00:00,1.717e-05,1.866e-05,1.866e-05,1.843e-05,1.49e-06,8.6577,16,100.0,case1_divergence_fulfilled
ANSEM_3dRq7bo2,2026-06-30 01:01:00+00:00,2026-06-30 01:02:00+00:00,2.056e-05,2.16e-05,2.179e-05,2.012e-05,1.03e-06,5.0223,1,84.47,case1_divergence_fulfilled
ANSEM_3dRq7bo2,2026-06-30 01:03:00+00:00,2026-06-30 01:04:00+00:00,2.102e-05,2.102e-05,2.16e-05,2.012e-05,-1e-08,-0.0331,1,-1.22,case1_divergence_fulfilled
ANSEM_3dRq7bo2,2026-06-30 01:05:00+00:00,2026-06-30 01:06:00+00:00,2.109e-05,2.171e-05,2.172e-05,2.012e-05,6.2e-07,2.9484,1,98.32,case1_divergence_fulfilled
ANSEM_3dRq7bo2,2026-06-30 01:07:00+00:00,2026-06-30 01:08:00+00:00,2.06e-05,2.138e-05,2.171e-05,2.012e-05,7.8e-07,3.7649,1,69.86,case1_divergence_fulfilled
ANSEM_3dRq7bo2,2026-06-30 01:09:00+00:00,2026-06-30 01:10:00+00:00,2.245e-05,2.103e-05,2.276e-05,2.012e-05,-1.42e-06,-6.3203,1,-100.0,case1_divergence_fulfilled
ANSEM_3dRq7bo2,2026-06-30 01:42:00+00:00,2026-06-30 01:50:00+00:00,2.033e-05,2.184e-05,2.184e-05,2.171e-05,1.52e-06,7.4724,8,100.0,case1_divergence_fulfilled
ANSEM_3dRq7bo2,2026-06-30 01:51:00+00:00,2026-06-30 01:52:00+00:00,2.194e-05,2.328e-05,2.328e-05,2.171e-05,1.35e-06,6.141,1,100.0,case1_divergence_fulfilled
ANSEM_3dRq7bo2,2026-06-30 03:41:00+00:00,2026-06-30 03:44:00+00:00,2.834e-05,2.886e-05,2.915e-05,2.871e-05,5.2e-07,1.85,3,64.77,case1_divergence_fulfilled
ANSEM_3dRq7bo2,2026-06-30 03:45:00+00:00,2026-06-30 03:51:00+00:00,2.819e-05,2.912e-05,2.923e-05,2.871e-05,9.3e-07,3.2855,6,89.19,case1_divergence_fulfilled
ANSEM_3dRq7bo2,2026-06-30 04:57:00+00:00,2026-06-30 04:58:00+00:00,3.2e-05,3.158e-05,3.232e-05,3.126e-05,-4.2e-07,-1.3136,1,-100.0,case1_divergence_fulfilled
ANSEM_3dRq7bo2,2026-06-30 04:59:00+00:00,2026-06-30 05:00:00+00:00,3.242e-05,3.191e-05,3.297e-05,3.126e-05,-5.1e-07,-1.5841,1,-94.8,case1_divergence_fulfilled
ANSEM_3dRq7bo2,2026-06-30 05:01:00+00:00,2026-06-30 05:02:00+00:00,3.185e-05,3.185e-05,3.217e-05,3.126e-05,-0.0,-0.005,1,-0.49,case1_divergence_fulfilled
ANSEM_3dRq7bo2,2026-06-30 05:03:00+00:00,2026-06-30 05:04:00+00:00,3.153e-05,3.143e-05,3.198e-05,3.126e-05,-1e-07,-0.3217,1,-22.85,case1_divergence_fulfilled
ANSEM_3dRq7bo2,2026-06-30 05:05:00+00:00,2026-06-30 05:21:00+00:00,3.072e-05,3.275e-05,3.275e-05,3.126e-05,2.03e-06,6.6014,16,100.0,case1_divergence_fulfilled
ANSEM_3dRq7bo2,2026-06-30 05:22:00+00:00,2026-06-30 05:23:00+00:00,3.271e-05,3.136e-05,3.317e-05,2.965e-05,-1.35e-06,-4.1274,1,-100.0,case1_divergence_fulfilled
ANSEM_3dRq7bo2,2026-06-30 05:24:00+00:00,2026-06-30 05:25:00+00:00,3.104e-05,3.198e-05,3.243e-05,2.965e-05,9.4e-07,3.023,1,67.3,case1_divergence_fulfilled
ANSEM_3dRq7bo2,2026-06-30 05:26:00+00:00,2026-06-30 05:27:00+00:00,3.219e-05,3.139e-05,3.266e-05,2.965e-05,-7.9e-07,-2.4667,1,-100.0,case1_divergence_fulfilled
ANSEM_9nbvMyQE,2026-06-30 05:32:00+00:00,2026-06-30 05:42:00+00:00,9.86e-06,9.95e-06,1.006e-05,1.018e-05,9e-08,0.9469,10,47.2,case2_bearish_obv_divergence
ANSEM_9nbvMyQE,2026-06-30 05:55:00+00:00,2026-06-30 05:56:00+00:00,1.001e-05,1.019e-05,1.019e-05,9.95e-06,1.7e-07,1.7282,1,100.0,case1_divergence_fulfilled
ANSEM_9nbvMyQE,2026-06-30 05:57:00+00:00,2026-06-30 05:58:00+00:00,1.004e-05,1.012e-05,1.024e-05,9.95e-06,8e-08,0.8323,1,40.15,case1_divergence_fulfilled
ANSEM_9nbvMyQE,2026-06-30 05:59:00+00:00,2026-06-30 06:07:00+00:00,1.016e-05,9.97e-06,1.025e-05,9.95e-06,-1.9e-07,-1.8848,8,-100.0,case1_divergence_fulfilled
ANSEM_9nbvMyQE,2026-06-30 06:08:00+00:00,2026-06-30 06:10:00+00:00,1.009e-05,1.033e-05,1.042e-05,1.019e-05,2.4e-07,2.3297,2,72.21,case1_divergence_fulfilled
ANSEM_HUEWGiG7,2026-06-29 21:53:00+00:00,2026-06-29 22:00:00+00:00,1.757e-05,1.857e-05,1.859e-05,1.846e-05,1e-06,5.687,7,98.61,case1_divergence_fulfilled
ANSOM_C1KHGdzE,2026-06-29 14:49:00+00:00,2026-06-29 14:50:00+00:00,9.511e-05,9.319e-05,9.538e-05,0.00011598,-1.92e-06,-2.0165,1,0.0,case3_bearish_volume
ANSOM_C1KHGdzE,2026-06-29 14:51:00+00:00,2026-06-29 15:06:00+00:00,9.242e-05,0.00011793,0.00012136,0.00011598,2.551e-05,27.6071,15,88.15,case1_divergence_fulfilled
ANSOM_C1KHGdzE,2026-06-29 17:27:00+00:00,2026-06-29 17:29:00+00:00,9.152e-05,0.00010006,0.00010583,9.681e-05,8.54e-06,9.3312,2,59.64,case1_divergence_fulfilled
ANSOM_C1KHGdzE,2026-06-29 17:30:00+00:00,2026-06-29 17:31:00+00:00,0.0001024,0.00010007,0.0001024,9.681e-05,-2.33e-06,-2.2789,1,0.0,case1_divergence_fulfilled
ANSOM_C1KHGdzE,2026-06-29 17:32:00+00:00,2026-06-29 17:33:00+00:00,9.996e-05,9.867e-05,0.00010007,9.681e-05,-1.29e-06,-1.2896,1,0.0,case1_divergence_fulfilled
ANSOM_C1KHGdzE,2026-06-29 17:34:00+00:00,2026-06-29 17:35:00+00:00,9.855e-05,9.849e-05,0.00010008,9.681e-05,-6e-08,-0.0602,1,-3.87,case1_divergence_fulfilled
ANSOM_C1KHGdzE,2026-06-29 17:36:00+00:00,2026-06-29 17:37:00+00:00,0.00010096,9.729e-05,0.00010128,9.681e-05,-3.67e-06,-3.6344,1,0.0,case1_divergence_fulfilled
ANSOM_C1KHGdzE,2026-06-29 17:38:00+00:00,2026-06-29 17:39:00+00:00,9.857e-05,9.767e-05,9.974e-05,9.681e-05,-9e-07,-0.9144,1,-77.19,case1_divergence_fulfilled
ANSOM_C1KHGdzE,2026-06-29 18:04:00+00:00,2026-06-29 18:26:00+00:00,9.556e-05,0.00010871,0.00010972,0.0001032,1.314e-05,13.7541,22,92.81,case1_divergence_fulfilled
ANSOM_C1KHGdzE,2026-06-29 18:50:00+00:00,2026-06-29 18:53:00+00:00,0.00011591,0.00010385,0.00011815,0.00012601,-1.206e-05,-10.4028,3,-100.0,case3_bearish_volume
ANSOM_C1KHGdzE,2026-06-29 18:54:00+00:00,2026-06-29 19:21:00+00:00,0.00010026,0.00010605,0.00012169,0.00012601,5.79e-06,5.7726,27,27.01,case3_bearish_volume
ANSOM_C1KHGdzE,2026-06-29 19:46:00+00:00,2026-06-29 19:49:00+00:00,0.0001072,0.00011017,0.00011017,0.00010979,2.97e-06,2.7718,3,100.0,case1_divergence_fulfilled
ANSOM_C1KHGdzE,2026-06-29 19:50:00+00:00,2026-06-29 19:54:00+00:00,0.00010829,0.00011112,0.00011138,0.00010979,2.83e-06,2.6145,4,91.57,case1_divergence_fulfilled
ANSOM_C1KHGdzE,2026-06-29 21:52:00+00:00,2026-06-29 21:53:00+00:00,0.00014203,0.00014214,0.00014298,0.00012807,1.2e-07,0.0818,1,12.24,case1_divergence_fulfilled
ANSOM_C1KHGdzE,2026-06-29 21:54:00+00:00,2026-06-29 21:55:00+00:00,0.0001398,0.00014063,0.00014214,0.00012807,8.3e-07,0.5973,1,35.59,case1_divergence_fulfilled
ANSOM_C1KHGdzE,2026-06-29 21:56:00+00:00,2026-06-29 21:57:00+00:00,0.00013959,0.00014298,0.00014298,0.00012807,3.39e-06,2.4254,1,100.0,case1_divergence_fulfilled
ANSOM_C1KHGdzE,2026-06-29 21:58:00+00:00,2026-06-29 21:59:00+00:00,0.00013787,0.00013504,0.0001438,0.00012807,-2.83e-06,-2.0514,1,-47.7,case1_divergence_fulfilled
ANSOM_C1KHGdzE,2026-06-29 23:02:00+00:00,2026-06-29 23:04:00+00:00,0.00014437,0.00014745,0.00015036,0.00014479,3.09e-06,2.137,2,51.47,case1_divergence_fulfilled
ANSOM_C1KHGdzE,2026-06-29 23:05:00+00:00,2026-06-29 23:06:00+00:00,0.00015012,0.00014904,0.00015131,0.00014479,-1.08e-06,-0.7198,1,-90.32,case1_divergence_fulfilled
ANSOM_C1KHGdzE,2026-06-29 23:07:00+00:00,2026-06-29 23:08:00+00:00,0.00015075,0.00015359,0.00015379,0.00014479,2.84e-06,1.8849,1,93.46,case1_divergence_fulfilled
ANSOM_C1KHGdzE,2026-06-29 23:09:00+00:00,2026-06-29 23:10:00+00:00,0.0001499,0.0001512,0.00015379,0.00014479,1.29e-06,0.8635,1,33.33,case1_divergence_fulfilled
ANSOM_C1KHGdzE,2026-06-29 23:11:00+00:00,2026-06-29 23:12:00+00:00,0.00015467,0.00015338,0.00015515,0.00014479,-1.29e-06,-0.833,1,0.0,case1_divergence_fulfilled
ANSOM_C1KHGdzE,2026-06-29 23:13:00+00:00,2026-06-29 23:14:00+00:00,0.00015349,0.00015331,0.00015556,0.00014479,-1.8e-07,-0.1163,1,-8.63,case1_divergence_fulfilled
ANSOM_C1KHGdzE,2026-06-29 23:15:00+00:00,2026-06-29 23:16:00+00:00,0.0001532,0.00014973,0.00015461,0.00014479,-3.47e-06,-2.2623,1,-100.0,case1_divergence_fulfilled
ANSOM_C1KHGdzE,2026-06-29 23:17:00+00:00,2026-06-29 23:18:00+00:00,0.00014946,0.00015132,0.00015328,0.00014479,1.87e-06,1.2482,1,48.85,case1_divergence_fulfilled
ANSOM_C1KHGdzE,2026-06-29 23:19:00+00:00,2026-06-29 23:20:00+00:00,0.00015316,0.00015124,0.00015487,0.00014479,-1.92e-06,-1.2518,1,-100.0,case1_divergence_fulfilled
ANSOM_C1KHGdzE,2026-06-29 23:24:00+00:00,2026-06-29 23:25:00+00:00,0.00015267,0.00015564,0.00015564,0.00015316,2.97e-06,1.9466,1,100.0,case1_divergence_fulfilled
ANSOM_C1KHGdzE,2026-06-29 23:26:00+00:00,2026-06-29 23:30:00+00:00,0.00014874,0.00015433,0.00015564,0.00015316,5.59e-06,3.759,4,80.94,case1_divergence_fulfilled
ANSOM_C1KHGdzE,2026-06-29 23:31:00+00:00,2026-06-30 00:07:00+00:00,0.00015119,0.00016774,0.00018716,0.00015316,1.655e-05,10.9437,36,46.0,case1_divergence_fulfilled
ANSOM_C1KHGdzE,2026-06-30 00:08:00+00:00,2026-06-30 00:09:00+00:00,0.00017179,0.00017872,0.00018021,0.00012932,6.93e-06,4.0351,1,82.37,case1_divergence_fulfilled
ANSOM_C1KHGdzE,2026-06-30 00:10:00+00:00,2026-06-30 00:11:00+00:00,0.00018331,0.00018094,0.00018331,0.00012932,-2.37e-06,-1.295,1,0.0,case1_divergence_fulfilled
ANSOM_C1KHGdzE,2026-06-30 00:12:00+00:00,2026-06-30 00:13:00+00:00,0.00017778,0.00017494,0.00018234,0.00012932,-2.84e-06,-1.5974,1,-62.31,case1_divergence_fulfilled
ANSOM_C1KHGdzE,2026-06-30 00:14:00+00:00,2026-06-30 00:15:00+00:00,0.00017451,0.00017277,0.00017708,0.00012932,-1.74e-06,-0.9998,1,-68.05,case1_divergence_fulfilled
ANSOM_C1KHGdzE,2026-06-30 00:16:00+00:00,2026-06-30 00:17:00+00:00,0.0001739,0.0001727,0.00017601,0.00012932,-1.2e-06,-0.6897,1,-56.82,case1_divergence_fulfilled
ANSOM_C1KHGdzE,2026-06-30 00:18:00+00:00,2026-06-30 00:19:00+00:00,0.00017426,0.0001771,0.00017943,0.00012932,2.84e-06,1.6281,1,54.92,case1_divergence_fulfilled
ANSOM_C1KHGdzE,2026-06-30 02:42:00+00:00,2026-06-30 02:48:00+00:00,0.00014481,0.00015128,0.00015529,0.00014767,6.46e-06,4.4631,6,61.72,case1_divergence_fulfilled
ANSOM_C1KHGdzE,2026-06-30 02:49:00+00:00,2026-06-30 02:50:00+00:00,0.0001548,0.00015094,0.00015507,0.00014767,-3.85e-06,-2.4895,1,0.0,case1_divergence_fulfilled
ANSOM_C1KHGdzE,2026-06-30 04:31:00+00:00,2026-06-30 04:32:00+00:00,0.00014169,0.00014217,0.00014488,0.00013774,4.8e-07,0.3358,1,14.93,case1_divergence_fulfilled
ANSOM_C1KHGdzE,2026-06-30 04:33:00+00:00,2026-06-30 04:34:00+00:00,0.00014524,0.00014788,0.00015199,0.00013774,2.64e-06,1.8182,1,39.15,case1_divergence_fulfilled
ANSOM_C1KHGdzE,2026-06-30 04:35:00+00:00,2026-06-30 04:36:00+00:00,0.00015243,0.00014972,0.00015338,0.00013774,-2.71e-06,-1.7793,1,-100.0,case1_divergence_fulfilled
ANSOM_C1KHGdzE,2026-06-30 04:37:00+00:00,2026-06-30 04:38:00+00:00,0.00015016,0.00014574,0.00015214,0.00013774,-4.42e-06,-2.943,1,-100.0,case1_divergence_fulfilled
ANSOM_C1KHGdzE,2026-06-30 04:39:00+00:00,2026-06-30 04:40:00+00:00,0.00014506,0.00014741,0.00014855,0.00013774,2.35e-06,1.6224,1,67.37,case1_divergence_fulfilled
ANSOM_C1KHGdzE,2026-06-30 04:41:00+00:00,2026-06-30 04:42:00+00:00,0.00014795,0.00015112,0.00015112,0.00013774,3.17e-06,2.1402,1,100.0,case1_divergence_fulfilled
ANTOT_CcspXXLa,2026-06-30 04:06:00+00:00,2026-06-30 04:07:00+00:00,0.0004441,0.00049098,0.0004987,0.00041542,4.688e-05,10.5565,1,85.87,case1_divergence_fulfilled
ANTOT_CcspXXLa,2026-06-30 04:08:00+00:00,2026-06-30 04:09:00+00:00,0.00048439,0.00057785,0.00059147,0.00041542,9.346e-05,19.2946,1,87.28,case1_divergence_fulfilled
ANTOT_CcspXXLa,2026-06-30 04:10:00+00:00,2026-06-30 04:11:00+00:00,0.00056052,0.00052143,0.00064985,0.00041542,-3.909e-05,-6.9734,1,-43.76,case1_divergence_fulfilled
ANTOT_CcspXXLa,2026-06-30 04:12:00+00:00,2026-06-30 04:13:00+00:00,0.00052945,0.00056031,0.00056196,0.00041542,3.085e-05,5.8274,1,94.91,case1_divergence_fulfilled
ANTOT_CcspXXLa,2026-06-30 04:14:00+00:00,2026-06-30 04:15:00+00:00,0.0004839,0.00048872,0.00058628,0.00041542,4.82e-06,0.997,1,4.71,case1_divergence_fulfilled
ANTOT_CcspXXLa,2026-06-30 04:16:00+00:00,2026-06-30 04:17:00+00:00,0.00051035,0.00052299,0.00055712,0.00041542,1.264e-05,2.4771,1,27.03,case1_divergence_fulfilled
ANTOT_CcspXXLa,2026-06-30 04:23:00+00:00,2026-06-30 04:24:00+00:00,0.00053258,0.00054428,0.00060715,0.00052299,1.17e-05,2.197,1,15.69,case1_divergence_fulfilled
ANTOT_CcspXXLa,2026-06-30 04:25:00+00:00,2026-06-30 04:26:00+00:00,0.00049414,0.00058805,0.00059257,0.00052299,9.391e-05,19.0044,1,95.4,case1_divergence_fulfilled
ANTOT_CcspXXLa,2026-06-30 04:27:00+00:00,2026-06-30 04:28:00+00:00,0.00061854,0.00070218,0.00070965,0.00052299,8.364e-05,13.5224,1,91.8,case1_divergence_fulfilled
BFS_CBbQ1DFi,2026-06-29 22:08:00+00:00,2026-06-29 22:09:00+00:00,5.54e-06,5.61e-06,5.65e-06,5.61e-06,7e-08,1.3164,1,66.2,case1_divergence_fulfilled
BFS_CBbQ1DFi,2026-06-29 22:10:00+00:00,2026-06-29 22:11:00+00:00,5.64e-06,5.66e-06,5.73e-06,5.61e-06,2e-08,0.414,1,24.22,case1_divergence_fulfilled
BFS_CBbQ1DFi,2026-06-29 22:12:00+00:00,2026-06-29 22:13:00+00:00,5.64e-06,5.63e-06,5.73e-06,5.61e-06,-1e-08,-0.1477,1,-8.72,case1_divergence_fulfilled
BFS_CBbQ1DFi,2026-06-29 22:14:00+00:00,2026-06-29 22:15:00+00:00,5.72e-06,5.8e-06,5.81e-06,5.61e-06,8e-08,1.4203,1,87.81,case1_divergence_fulfilled
BFS_CBbQ1DFi,2026-06-30 00:23:00+00:00,2026-06-30 00:29:00+00:00,9.37e-06,9.68e-06,9.72e-06,9.65e-06,3.2e-07,3.3644,6,90.06,case1_divergence_fulfilled
BFS_CBbQ1DFi,2026-06-30 00:30:00+00:00,2026-06-30 00:32:00+00:00,9.74e-06,9.67e-06,9.8e-06,9.65e-06,-8e-08,-0.8163,2,-100.0,case1_divergence_fulfilled
BFS_CBbQ1DFi,2026-06-30 00:33:00+00:00,2026-06-30 00:34:00+00:00,9.75e-06,1.001e-05,1.005e-05,9.65e-06,2.6e-07,2.6424,1,86.1,case1_divergence_fulfilled
BFS_CBbQ1DFi,2026-06-30 01:45:00+00:00,2026-06-30 01:46:00+00:00,1.249e-05,1.245e-05,1.261e-05,1.21e-05,-4e-08,-0.3584,1,-37.8,case1_divergence_fulfilled
BFS_CBbQ1DFi,2026-06-30 01:47:00+00:00,2026-06-30 01:48:00+00:00,1.251e-05,1.234e-05,1.267e-05,1.21e-05,-1.7e-07,-1.3807,1,-100.0,case1_divergence_fulfilled
BFS_CBbQ1DFi,2026-06-30 01:49:00+00:00,2026-06-30 01:50:00+00:00,1.218e-05,1.211e-05,1.246e-05,1.21e-05,-7e-08,-0.6086,1,-27.05,case1_divergence_fulfilled
BFS_CBbQ1DFi,2026-06-30 01:51:00+00:00,2026-06-30 01:54:00+00:00,1.216e-05,1.21e-05,1.235e-05,1.21e-05,-6e-08,-0.4656,3,-29.54,case1_divergence_fulfilled
BULLCAT_Hh6ajgHB,2026-06-29 17:30:00+00:00,2026-06-29 17:32:00+00:00,0.00061011,0.00066481,0.00066481,0.00052805,5.471e-05,8.967,2,100.0,case1_divergence_fulfilled
BULLCAT_Hh6ajgHB,2026-06-29 17:33:00+00:00,2026-06-29 17:34:00+00:00,0.00064432,0.00062753,0.00069222,0.00052805,-1.679e-05,-2.6051,1,-35.04,case1_divergence_fulfilled
BULLCAT_Hh6ajgHB,2026-06-29 19:11:00+00:00,2026-06-29 19:53:00+00:00,0.00090037,0.00060815,0.00092246,0.00097116,-0.00029222,-32.4556,42,-100.0,case3_bearish_volume
BULLCAT_Hh6ajgHB,2026-06-29 20:35:00+00:00,2026-06-29 20:50:00+00:00,0.00099572,0.0008248,0.00103236,0.00120944,-0.00017092,-17.1651,15,-100.0,case3_bearish_volume
BULLCAT_Hh6ajgHB,2026-06-29 21:41:00+00:00,2026-06-29 21:46:00+00:00,0.0007464,0.00074273,0.0007532,0.00074624,-3.67e-06,-0.4921,5,-54.01,case3_bearish_volume
BULLCAT_Hh6ajgHB,2026-06-29 23:13:00+00:00,2026-06-29 23:14:00+00:00,0.00101817,0.00101987,0.00101987,0.00099556,1.7e-06,0.1672,1,0.0,case1_divergence_fulfilled
BULLCAT_Hh6ajgHB,2026-06-29 23:15:00+00:00,2026-06-29 23:16:00+00:00,0.00101867,0.00101334,0.00102907,0.00099556,-5.33e-06,-0.5234,1,-51.23,case1_divergence_fulfilled
BULLCAT_Hh6ajgHB,2026-06-29 23:17:00+00:00,2026-06-29 23:45:00+00:00,0.00100731,0.00087755,0.00102263,0.00099556,-0.00012976,-12.8814,28,-100.0,case3_bearish_volume
BULLCAT_Hh6ajgHB,2026-06-30 00:59:00+00:00,2026-06-30 01:13:00+00:00,0.00131594,0.00122835,0.00133715,0.00120865,-8.76e-05,-6.6566,14,-100.0,case1_divergence_fulfilled
BULLCAT_Hh6ajgHB,2026-06-30 01:14:00+00:00,2026-06-30 01:29:00+00:00,0.0012374,0.00132675,0.00133908,0.00131594,8.936e-05,7.2215,15,87.88,case1_divergence_fulfilled
BULLCAT_Hh6ajgHB,2026-06-30 02:40:00+00:00,2026-06-30 02:47:00+00:00,0.0011289,0.0010513,0.0013284,0.00133644,-7.759e-05,-6.8734,7,-38.89,case3_bearish_volume
BULLCAT_Hh6ajgHB,2026-06-30 02:48:00+00:00,2026-06-30 03:26:00+00:00,0.00103738,0.00074087,0.00113438,0.00133644,-0.0002965,-28.582,38,-100.0,case3_bearish_volume
BULLCAT_Hh6ajgHB,2026-06-30 03:27:00+00:00,2026-06-30 03:30:00+00:00,0.00070649,0.0006364,0.0007495,0.00083259,-7.009e-05,-9.9211,3,-100.0,case3_bearish_volume
BULLCAT_Hh6ajgHB,2026-06-30 03:31:00+00:00,2026-06-30 04:36:00+00:00,0.00064891,0.00064781,0.00073522,0.00083259,-1.1e-06,-0.17,65,-1.28,case3_bearish_volume
BULLCAT_Hh6ajgHB,2026-06-30 06:37:00+00:00,2026-06-30 06:43:00+00:00,0.00046349,0.00041806,0.00046923,0.00047944,-4.543e-05,-9.8016,5,-100.0,case3_bearish_volume
BULLCAT_Hh6ajgHB,2026-06-30 06:44:00+00:00,2026-06-30 06:49:00+00:00,0.00039546,0.00040208,0.00041806,0.00047944,6.61e-06,1.6726,5,29.27,end_of_data
COBIE_GfTK2p1q,2026-06-29 18:17:00+00:00,2026-06-29 18:20:00+00:00,8.315e-05,8.985e-05,9.044e-05,8.813e-05,6.7e-06,8.0591,3,91.92,case1_divergence_fulfilled
COBIE_GfTK2p1q,2026-06-29 18:21:00+00:00,2026-06-29 18:26:00+00:00,8.67e-05,9.118e-05,9.149e-05,8.813e-05,4.48e-06,5.1649,5,93.5,case1_divergence_fulfilled
COBIE_GfTK2p1q,2026-06-29 18:27:00+00:00,2026-06-29 18:28:00+00:00,9.352e-05,9.644e-05,9.704e-05,8.985e-05,2.92e-06,3.1244,1,82.95,case1_divergence_fulfilled
COBIE_GfTK2p1q,2026-06-29 18:29:00+00:00,2026-06-29 18:30:00+00:00,9.938e-05,9.848e-05,0.00010061,8.985e-05,-9e-07,-0.9063,1,-73.25,case1_divergence_fulfilled
COBIE_GfTK2p1q,2026-06-29 18:31:00+00:00,2026-06-29 18:32:00+00:00,0.00010279,9.628e-05,0.00010388,8.985e-05,-6.5e-06,-6.3281,1,-100.0,case1_divergence_fulfilled
COBIE_GfTK2p1q,2026-06-29 18:33:00+00:00,2026-06-29 18:34:00+00:00,9.766e-05,9.726e-05,0.00010028,8.985e-05,-4e-07,-0.41,1,-15.34,case1_divergence_fulfilled
COBIE_GfTK2p1q,2026-06-29 18:35:00+00:00,2026-06-29 18:36:00+00:00,9.416e-05,9.074e-05,9.778e-05,8.985e-05,-3.42e-06,-3.6338,1,-94.62,case1_divergence_fulfilled
COBIE_GfTK2p1q,2026-06-29 18:37:00+00:00,2026-06-29 18:40:00+00:00,8.581e-05,9.023e-05,9.135e-05,8.985e-05,4.41e-06,5.1412,3,79.71,case1_divergence_fulfilled
FISSION_5zQqi7Kg,2026-06-30 00:10:00+00:00,2026-06-30 02:08:00+00:00,4.53e-06,5.63e-06,5.63e-06,5.52e-06,1.09e-06,24.1599,118,100.0,case1_divergence_fulfilled
IRAN_HPAHLFzi,2026-06-30 05:42:00+00:00,2026-06-30 05:46:00+00:00,1.198e-05,1.229e-05,1.238e-05,1.227e-05,3.2e-07,2.6466,4,79.23,case1_divergence_fulfilled
IRAN_HPAHLFzi,2026-06-30 05:47:00+00:00,2026-06-30 05:48:00+00:00,1.226e-05,1.251e-05,1.256e-05,1.227e-05,2.5e-07,2.0334,1,84.55,case1_divergence_fulfilled
IRAN_HPAHLFzi,2026-06-30 05:49:00+00:00,2026-06-30 05:50:00+00:00,1.258e-05,1.276e-05,1.276e-05,1.227e-05,1.7e-07,1.3887,1,100.0,case1_divergence_fulfilled
IRAN_HPAHLFzi,2026-06-30 05:51:00+00:00,2026-06-30 05:52:00+00:00,1.264e-05,1.261e-05,1.284e-05,1.227e-05,-3e-08,-0.2514,1,-16.02,case1_divergence_fulfilled
IRAN_HPAHLFzi,2026-06-30 05:53:00+00:00,2026-06-30 05:54:00+00:00,1.268e-05,1.28e-05,1.288e-05,1.227e-05,1.2e-07,0.9428,1,58.55,case1_divergence_fulfilled
IRAN_HPAHLFzi,2026-06-30 05:55:00+00:00,2026-06-30 05:56:00+00:00,1.282e-05,1.279e-05,1.292e-05,1.227e-05,-3e-08,-0.2717,1,-34.51,case1_divergence_fulfilled
IRAN_HPAHLFzi,2026-06-30 05:57:00+00:00,2026-06-30 05:58:00+00:00,1.298e-05,1.28e-05,1.308e-05,1.227e-05,-1.8e-07,-1.4156,1,-100.0,case1_divergence_fulfilled
IRAN_HPAHLFzi,2026-06-30 05:59:00+00:00,2026-06-30 06:00:00+00:00,1.282e-05,1.263e-05,1.286e-05,1.227e-05,-1.9e-07,-1.5011,1,0.0,case1_divergence_fulfilled
IRAN_J3UZo1f9,2026-06-30 00:34:00+00:00,2026-06-30 00:35:00+00:00,3.14e-06,3.11e-06,3.18e-06,3.03e-06,-3e-08,-1.0176,1,-77.49,case1_divergence_fulfilled
IRAN_J3UZo1f9,2026-06-30 00:36:00+00:00,2026-06-30 00:37:00+00:00,3.14e-06,3.17e-06,3.23e-06,3.03e-06,3e-08,0.8044,1,28.54,case1_divergence_fulfilled
IRAN_J3UZo1f9,2026-06-30 00:38:00+00:00,2026-06-30 00:39:00+00:00,3.34e-06,3.41e-06,3.45e-06,3.03e-06,7e-08,2.1511,1,63.09,case1_divergence_fulfilled
IRAN_J3UZo1f9,2026-06-30 00:40:00+00:00,2026-06-30 00:41:00+00:00,3.41e-06,3.42e-06,3.49e-06,3.03e-06,0.0,0.0857,1,3.89,case1_divergence_fulfilled
IRAN_J3UZo1f9,2026-06-30 00:42:00+00:00,2026-06-30 00:43:00+00:00,3.4e-06,3.35e-06,3.42e-06,3.03e-06,-4e-08,-1.3013,1,-100.0,case1_divergence_fulfilled
IRAN_J3UZo1f9,2026-06-30 00:44:00+00:00,2026-06-30 00:45:00+00:00,3.31e-06,3.32e-06,3.43e-06,3.03e-06,1e-08,0.287,1,8.12,case1_divergence_fulfilled
IRAN_J3UZo1f9,2026-06-30 00:46:00+00:00,2026-06-30 00:47:00+00:00,3.43e-06,3.49e-06,3.53e-06,3.03e-06,6e-08,1.892,1,67.14,case1_divergence_fulfilled
IRAN_J3UZo1f9,2026-06-30 02:06:00+00:00,2026-06-30 04:47:00+00:00,5.11e-06,2.91e-06,5.34e-06,5.31e-06,-2.2e-06,-43.0824,161,-100.0,end_of_data
KALSHI_7gNxF7Ps,2026-06-30 06:41:00+00:00,2026-06-30 06:42:00+00:00,1.428e-05,1.429e-05,1.442e-05,1.415e-05,1e-08,0.0391,1,4.14,case1_divergence_fulfilled
KALSHI_7gNxF7Ps,2026-06-30 06:43:00+00:00,2026-06-30 06:44:00+00:00,1.447e-05,1.453e-05,1.454e-05,1.415e-05,6e-08,0.3852,1,0.0,case1_divergence_fulfilled
MMGA_AUnGegrD,2026-06-29 22:17:00+00:00,2026-06-29 22:19:00+00:00,0.00011773,0.00012497,0.0001255,0.00012422,7.24e-06,6.1492,2,93.23,case1_divergence_fulfilled
MMGA_AUnGegrD,2026-06-29 22:20:00+00:00,2026-06-29 22:21:00+00:00,0.00012656,0.00012822,0.00012841,0.00012422,1.66e-06,1.3142,1,89.82,case1_divergence_fulfilled
MMGA_AUnGegrD,2026-06-29 22:22:00+00:00,2026-06-29 22:23:00+00:00,0.00012784,0.00012466,0.00012825,0.00012422,-3.19e-06,-2.4921,1,0.0,case1_divergence_fulfilled
MMGA_AUnGegrD,2026-06-29 22:24:00+00:00,2026-06-29 22:25:00+00:00,0.00012746,0.00012602,0.00012758,0.00012422,-1.44e-06,-1.1264,1,0.0,case1_divergence_fulfilled
MMGA_EkPVEbbQ,2026-06-29 21:25:00+00:00,2026-06-29 21:26:00+00:00,0.00044306,0.00045308,0.00046087,0.00043935,1.002e-05,2.2615,1,56.26,case1_divergence_fulfilled
MMGA_EkPVEbbQ,2026-06-29 21:27:00+00:00,2026-06-29 21:28:00+00:00,0.0004562,0.00046772,0.00047112,0.00043935,1.152e-05,2.5252,1,77.2,case1_divergence_fulfilled
MMGA_EkPVEbbQ,2026-06-29 21:29:00+00:00,2026-06-29 21:30:00+00:00,0.0004849,0.00046708,0.00049849,0.00043935,-1.781e-05,-3.6738,1,-100.0,case1_divergence_fulfilled
MMGA_EkPVEbbQ,2026-06-29 21:31:00+00:00,2026-06-29 21:32:00+00:00,0.00042598,0.00048331,0.00049005,0.00043935,5.733e-05,13.4582,1,89.49,case1_divergence_fulfilled
MMGA_EkPVEbbQ,2026-06-29 21:33:00+00:00,2026-06-29 21:34:00+00:00,0.00046243,0.00044975,0.00049586,0.00043935,-1.269e-05,-2.7432,1,-37.96,case1_divergence_fulfilled
MMGA_EkPVEbbQ,2026-06-29 23:35:00+00:00,2026-06-29 23:36:00+00:00,0.00023219,0.00025239,0.00028586,0.00022566,2.02e-05,8.6981,1,37.63,case1_divergence_fulfilled
MMGA_EkPVEbbQ,2026-06-29 23:37:00+00:00,2026-06-29 23:38:00+00:00,0.00025718,0.00025602,0.0002716,0.00022566,-1.16e-06,-0.4502,1,-8.03,case1_divergence_fulfilled
MMGA_EkPVEbbQ,2026-06-29 23:39:00+00:00,2026-06-29 23:40:00+00:00,0.00023563,0.00024633,0.00025808,0.00022566,1.07e-05,4.541,1,47.67,case1_divergence_fulfilled
MMGA_EkPVEbbQ,2026-06-29 23:41:00+00:00,2026-06-29 23:42:00+00:00,0.00025192,0.00025494,0.00026814,0.00022566,3.01e-06,1.1961,1,18.58,case1_divergence_fulfilled
MMGA_EkPVEbbQ,2026-06-30 00:28:00+00:00,2026-06-30 00:45:00+00:00,0.00026596,0.00022864,0.0002755,0.00026065,-3.732e-05,-14.0336,17,-100.0,case3_bearish_volume
MMGA_EkPVEbbQ,2026-06-30 00:46:00+00:00,2026-06-30 00:54:00+00:00,0.00022924,0.00019626,0.00023626,0.00027219,-3.298e-05,-14.3867,8,-100.0,case3_bearish_volume
MMGA_EkPVEbbQ,2026-06-30 02:37:00+00:00,2026-06-30 02:44:00+00:00,0.00015367,0.00015912,0.00015997,0.00015717,5.46e-06,3.5504,7,86.57,case1_divergence_fulfilled
MMGA_EkPVEbbQ,2026-06-30 04:06:00+00:00,2026-06-30 04:07:00+00:00,0.00017075,0.00016706,0.00017256,0.00016161,-3.69e-06,-2.1616,1,-100.0,case1_divergence_fulfilled
MMGA_EkPVEbbQ,2026-06-30 04:08:00+00:00,2026-06-30 04:09:00+00:00,0.00016197,0.00017136,0.00017136,0.00016161,9.39e-06,5.7944,1,100.0,case1_divergence_fulfilled
MMGA_EkPVEbbQ,2026-06-30 04:10:00+00:00,2026-06-30 04:11:00+00:00,0.00017878,0.00019391,0.00020273,0.00016161,1.513e-05,8.4628,1,63.17,case1_divergence_fulfilled
MMGA_EkPVEbbQ,2026-06-30 04:55:00+00:00,2026-06-30 05:34:00+00:00,0.00011971,9.217e-05,0.00013995,0.00014038,-2.754e-05,-23.0057,39,-100.0,case3_bearish_volume
ONBOARD_8o6xnJsY,2026-06-29 11:25:00+00:00,2026-06-29 11:30:00+00:00,4.021e-05,4.022e-05,4.029e-05,3.988e-05,1e-08,0.0254,3,0.0,case1_divergence_fulfilled
ONBOARD_8o6xnJsY,2026-06-29 11:31:00+00:00,2026-06-29 11:33:00+00:00,3.969e-05,3.844e-05,4.022e-05,3.988e-05,-1.26e-06,-3.1658,1,-100.0,case3_bearish_volume
ONBOARD_8o6xnJsY,2026-06-29 11:34:00+00:00,2026-06-29 11:37:00+00:00,3.804e-05,3.78e-05,3.844e-05,3.988e-05,-2.4e-07,-0.6266,2,-59.49,case3_bearish_volume
ONBOARD_8o6xnJsY,2026-06-29 11:39:00+00:00,2026-06-29 11:43:00+00:00,3.761e-05,3.754e-05,3.78e-05,3.988e-05,-7e-08,-0.1982,2,0.0,case3_bearish_volume
ONBOARD_8o6xnJsY,2026-06-29 11:44:00+00:00,2026-06-29 11:46:00+00:00,3.934e-05,3.993e-05,3.993e-05,3.988e-05,5.9e-07,1.5063,1,100.0,case1_divergence_fulfilled
ONBOARD_8o6xnJsY,2026-06-29 15:16:00+00:00,2026-06-29 15:26:00+00:00,6.438e-05,6.12e-05,6.85e-05,7.946e-05,-3.18e-06,-4.9402,6,-77.15,case3_bearish_volume
ONBOARD_8o6xnJsY,2026-06-29 17:37:00+00:00,2026-06-29 17:38:00+00:00,4.979e-05,5.29e-05,5.508e-05,5.028e-05,3.1e-06,6.2348,1,58.72,case1_divergence_fulfilled
ONBOARD_8o6xnJsY,2026-06-29 17:39:00+00:00,2026-06-29 17:40:00+00:00,5.167e-05,5.17e-05,5.29e-05,5.028e-05,3e-08,0.0531,1,2.25,case1_divergence_fulfilled
ONBOARD_8o6xnJsY,2026-06-29 17:42:00+00:00,2026-06-29 17:44:00+00:00,5.126e-05,5.471e-05,5.628e-05,5.028e-05,3.44e-06,6.7152,1,68.66,case1_divergence_fulfilled
ONBOARD_8o6xnJsY,2026-06-29 17:45:00+00:00,2026-06-29 17:46:00+00:00,5.459e-05,5.549e-05,5.589e-05,5.028e-05,8.9e-07,1.6381,1,69.1,case1_divergence_fulfilled
ONBOARD_8o6xnJsY,2026-06-29 18:01:00+00:00,2026-06-29 18:04:00+00:00,5.665e-05,5.657e-05,5.742e-05,5.549e-05,-8e-08,-0.1336,1,-9.77,case1_divergence_fulfilled
ONBOARD_8o6xnJsY,2026-06-29 18:05:00+00:00,2026-06-29 18:06:00+00:00,5.622e-05,5.579e-05,5.657e-05,5.549e-05,-4.3e-07,-0.7591,1,-100.0,case1_divergence_fulfilled
ONBOARD_8o6xnJsY,2026-06-29 18:09:00+00:00,2026-06-29 18:10:00+00:00,7.615e-05,7.462e-05,8.358e-05,5.549e-05,-1.53e-06,-2.0156,1,-20.68,case1_divergence_fulfilled
ONBOARD_8o6xnJsY,2026-06-30 01:20:00+00:00,2026-06-30 01:22:00+00:00,0.00017775,0.00016776,0.00017775,0.00020024,-9.99e-06,-5.6204,2,0.0,case3_bearish_volume
ONBOARD_8o6xnJsY,2026-06-30 01:23:00+00:00,2026-06-30 01:29:00+00:00,0.00016509,0.00014032,0.00017032,0.00020024,-2.477e-05,-15.0026,6,-100.0,case3_bearish_volume
ONBOARD_8o6xnJsY,2026-06-30 01:30:00+00:00,2026-06-30 01:45:00+00:00,0.00014797,0.00025024,0.00030241,0.00020024,0.00010228,69.1202,15,66.22,case1_divergence_fulfilled
ONBOARD_8o6xnJsY,2026-06-30 03:37:00+00:00,2026-06-30 03:38:00+00:00,0.00012228,0.00011316,0.00012399,0.00011883,-9.13e-06,-7.4634,1,-100.0,case3_bearish_volume
ONBOARD_8o6xnJsY,2026-06-30 03:39:00+00:00,2026-06-30 03:43:00+00:00,0.00011429,0.00011907,0.00011907,0.00011883,4.78e-06,4.1825,4,100.0,case1_divergence_fulfilled
ONBOARD_8o6xnJsY,2026-06-30 06:16:00+00:00,2026-06-30 06:18:00+00:00,8.445e-05,8.758e-05,8.968e-05,8.986e-05,3.14e-06,3.7139,2,59.96,case3_bearish_volume
ONBOARD_8o6xnJsY,2026-06-30 06:19:00+00:00,2026-06-30 06:20:00+00:00,8.726e-05,8.46e-05,8.758e-05,8.986e-05,-2.66e-06,-3.0473,1,0.0,case3_bearish_volume
ONBOARD_8o6xnJsY,2026-06-30 06:21:00+00:00,2026-06-30 06:22:00+00:00,9.297e-05,9.081e-05,9.297e-05,8.986e-05,-2.15e-06,-2.3164,1,0.0,case1_divergence_fulfilled
ONBOARD_8o6xnJsY,2026-06-30 06:37:00+00:00,2026-06-30 06:44:00+00:00,8.199e-05,7.991e-05,8.311e-05,9.297e-05,-2.08e-06,-2.5338,6,-100.0,case3_bearish_volume
ONBOARD_8o6xnJsY,2026-06-30 06:45:00+00:00,2026-06-30 06:49:00+00:00,8.037e-05,9.307e-05,9.307e-05,9.297e-05,1.27e-05,15.8064,4,100.0,case1_divergence_fulfilled
PEPEME_7nQnT9eV,2026-06-30 00:07:00+00:00,2026-06-30 00:34:00+00:00,3.06e-06,3.34e-06,3.38e-06,3.33e-06,2.9e-07,9.3915,27,90.39,case1_divergence_fulfilled
PEPEME_7nQnT9eV,2026-06-30 03:31:00+00:00,2026-06-30 03:32:00+00:00,4.38e-06,4.36e-06,4.39e-06,4.36e-06,-2e-08,-0.3559,1,0.0,case1_divergence_fulfilled
PEPEME_7nQnT9eV,2026-06-30 03:33:00+00:00,2026-06-30 03:42:00+00:00,4.35e-06,4.37e-06,4.37e-06,4.36e-06,2e-08,0.416,9,75.87,case1_divergence_fulfilled
PEPEME_7nQnT9eV,2026-06-30 06:15:00+00:00,2026-06-30 06:29:00+00:00,4.42e-06,4.46e-06,4.46e-06,4.46e-06,4e-08,1.0101,14,98.44,case1_divergence_fulfilled
PEPEME_7nQnT9eV,2026-06-30 06:36:00+00:00,2026-06-30 06:45:00+00:00,4.46e-06,4.45e-06,4.46e-06,4.46e-06,-1e-08,-0.1298,9,0.0,end_of_data
Pompliano_CyTMmm81,2026-06-29 23:19:00+00:00,2026-06-29 23:24:00+00:00,0.00013959,0.00014627,0.00014661,0.00014597,6.68e-06,4.7864,5,95.1,case1_divergence_fulfilled
Pompliano_CyTMmm81,2026-06-30 01:00:00+00:00,2026-06-30 01:11:00+00:00,0.00018706,0.00020326,0.00020818,0.00019256,1.62e-05,8.6612,11,76.72,case1_divergence_fulfilled
Pompliano_CyTMmm81,2026-06-30 01:12:00+00:00,2026-06-30 01:13:00+00:00,0.00021667,0.0002242,0.00022574,0.00018706,7.52e-06,3.4711,1,82.97,case1_divergence_fulfilled
Pompliano_CyTMmm81,2026-06-30 01:14:00+00:00,2026-06-30 01:15:00+00:00,0.00022455,0.00021872,0.00022895,0.00018706,-5.83e-06,-2.5951,1,-100.0,case1_divergence_fulfilled
Pompliano_CyTMmm81,2026-06-30 01:16:00+00:00,2026-06-30 01:17:00+00:00,0.00021055,0.00020679,0.00021935,0.00018706,-3.77e-06,-1.7903,1,-42.87,case1_divergence_fulfilled
Pompliano_CyTMmm81,2026-06-30 01:18:00+00:00,2026-06-30 01:19:00+00:00,0.00020857,0.00021306,0.00021869,0.00018706,4.49e-06,2.1527,1,44.37,case1_divergence_fulfilled
Potato_Fd35pvzQ,2026-06-29 15:21:00+00:00,2026-06-29 15:22:00+00:00,9.112e-05,9.644e-05,9.726e-05,9.431e-05,5.32e-06,5.837,1,86.66,case1_divergence_fulfilled
Potato_Fd35pvzQ,2026-06-29 15:23:00+00:00,2026-06-29 15:24:00+00:00,0.00010026,0.0001003,0.00010071,9.431e-05,3e-08,0.0333,1,0.0,case1_divergence_fulfilled
Potato_Fd35pvzQ,2026-06-29 15:25:00+00:00,2026-06-29 15:27:00+00:00,9.644e-05,9.644e-05,0.0001003,9.431e-05,-1e-08,-0.0073,1,-0.18,case1_divergence_fulfilled
Potato_Fd35pvzQ,2026-06-29 15:28:00+00:00,2026-06-29 15:29:00+00:00,9.603e-05,9.487e-05,9.837e-05,9.431e-05,-1.16e-06,-1.2111,1,-49.72,case1_divergence_fulfilled
Potato_Fd35pvzQ,2026-06-29 15:30:00+00:00,2026-06-29 15:33:00+00:00,9.944e-05,9.536e-05,9.98e-05,9.431e-05,-4.08e-06,-4.0987,2,0.0,case1_divergence_fulfilled
Potato_Fd35pvzQ,2026-06-29 19:47:00+00:00,2026-06-29 20:12:00+00:00,0.0001599,0.00018696,0.00018953,0.00017687,2.707e-05,16.9268,25,91.35,case1_divergence_fulfilled
Potato_Fd35pvzQ,2026-06-29 21:40:00+00:00,2026-06-29 21:44:00+00:00,0.00060082,0.0005307,0.00061399,0.00065814,-7.012e-05,-11.6713,4,-100.0,case3_bearish_volume
Potato_Fd35pvzQ,2026-06-29 21:45:00+00:00,2026-06-29 22:12:00+00:00,0.00052424,0.00066156,0.00071788,0.00065814,0.00013732,26.1942,27,70.91,case1_divergence_fulfilled
Potato_Fd35pvzQ,2026-06-29 23:59:00+00:00,2026-06-30 00:00:00+00:00,0.00070605,0.00074063,0.00075644,0.00063738,3.458e-05,4.8979,1,68.64,case1_divergence_fulfilled
Potato_Fd35pvzQ,2026-06-30 00:01:00+00:00,2026-06-30 00:02:00+00:00,0.00071882,0.00070219,0.0007608,0.00063738,-1.663e-05,-2.3139,1,-39.63,case1_divergence_fulfilled
Potato_Fd35pvzQ,2026-06-30 00:03:00+00:00,2026-06-30 00:04:00+00:00,0.00068159,0.00069657,0.00070219,0.00063738,1.498e-05,2.1974,1,72.7,case1_divergence_fulfilled
Potato_Fd35pvzQ,2026-06-30 00:05:00+00:00,2026-06-30 00:06:00+00:00,0.00066463,0.00065413,0.00069657,0.00063738,-1.051e-05,-1.5806,1,-32.89,case1_divergence_fulfilled
Potato_Fd35pvzQ,2026-06-30 00:07:00+00:00,2026-06-30 00:13:00+00:00,0.00065039,0.00065222,0.00067211,0.00063738,1.83e-06,0.281,6,8.41,case1_divergence_fulfilled
Potato_Fd35pvzQ,2026-06-30 00:20:00+00:00,2026-06-30 00:22:00+00:00,0.00061225,0.00067625,0.00070507,0.00065222,6.4e-05,10.4533,2,68.95,case1_divergence_fulfilled
Potato_Fd35pvzQ,2026-06-30 00:23:00+00:00,2026-06-30 00:27:00+00:00,0.00066533,0.00060295,0.00069589,0.00065222,-6.238e-05,-9.376,4,-100.0,case3_bearish_volume
Potato_Fd35pvzQ,2026-06-30 00:28:00+00:00,2026-06-30 01:08:00+00:00,0.00058289,0.00057631,0.00060627,0.00065222,-6.57e-06,-1.1277,40,-28.11,case2_bearish_obv_divergence
Potato_Fd35pvzQ,2026-06-30 02:57:00+00:00,2026-06-30 03:01:00+00:00,0.00062165,0.00055202,0.00064123,0.00077171,-6.963e-05,-11.2006,4,-100.0,case3_bearish_volume
Potato_Fd35pvzQ,2026-06-30 03:02:00+00:00,2026-06-30 03:44:00+00:00,0.00055855,0.00048636,0.00059939,0.00077171,-7.219e-05,-12.9247,41,-100.0,case3_bearish_volume
Potato_Fd35pvzQ,2026-06-30 04:24:00+00:00,2026-06-30 04:41:00+00:00,0.00034111,0.00037255,0.00037255,0.00036467,3.143e-05,9.2153,17,100.0,case1_divergence_fulfilled
SOL_8sKQHfjN,2026-06-29 14:52:00+00:00,2026-06-29 14:53:00+00:00,73.22391561,73.45340007,73.45340007,73.41432567,0.22948446,0.3134,1,0.0,case1_divergence_fulfilled
SOL_8sKQHfjN,2026-06-29 14:54:00+00:00,2026-06-29 14:55:00+00:00,73.7543333,73.72312413,73.80775412,73.41432567,-0.03120918,-0.0423,1,0.0,case1_divergence_fulfilled
SOL_8sKQHfjN,2026-06-29 14:56:00+00:00,2026-06-29 14:57:00+00:00,73.67020293,73.52645365,73.79852852,73.41432567,-0.14374928,-0.1951,1,0.0,case1_divergence_fulfilled
SOL_8sKQHfjN,2026-06-29 14:58:00+00:00,2026-06-29 14:59:00+00:00,73.41315978,73.62907681,73.69966821,73.41432567,0.21591703,0.2941,1,0.0,case1_divergence_fulfilled
SOL_8sKQHfjN,2026-06-29 15:00:00+00:00,2026-06-29 15:19:00+00:00,73.52914228,73.4567536,73.68653162,73.41432567,-0.07238868,-0.0984,19,0.0,case1_divergence_fulfilled
SOL_8sKQHfjN,2026-06-29 15:44:00+00:00,2026-06-29 15:48:00+00:00,73.97069702,73.90641173,73.97620452,74.3209858,-0.0642853,-0.0869,4,0.0,case3_bearish_volume
SOL_8sKQHfjN,2026-06-29 15:49:00+00:00,2026-06-29 15:50:00+00:00,73.95313589,74.1059791,74.11511525,73.97069702,0.15284321,0.2067,1,0.0,case1_divergence_fulfilled
SOL_8sKQHfjN,2026-06-29 15:51:00+00:00,2026-06-29 15:53:00+00:00,74.017381,74.07623428,74.14249033,73.97069702,0.05885328,0.0795,2,0.0,case1_divergence_fulfilled
SOL_8sKQHfjN,2026-06-29 15:54:00+00:00,2026-06-29 15:55:00+00:00,74.08929389,74.01360621,74.11973004,73.97069702,-0.07568768,-0.1022,1,0.0,case1_divergence_fulfilled
SOL_8sKQHfjN,2026-06-29 16:16:00+00:00,2026-06-29 16:47:00+00:00,73.56511028,73.95640295,73.95640295,73.69606365,0.39129267,0.5319,31,100.0,case1_divergence_fulfilled
SOL_8sKQHfjN,2026-06-29 18:32:00+00:00,2026-06-29 18:40:00+00:00,75.34558522,75.6430351,75.64326416,75.62579885,0.29744987,0.3948,8,0.0,case1_divergence_fulfilled
SOL_8sKQHfjN,2026-06-29 18:41:00+00:00,2026-06-29 18:42:00+00:00,75.65274281,75.65182031,75.69483389,75.62579885,-0.0009225,-0.0012,1,0.0,case1_divergence_fulfilled
SOL_8sKQHfjN,2026-06-29 18:43:00+00:00,2026-06-29 18:44:00+00:00,75.60171268,75.72966153,75.72966153,75.62579885,0.12794884,0.1692,1,0.0,case1_divergence_fulfilled
SOL_8sKQHfjN,2026-06-29 20:24:00+00:00,2026-06-29 20:56:00+00:00,75.61008193,75.32034997,75.68846112,75.7298362,-0.28973196,-0.3832,32,0.0,case3_bearish_volume
SOL_8sKQHfjN,2026-06-29 20:57:00+00:00,2026-06-29 21:04:00+00:00,75.33636513,75.31263843,75.466758,75.6884462,-0.0237267,-0.0315,7,0.0,case3_bearish_volume
SOL_8sKQHfjN,2026-06-29 22:21:00+00:00,2026-06-29 22:54:00+00:00,75.47627916,75.40974731,75.47679861,75.62464606,-0.06653184,-0.0881,33,0.0,case2_bearish_obv_divergence
SOL_8sKQHfjN,2026-06-29 22:55:00+00:00,2026-06-29 22:56:00+00:00,75.37629498,75.32615651,75.41195593,75.31886752,-0.05013847,-0.0665,1,0.0,case1_divergence_fulfilled
SOL_8sKQHfjN,2026-06-29 22:57:00+00:00,2026-06-29 23:03:00+00:00,75.1961712,75.32794659,75.3340016,75.31886752,0.13177539,0.1752,6,0.0,case1_divergence_fulfilled
SOL_8sKQHfjN,2026-06-29 23:47:00+00:00,2026-06-29 23:48:00+00:00,75.06718228,75.17967443,75.18299364,75.06616979,0.11249215,0.1499,1,0.0,case1_divergence_fulfilled
SOL_8sKQHfjN,2026-06-29 23:49:00+00:00,2026-06-29 23:50:00+00:00,75.11273032,75.10539951,75.18306298,75.06616979,-0.00733081,-0.0098,1,0.0,case1_divergence_fulfilled
SOL_8sKQHfjN,2026-06-29 23:51:00+00:00,2026-06-29 23:52:00+00:00,75.04026828,75.1038827,75.10539951,75.06616979,0.06361442,0.0848,1,0.0,case1_divergence_fulfilled
SOL_8sKQHfjN,2026-06-29 23:53:00+00:00,2026-06-29 23:59:00+00:00,75.05577104,75.11272573,75.11272573,75.06616979,0.05695469,0.0759,6,0.0,case1_divergence_fulfilled
SOL_8sKQHfjN,2026-06-30 00:00:00+00:00,2026-06-30 02:49:00+00:00,75.14690873,74.68556974,75.19678871,75.17967443,-0.46133899,-0.6139,169,0.0,case3_bearish_volume
SOL_8sKQHfjN,2026-06-30 04:46:00+00:00,2026-06-30 05:01:00+00:00,74.05965875,74.11646865,74.11646865,74.09266502,0.0568099,0.0767,15,0.0,case1_divergence_fulfilled
SOL_Cw4ttxYw,2026-06-30 03:00:00+00:00,2026-06-30 03:01:00+00:00,0.00174229,0.00173567,0.00182537,0.0017823,-6.62e-06,-0.3801,1,-7.97,case3_bearish_volume
SOL_Cw4ttxYw,2026-06-30 03:02:00+00:00,2026-06-30 03:04:00+00:00,0.00178555,0.00188026,0.0019551,0.0017823,9.471e-05,5.3044,2,55.86,case1_divergence_fulfilled
SOL_Cw4ttxYw,2026-06-30 03:05:00+00:00,2026-06-30 03:06:00+00:00,0.00220141,0.00220092,0.00234094,0.0017823,-4.8e-07,-0.022,1,-0.35,case1_divergence_fulfilled
SOL_Cw4ttxYw,2026-06-30 03:07:00+00:00,2026-06-30 03:08:00+00:00,0.00220567,0.002104,0.00242349,0.0017823,-0.00010167,-4.6095,1,-46.68,case1_divergence_fulfilled
SPCX_zsTiYdrr,2026-06-29 22:44:00+00:00,2026-06-29 22:45:00+00:00,3.69e-06,3.68e-06,3.71e-06,3.67e-06,-1e-08,-0.2363,1,-42.34,case1_divergence_fulfilled
SPCX_zsTiYdrr,2026-06-29 22:46:00+00:00,2026-06-29 22:47:00+00:00,3.66e-06,3.68e-06,3.73e-06,3.67e-06,2e-08,0.5819,1,29.45,case1_divergence_fulfilled
SPCX_zsTiYdrr,2026-06-29 22:48:00+00:00,2026-06-29 22:50:00+00:00,3.69e-06,3.68e-06,3.75e-06,3.67e-06,-1e-08,-0.3858,2,-24.55,case1_divergence_fulfilled
SPCX_zsTiYdrr,2026-06-29 22:51:00+00:00,2026-06-29 23:00:00+00:00,3.62e-06,3.75e-06,3.75e-06,3.67e-06,1.2e-07,3.4241,9,100.0,case1_divergence_fulfilled
SPCX_zsTiYdrr,2026-06-30 01:07:00+00:00,2026-06-30 01:20:00+00:00,5.14e-06,5.21e-06,5.24e-06,5.2e-06,8e-08,1.5111,13,72.71,case1_divergence_fulfilled
SPCX_zsTiYdrr,2026-06-30 01:44:00+00:00,2026-06-30 01:45:00+00:00,5.31e-06,5.37e-06,5.4e-06,5.33e-06,6e-08,1.1529,1,67.33,case1_divergence_fulfilled
SPCX_zsTiYdrr,2026-06-30 01:46:00+00:00,2026-06-30 01:47:00+00:00,5.41e-06,5.4e-06,5.45e-06,5.33e-06,-1e-08,-0.1527,1,-19.96,case1_divergence_fulfilled
SPCX_zsTiYdrr,2026-06-30 01:48:00+00:00,2026-06-30 01:49:00+00:00,5.31e-06,5.35e-06,5.41e-06,5.33e-06,4e-08,0.7981,1,40.91,case1_divergence_fulfilled
SPCX_zsTiYdrr,2026-06-30 01:50:00+00:00,2026-06-30 01:51:00+00:00,5.28e-06,5.34e-06,5.41e-06,5.33e-06,6e-08,1.1892,1,47.52,case1_divergence_fulfilled
SPCX_zsTiYdrr,2026-06-30 01:52:00+00:00,2026-06-30 02:08:00+00:00,5.3e-06,5.36e-06,5.38e-06,5.33e-06,6e-08,1.1873,16,73.91,case1_divergence_fulfilled
SPCX_zsTiYdrr,2026-06-30 02:23:00+00:00,2026-06-30 02:32:00+00:00,5.31e-06,5.35e-06,5.36e-06,5.35e-06,4e-08,0.839,9,95.06,case1_divergence_fulfilled
SPCX_zsTiYdrr,2026-06-30 03:20:00+00:00,2026-06-30 03:31:00+00:00,5.66e-06,5.7e-06,5.74e-06,5.66e-06,5e-08,0.7996,11,58.39,case1_divergence_fulfilled
SPCX_zsTiYdrr,2026-06-30 06:25:00+00:00,2026-06-30 06:39:00+00:00,8.13e-06,8.42e-06,8.43e-06,8.3e-06,2.9e-07,3.5273,14,97.89,case1_divergence_fulfilled
SUPERMAN_9u8KnTGm,2026-06-30 06:24:00+00:00,2026-06-30 06:28:00+00:00,0.00106847,0.00120597,0.00133274,0.00118732,0.00013751,12.8697,4,52.03,case1_divergence_fulfilled
SUPERMAN_9u8KnTGm,2026-06-30 06:29:00+00:00,2026-06-30 06:34:00+00:00,0.00122932,0.00119083,0.00131171,0.00118732,-3.849e-05,-3.1312,5,-46.72,case1_divergence_fulfilled
Speedrun_C93iMB1x,2026-06-29 15:05:00+00:00,2026-06-29 15:08:00+00:00,0.00036529,0.00043309,0.00049212,0.00040353,6.78e-05,18.5614,3,53.46,case1_divergence_fulfilled
Speedrun_C93iMB1x,2026-06-29 15:09:00+00:00,2026-06-29 15:10:00+00:00,0.00044513,0.0004117,0.00047044,0.00040353,-3.343e-05,-7.51,1,-100.0,case1_divergence_fulfilled
Speedrun_C93iMB1x,2026-06-29 15:11:00+00:00,2026-06-29 15:12:00+00:00,0.00046554,0.00044346,0.00046955,0.00040353,-2.208e-05,-4.7438,1,-100.0,case1_divergence_fulfilled
Speedrun_C93iMB1x,2026-06-29 15:13:00+00:00,2026-06-29 15:14:00+00:00,0.00043533,0.00042034,0.00048621,0.00040353,-1.499e-05,-3.4437,1,-29.47,case1_divergence_fulfilled
Speedrun_C93iMB1x,2026-06-29 15:15:00+00:00,2026-06-29 15:16:00+00:00,0.00038131,0.00044716,0.00045748,0.00040353,6.585e-05,17.2681,1,86.45,case1_divergence_fulfilled
Speedrun_C93iMB1x,2026-06-29 15:17:00+00:00,2026-06-29 15:18:00+00:00,0.00046114,0.00045631,0.00046741,0.00040353,-4.83e-06,-1.0467,1,-77.01,case1_divergence_fulfilled
Speedrun_C93iMB1x,2026-06-29 16:15:00+00:00,2026-06-29 16:28:00+00:00,0.0003433,0.00037192,0.0003853,0.00035438,2.862e-05,8.3368,13,68.15,case1_divergence_fulfilled
Speedrun_C93iMB1x,2026-06-29 17:34:00+00:00,2026-06-29 18:09:00+00:00,0.00034516,0.0002953,0.00041082,0.0004237,-4.987e-05,-14.4474,35,-75.95,case3_bearish_volume
Speedrun_C93iMB1x,2026-06-29 22:30:00+00:00,2026-06-29 22:31:00+00:00,0.00032051,0.00032781,0.00033137,0.00030517,7.3e-06,2.2779,1,67.22,case1_divergence_fulfilled
Speedrun_C93iMB1x,2026-06-29 22:32:00+00:00,2026-06-29 22:33:00+00:00,0.00033553,0.00035218,0.00035333,0.00030517,1.665e-05,4.9624,1,93.52,case1_divergence_fulfilled
Speedrun_C93iMB1x,2026-06-29 22:34:00+00:00,2026-06-29 22:35:00+00:00,0.00036038,0.00036849,0.00037723,0.00030517,8.1e-06,2.2478,1,48.08,case1_divergence_fulfilled
Speedrun_C93iMB1x,2026-06-29 22:36:00+00:00,2026-06-29 22:37:00+00:00,0.00036325,0.00037284,0.00039429,0.00030517,9.59e-06,2.6396,1,30.89,case1_divergence_fulfilled
Speedrun_C93iMB1x,2026-06-29 22:38:00+00:00,2026-06-29 22:39:00+00:00,0.00037661,0.00037583,0.00038132,0.00030517,-7.8e-07,-0.2068,1,-16.53,case1_divergence_fulfilled
Speedrun_C93iMB1x,2026-06-29 22:40:00+00:00,2026-06-29 22:41:00+00:00,0.00036436,0.0003721,0.00037855,0.00030517,7.74e-06,2.1248,1,54.54,case1_divergence_fulfilled
Speedrun_C93iMB1x,2026-06-29 22:42:00+00:00,2026-06-29 22:43:00+00:00,0.0003781,0.00037338,0.00038502,0.00030517,-4.72e-06,-1.2481,1,-68.25,case1_divergence_fulfilled
Speedrun_C93iMB1x,2026-06-29 23:42:00+00:00,2026-06-30 00:23:00+00:00,0.00033387,0.00028555,0.0003359,0.00032322,-4.832e-05,-14.4713,41,-100.0,case3_bearish_volume
Speedrun_C93iMB1x,2026-06-30 01:29:00+00:00,2026-06-30 01:43:00+00:00,0.00017922,0.00018999,0.00019206,0.00018915,1.077e-05,6.0067,13,83.86,case1_divergence_fulfilled
Speedrun_C93iMB1x,2026-06-30 01:44:00+00:00,2026-06-30 01:45:00+00:00,0.00019411,0.00019288,0.00019411,0.00018765,-1.23e-06,-0.634,1,0.0,case1_divergence_fulfilled
Speedrun_C93iMB1x,2026-06-30 01:46:00+00:00,2026-06-30 01:47:00+00:00,0.00020055,0.00019937,0.00020055,0.00018765,-1.18e-06,-0.5881,1,0.0,case1_divergence_fulfilled
Speedrun_C93iMB1x,2026-06-30 01:48:00+00:00,2026-06-30 01:49:00+00:00,0.00019732,0.00019983,0.00020178,0.00018765,2.51e-06,1.2746,1,56.4,case1_divergence_fulfilled
Speedrun_C93iMB1x,2026-06-30 01:50:00+00:00,2026-06-30 01:51:00+00:00,0.00020676,0.00021193,0.00021193,0.00018765,5.17e-06,2.4984,1,100.0,case1_divergence_fulfilled
Speedrun_C93iMB1x,2026-06-30 01:52:00+00:00,2026-06-30 01:53:00+00:00,0.00021394,0.00021418,0.0002166,0.00018765,2.4e-07,0.1133,1,9.13,case1_divergence_fulfilled
Speedrun_C93iMB1x,2026-06-30 01:54:00+00:00,2026-06-30 01:55:00+00:00,0.00022419,0.00022494,0.00022651,0.00018765,7.5e-07,0.3329,1,32.22,case1_divergence_fulfilled
Speedrun_C93iMB1x,2026-06-30 01:56:00+00:00,2026-06-30 01:57:00+00:00,0.00022804,0.00022066,0.00023308,0.00018765,-7.39e-06,-3.2392,1,-100.0,case1_divergence_fulfilled
Speedrun_C93iMB1x,2026-06-30 01:58:00+00:00,2026-06-30 01:59:00+00:00,0.0002287,0.00021497,0.0002292,0.00018765,-1.373e-05,-6.005,1,0.0,case1_divergence_fulfilled
Speedrun_C93iMB1x,2026-06-30 02:00:00+00:00,2026-06-30 02:01:00+00:00,0.00020894,0.00020884,0.00021775,0.00018765,-1e-07,-0.0485,1,-1.15,case1_divergence_fulfilled
Speedrun_C93iMB1x,2026-06-30 02:02:00+00:00,2026-06-30 02:03:00+00:00,0.00020756,0.00020689,0.00020889,0.00018765,-6.7e-07,-0.3223,1,-50.35,case1_divergence_fulfilled
Speedrun_C93iMB1x,2026-06-30 04:05:00+00:00,2026-06-30 04:18:00+00:00,0.00012493,0.0001196,0.00013835,0.00013957,-5.34e-06,-4.2704,13,-39.77,case3_bearish_volume
Speedrun_C93iMB1x,2026-06-30 04:19:00+00:00,2026-06-30 04:20:00+00:00,0.00012201,0.00011355,0.00012203,0.00013785,-8.46e-06,-6.9305,1,0.0,case3_bearish_volume
Speedrun_C93iMB1x,2026-06-30 04:21:00+00:00,2026-06-30 04:30:00+00:00,0.0001221,0.00014339,0.00014445,0.00013785,2.13e-05,17.4432,9,95.29,case1_divergence_fulfilled
TATE_B9c9dVwS,2026-06-29 15:31:00+00:00,2026-06-29 15:32:00+00:00,0.00159856,0.00154895,0.0016167,0.0017459,-4.962e-05,-3.1037,1,-100.0,case3_bearish_volume
TATE_B9c9dVwS,2026-06-29 15:33:00+00:00,2026-06-29 15:34:00+00:00,0.00157276,0.00152368,0.00157276,0.0017459,-4.908e-05,-3.1208,1,0.0,case3_bearish_volume
TATE_B9c9dVwS,2026-06-29 15:44:00+00:00,2026-06-29 15:45:00+00:00,0.00175311,0.00175203,0.00176848,0.00156497,-1.08e-06,-0.0616,1,-7.02,case1_divergence_fulfilled
TATE_B9c9dVwS,2026-06-29 15:46:00+00:00,2026-06-29 15:47:00+00:00,0.00177161,0.0017784,0.00178513,0.00156497,6.79e-06,0.3833,1,50.2,case1_divergence_fulfilled
TATE_B9c9dVwS,2026-06-29 15:48:00+00:00,2026-06-29 15:49:00+00:00,0.00179128,0.00179351,0.00181533,0.00156497,2.23e-06,0.1244,1,9.27,case1_divergence_fulfilled
TATE_B9c9dVwS,2026-06-29 15:50:00+00:00,2026-06-29 15:51:00+00:00,0.00185108,0.00189027,0.00189027,0.00156497,3.919e-05,2.1171,1,100.0,case1_divergence_fulfilled
TATE_B9c9dVwS,2026-06-29 15:52:00+00:00,2026-06-29 15:53:00+00:00,0.00188264,0.00188597,0.00191394,0.00156497,3.33e-06,0.1769,1,10.64,case1_divergence_fulfilled
TATE_B9c9dVwS,2026-06-29 15:54:00+00:00,2026-06-29 15:55:00+00:00,0.00172756,0.00156511,0.00189505,0.00156497,-0.00016245,-9.4033,1,-96.99,case1_divergence_fulfilled
TATE_B9c9dVwS,2026-06-29 15:56:00+00:00,2026-06-29 15:57:00+00:00,0.00167277,0.00165256,0.00169252,0.00156497,-2.02e-05,-1.2078,1,-100.0,case1_divergence_fulfilled
TATE_B9c9dVwS,2026-06-29 16:19:00+00:00,2026-06-29 16:23:00+00:00,0.00162875,0.00158661,0.00166594,0.00173023,-4.214e-05,-2.5874,4,-100.0,case3_bearish_volume
TATE_B9c9dVwS,2026-06-29 16:24:00+00:00,2026-06-29 16:26:00+00:00,0.00160576,0.0015316,0.00162697,0.00173023,-7.416e-05,-4.6185,2,-100.0,case3_bearish_volume
TATE_B9c9dVwS,2026-06-29 16:27:00+00:00,2026-06-29 16:32:00+00:00,0.0015609,0.00146784,0.001561,0.00173023,-9.306e-05,-5.9618,5,0.0,case3_bearish_volume
TATE_B9c9dVwS,2026-06-29 17:35:00+00:00,2026-06-29 17:36:00+00:00,0.00206035,0.00187034,0.00208878,0.00214937,-0.00019002,-9.2225,1,-100.0,case3_bearish_volume
TATE_B9c9dVwS,2026-06-29 17:37:00+00:00,2026-06-29 18:18:00+00:00,0.00180274,0.00177032,0.00213466,0.00214937,-3.242e-05,-1.7985,41,-9.77,case3_bearish_volume
TATE_B9c9dVwS,2026-06-29 18:47:00+00:00,2026-06-29 19:03:00+00:00,0.00159806,0.00146512,0.00166045,0.00180516,-0.00013295,-8.3192,16,-100.0,case3_bearish_volume
TATE_B9c9dVwS,2026-06-29 20:50:00+00:00,2026-06-29 20:52:00+00:00,0.00153984,0.00142563,0.00154511,0.00156783,-0.00011421,-7.417,2,0.0,case3_bearish_volume
TATE_B9c9dVwS,2026-06-29 20:53:00+00:00,2026-06-29 20:54:00+00:00,0.00141792,0.00137755,0.00143657,0.00156783,-4.037e-05,-2.847,1,-100.0,case3_bearish_volume
TATE_B9c9dVwS,2026-06-29 20:55:00+00:00,2026-06-29 21:22:00+00:00,0.00139063,0.00133129,0.00151049,0.00156783,-5.934e-05,-4.267,27,-49.5,case3_bearish_volume
TATE_B9c9dVwS,2026-06-29 22:59:00+00:00,2026-06-29 23:00:00+00:00,0.00142762,0.00135443,0.00142821,0.00133499,-7.318e-05,-5.1261,1,0.0,case1_divergence_fulfilled
TATE_B9c9dVwS,2026-06-29 23:01:00+00:00,2026-06-29 23:02:00+00:00,0.00135597,0.00134535,0.00135659,0.00133499,-1.062e-05,-0.7833,1,0.0,case1_divergence_fulfilled
TATE_B9c9dVwS,2026-06-29 23:03:00+00:00,2026-06-29 23:04:00+00:00,0.00134184,0.00132806,0.00135493,0.00133499,-1.378e-05,-1.0269,1,-100.0,case3_bearish_volume
TATE_B9c9dVwS,2026-06-29 23:05:00+00:00,2026-06-29 23:06:00+00:00,0.00134123,0.00132235,0.00134123,0.00133499,-1.888e-05,-1.4076,1,0.0,case3_bearish_volume
TATE_B9c9dVwS,2026-06-29 23:07:00+00:00,2026-06-29 23:23:00+00:00,0.00124673,0.00149737,0.00155502,0.00133499,0.00025064,20.1035,16,81.3,case1_divergence_fulfilled
TATE_B9c9dVwS,2026-06-30 01:17:00+00:00,2026-06-30 01:35:00+00:00,0.00124161,0.00132994,0.00132994,0.00132652,8.834e-05,7.1146,17,100.0,case1_divergence_fulfilled
TATE_B9c9dVwS,2026-06-30 04:45:00+00:00,2026-06-30 04:59:00+00:00,0.00074759,0.00078181,0.00086393,0.00086653,3.422e-05,4.5774,14,29.41,case3_bearish_volume
TATE_B9c9dVwS,2026-06-30 05:38:00+00:00,2026-06-30 05:39:00+00:00,0.00069065,0.00069984,0.0007004,0.00069858,9.19e-06,1.3313,1,94.3,case1_divergence_fulfilled
TATE_B9c9dVwS,2026-06-30 05:40:00+00:00,2026-06-30 05:51:00+00:00,0.00068302,0.00072201,0.00072201,0.00069858,3.899e-05,5.7088,11,100.0,case1_divergence_fulfilled
TATE_B9c9dVwS,2026-06-30 06:35:00+00:00,2026-06-30 06:51:00+00:00,0.00067244,0.00064055,0.00069975,0.00080501,-3.188e-05,-4.7415,16,-100.0,end_of_data
TESTIBULL_8jpRBNmg,2026-06-30 02:41:00+00:00,2026-06-30 02:47:00+00:00,0.002097,0.00170803,0.00236671,0.00240254,-0.00038897,-18.5489,6,-100.0,case3_bearish_volume
TESTIBULL_8jpRBNmg,2026-06-30 02:48:00+00:00,2026-06-30 03:44:00+00:00,0.00165492,0.00241802,0.00255924,0.00240254,0.0007631,46.1109,56,84.38,case1_divergence_fulfilled
TJR_Eg2SxQ3z,2026-06-29 13:48:00+00:00,2026-06-29 13:50:00+00:00,0.00037602,0.00038704,0.00038796,0.00037989,1.102e-05,2.9301,2,92.3,case1_divergence_fulfilled
TJR_Eg2SxQ3z,2026-06-29 13:51:00+00:00,2026-06-29 13:53:00+00:00,0.00036455,0.00033035,0.00038738,0.00037989,-3.42e-05,-9.3804,2,-100.0,case3_bearish_volume
TJR_Eg2SxQ3z,2026-06-29 18:07:00+00:00,2026-06-29 18:18:00+00:00,0.00038441,0.00043701,0.00044221,0.00042608,5.261e-05,13.6855,9,91.01,case1_divergence_fulfilled
TJR_Eg2SxQ3z,2026-06-29 22:02:00+00:00,2026-06-29 22:09:00+00:00,0.00042092,0.00041912,0.00042092,0.0004283,-1.8e-06,-0.4278,4,0.0,case3_bearish_volume
TJR_Eg2SxQ3z,2026-06-29 22:10:00+00:00,2026-06-29 22:14:00+00:00,0.00041788,0.00041149,0.00041912,0.0004283,-6.39e-06,-1.5295,2,0.0,case3_bearish_volume
TJR_Eg2SxQ3z,2026-06-29 22:16:00+00:00,2026-06-29 22:18:00+00:00,0.00040654,0.00139275,0.00161618,0.0004283,0.00098621,242.5835,1,81.53,case1_divergence_fulfilled
TJR_Eg2SxQ3z,2026-06-29 22:19:00+00:00,2026-06-29 22:20:00+00:00,0.00112867,0.0011901,0.00149812,0.0004283,6.143e-05,5.4426,1,16.63,case1_divergence_fulfilled
TJR_Eg2SxQ3z,2026-06-30 01:04:00+00:00,2026-06-30 01:05:00+00:00,0.00288944,0.00288417,0.0032424,0.00280184,-5.27e-06,-0.1824,1,-1.49,case1_divergence_fulfilled
TJR_Eg2SxQ3z,2026-06-30 01:06:00+00:00,2026-06-30 01:07:00+00:00,0.0028777,0.00280877,0.00300155,0.00280184,-6.893e-05,-2.3952,1,-55.65,case1_divergence_fulfilled
TJR_Eg2SxQ3z,2026-06-30 01:08:00+00:00,2026-06-30 01:22:00+00:00,0.0027266,0.00205135,0.0028256,0.00280184,-0.00067525,-24.7652,14,-100.0,case3_bearish_volume
TJR_Eg2SxQ3z,2026-06-30 02:39:00+00:00,2026-06-30 02:40:00+00:00,0.00256176,0.00243425,0.00262274,0.00261962,-0.00012751,-4.9775,1,-100.0,case3_bearish_volume
TJR_Eg2SxQ3z,2026-06-30 02:41:00+00:00,2026-06-30 02:44:00+00:00,0.00244274,0.00265169,0.00265169,0.00261962,0.00020896,8.5542,3,100.0,case1_divergence_fulfilled
TJR_Eg2SxQ3z,2026-06-30 06:10:00+00:00,2026-06-30 06:11:00+00:00,0.01296837,0.01228273,0.01326379,0.01469704,-0.00068564,-5.287,1,-100.0,case3_bearish_volume
TJR_Eg2SxQ3z,2026-06-30 06:12:00+00:00,2026-06-30 06:25:00+00:00,0.01265896,0.01082744,0.01330824,0.01469704,-0.00183152,-14.4682,13,-100.0,case3_bearish_volume
TRADE_CKTx3P9n,2026-06-28 20:24:00+00:00,2026-06-28 20:43:00+00:00,3.29e-06,3.42e-06,3.42e-06,3.36e-06,1.3e-07,3.9437,19,97.11,case1_divergence_fulfilled
TRADE_CKTx3P9n,2026-06-28 22:22:00+00:00,2026-06-28 22:24:00+00:00,3.91e-06,4e-06,4.02e-06,3.98e-06,9e-08,2.3095,2,82.28,case1_divergence_fulfilled
TRADE_CKTx3P9n,2026-06-28 22:25:00+00:00,2026-06-28 22:27:00+00:00,3.92e-06,4.02e-06,4.03e-06,3.98e-06,1e-07,2.5597,2,93.43,case1_divergence_fulfilled
TRADE_CKTx3P9n,2026-06-28 22:28:00+00:00,2026-06-28 22:31:00+00:00,3.93e-06,3.99e-06,4.11e-06,3.98e-06,6e-08,1.5242,3,33.62,case1_divergence_fulfilled
TRADE_CKTx3P9n,2026-06-29 00:13:00+00:00,2026-06-29 00:58:00+00:00,4.38e-06,4.55e-06,4.55e-06,4.49e-06,1.7e-07,3.9882,45,100.0,case1_divergence_fulfilled
USA250_6BBnjrjf,2026-06-29 11:58:00+00:00,2026-06-29 11:59:00+00:00,0.00012715,0.00013005,0.00013005,0.00012925,2.9e-06,2.2814,1,100.0,case1_divergence_fulfilled
USA250_6BBnjrjf,2026-06-29 12:00:00+00:00,2026-06-29 12:01:00+00:00,0.00012749,0.00013081,0.00013081,0.00012925,3.31e-06,2.5971,1,100.0,case1_divergence_fulfilled
USA250_6BBnjrjf,2026-06-29 12:02:00+00:00,2026-06-29 12:05:00+00:00,0.00012812,0.00012981,0.00013307,0.00012925,1.69e-06,1.3206,3,34.16,case1_divergence_fulfilled
USA250_6BBnjrjf,2026-06-29 15:45:00+00:00,2026-06-29 15:47:00+00:00,0.00018897,0.00019417,0.00019602,0.00019147,5.19e-06,2.7479,2,73.7,case1_divergence_fulfilled
USA250_6BBnjrjf,2026-06-29 15:48:00+00:00,2026-06-29 15:49:00+00:00,0.00019436,0.00019172,0.00019729,0.00019147,-2.64e-06,-1.3597,1,-90.23,case1_divergence_fulfilled
USA250_6BBnjrjf,2026-06-29 15:50:00+00:00,2026-06-29 15:51:00+00:00,0.00019244,0.00019256,0.00019527,0.00019147,1.3e-07,0.0663,1,4.5,case1_divergence_fulfilled
USA250_6BBnjrjf,2026-06-29 15:52:00+00:00,2026-06-29 15:55:00+00:00,0.00018917,0.00018947,0.0001943,0.00019147,3e-07,0.1593,3,5.87,end_of_data
USWR_HseDzC1E,2026-06-30 04:51:00+00:00,2026-06-30 06:01:00+00:00,9.74e-05,9.832e-05,9.887e-05,9.757e-05,9.2e-07,0.9482,70,62.86,case1_divergence_fulfilled
USWR_HseDzC1E,2026-06-30 06:24:00+00:00,2026-06-30 06:25:00+00:00,9.326e-05,9.368e-05,9.474e-05,9.13e-05,4.2e-07,0.4539,1,28.64,case1_divergence_fulfilled
USWR_HseDzC1E,2026-06-30 06:26:00+00:00,2026-06-30 06:29:00+00:00,9.124e-05,9.317e-05,9.44e-05,9.13e-05,1.93e-06,2.116,3,61.18,case1_divergence_fulfilled
bopdog_BNGcs51k,2026-06-29 15:22:00+00:00,2026-06-29 15:25:00+00:00,6.171e-05,5.867e-05,6.171e-05,6.283e-05,-3.04e-06,-4.9288,3,0.0,case3_bearish_volume
bopdog_BNGcs51k,2026-06-29 15:26:00+00:00,2026-06-29 15:27:00+00:00,5.736e-05,4.933e-05,5.867e-05,6.283e-05,-8.02e-06,-13.987,1,-100.0,case3_bearish_volume
bopdog_BNGcs51k,2026-06-29 15:28:00+00:00,2026-06-29 15:56:00+00:00,4.749e-05,4.866e-05,5.94e-05,6.283e-05,1.17e-06,2.4724,28,9.86,case3_bearish_volume
bopdog_BNGcs51k,2026-06-29 20:11:00+00:00,2026-06-29 20:17:00+00:00,0.00012397,0.00014697,0.00014916,0.00013819,2.3e-05,18.5499,6,91.3,case1_divergence_fulfilled
bopdog_BNGcs51k,2026-06-29 20:18:00+00:00,2026-06-29 20:19:00+00:00,0.00014531,0.00014557,0.0001476,0.00013819,2.7e-07,0.1836,1,11.65,case1_divergence_fulfilled
bopdog_BNGcs51k,2026-06-29 20:20:00+00:00,2026-06-29 20:21:00+00:00,0.00013975,0.0001406,0.000149,0.00013819,8.5e-07,0.6046,1,9.14,case1_divergence_fulfilled
bopdog_BNGcs51k,2026-06-29 20:22:00+00:00,2026-06-29 20:26:00+00:00,0.00013638,0.0001411,0.00014146,0.00013819,4.72e-06,3.4609,4,92.77,case1_divergence_fulfilled
bopdog_BNGcs51k,2026-06-29 22:28:00+00:00,2026-06-29 22:29:00+00:00,0.00017559,0.00016053,0.00017559,0.00018288,-1.506e-05,-8.5748,1,0.0,case3_bearish_volume
bopdog_BNGcs51k,2026-06-29 22:30:00+00:00,2026-06-29 23:13:00+00:00,0.00016396,0.00015119,0.00017394,0.00018288,-1.276e-05,-7.7849,43,-100.0,case3_bearish_volume
trenchies_DP6oFNuS,2026-06-30 03:35:00+00:00,2026-06-30 03:43:00+00:00,0.00044413,0.00036651,0.00047224,0.00083926,-7.762e-05,-17.4778,8,-100.0,case3_bearish_volume
trenchies_DP6oFNuS,2026-06-30 04:22:00+00:00,2026-06-30 04:24:00+00:00,0.00047915,0.00040702,0.00048385,0.00084088,-7.213e-05,-15.0531,2,-100.0,case3_bearish_volume
trenchies_DP6oFNuS,2026-06-30 04:25:00+00:00,2026-06-30 05:13:00+00:00,0.00035293,0.00034964,0.00066207,0.00084088,-3.29e-06,-0.9326,48,-1.06,case3_bearish_volume
trenchies_DP6oFNuS,2026-06-30 05:52:00+00:00,2026-06-30 05:54:00+00:00,0.00035563,0.00036228,0.00037191,0.00036118,6.65e-06,1.8691,2,40.84,case1_divergence_fulfilled
trenchies_DP6oFNuS,2026-06-30 05:55:00+00:00,2026-06-30 05:56:00+00:00,0.0003628,0.00037057,0.00037057,0.00036118,7.77e-06,2.1428,1,100.0,case1_divergence_fulfilled
trenchies_DP6oFNuS,2026-06-30 05:57:00+00:00,2026-06-30 05:58:00+00:00,0.00036734,0.00036915,0.00037377,0.00036118,1.81e-06,0.4924,1,28.14,case1_divergence_fulfilled
trenchies_DP6oFNuS,2026-06-30 05:59:00+00:00,2026-06-30 06:00:00+00:00,0.00037047,0.00037028,0.00038031,0.00036118,-2e-07,-0.0532,1,-2.0,case1_divergence_fulfilled
trenchies_DP6oFNuS,2026-06-30 06:01:00+00:00,2026-06-30 06:02:00+00:00,0.00037294,0.00037898,0.00037898,0.00036118,6.04e-06,1.6185,1,100.0,case1_divergence_fulfilled
trenchies_DP6oFNuS,2026-06-30 06:03:00+00:00,2026-06-30 06:04:00+00:00,0.00038103,0.00038024,0.00038565,0.00036118,-7.9e-07,-0.2075,1,-17.13,case1_divergence_fulfilled
trenchies_DP6oFNuS,2026-06-30 06:05:00+00:00,2026-06-30 06:06:00+00:00,0.00038273,0.00036497,0.00038273,0.00036118,-1.776e-05,-4.6405,1,0.0,case1_divergence_fulfilled
trenchies_DP6oFNuS,2026-06-30 06:07:00+00:00,2026-06-30 06:08:00+00:00,0.00038215,0.00046118,0.00046118,0.00036118,7.903e-05,20.6803,1,100.0,case1_divergence_fulfilled
trenchies_DP6oFNuS,2026-06-30 06:38:00+00:00,2026-06-30 06:40:00+00:00,0.00038124,0.0004015,0.0004015,0.00039962,2.026e-05,5.3135,2,100.0,case1_divergence_fulfilled
trenchies_DP6oFNuS,2026-06-30 06:42:00+00:00,2026-06-30 06:43:00+00:00,0.00041885,0.0004436,0.00045145,0.00039962,2.476e-05,5.9109,1,75.94,case1_divergence_fulfilled
trenchies_DP6oFNuS,2026-06-30 06:44:00+00:00,2026-06-30 06:45:00+00:00,0.0004333,0.0004241,0.0004632,0.00039962,-9.2e-06,-2.1226,1,-30.76,case1_divergence_fulfilled
trenchies_DP6oFNuS,2026-06-30 06:46:00+00:00,2026-06-30 06:47:00+00:00,0.00040976,0.00040837,0.0004241,0.00039962,-1.39e-06,-0.3392,1,-9.69,case1_divergence_fulfilled
trenchies_DP6oFNuS,2026-06-30 06:48:00+00:00,2026-06-30 06:49:00+00:00,0.00042032,0.0004276,0.0004276,0.00039962,7.28e-06,1.7325,1,100.0,case1_divergence_fulfilled
world_8xmz6GnC,2026-06-29 23:19:00+00:00,2026-06-29 23:20:00+00:00,1.915e-05,1.951e-05,1.962e-05,1.73e-05,3.5e-07,1.8528,1,76.05,case1_divergence_fulfilled
world_8xmz6GnC,2026-06-29 23:21:00+00:00,2026-06-29 23:22:00+00:00,1.904e-05,1.959e-05,1.989e-05,1.73e-05,5.5e-07,2.8794,1,64.74,case1_divergence_fulfilled
world_8xmz6GnC,2026-06-29 23:23:00+00:00,2026-06-29 23:24:00+00:00,1.942e-05,1.834e-05,1.966e-05,1.73e-05,-1.08e-06,-5.5409,1,-100.0,case1_divergence_fulfilled
world_8xmz6GnC,2026-06-29 23:25:00+00:00,2026-06-29 23:26:00+00:00,1.82e-05,1.855e-05,1.862e-05,1.73e-05,3.5e-07,1.9455,1,83.9,case1_divergence_fulfilled
world_8xmz6GnC,2026-06-29 23:27:00+00:00,2026-06-29 23:29:00+00:00,1.757e-05,1.761e-05,1.877e-05,1.73e-05,4e-08,0.2152,2,3.15,case1_divergence_fulfilled
world_8xmz6GnC,2026-06-29 23:30:00+00:00,2026-06-29 23:31:00+00:00,1.725e-05,1.741e-05,1.796e-05,1.73e-05,1.6e-07,0.9213,1,22.14,case1_divergence_fulfilled
world_8xmz6GnC,2026-06-30 00:12:00+00:00,2026-06-30 00:22:00+00:00,2.036e-05,2.224e-05,2.224e-05,2.192e-05,1.88e-06,9.223,10,100.0,case1_divergence_fulfilled
world_8xmz6GnC,2026-06-30 01:43:00+00:00,2026-06-30 01:58:00+00:00,2.283e-05,2.423e-05,2.467e-05,2.404e-05,1.41e-06,6.1671,15,76.37,case1_divergence_fulfilled
world_8xmz6GnC,2026-06-30 02:30:00+00:00,2026-06-30 02:31:00+00:00,2.486e-05,2.566e-05,2.588e-05,2.411e-05,8e-07,3.21,1,78.53,case1_divergence_fulfilled
world_8xmz6GnC,2026-06-30 02:32:00+00:00,2026-06-30 02:33:00+00:00,2.564e-05,2.578e-05,2.615e-05,2.411e-05,1.4e-07,0.5409,1,27.3,case1_divergence_fulfilled
world_8xmz6GnC,2026-06-30 02:34:00+00:00,2026-06-30 02:35:00+00:00,2.673e-05,2.521e-05,2.697e-05,2.411e-05,-1.52e-06,-5.7032,1,-100.0,case1_divergence_fulfilled
world_8xmz6GnC,2026-06-30 02:36:00+00:00,2026-06-30 02:37:00+00:00,2.491e-05,2.468e-05,2.545e-05,2.411e-05,-2.3e-07,-0.9242,1,-41.92,case1_divergence_fulfilled
world_8xmz6GnC,2026-06-30 02:38:00+00:00,2026-06-30 02:39:00+00:00,2.46e-05,2.527e-05,2.527e-05,2.411e-05,6.7e-07,2.7115,1,100.0,case1_divergence_fulfilled
world_8xmz6GnC,2026-06-30 02:40:00+00:00,2026-06-30 02:41:00+00:00,2.568e-05,2.56e-05,2.611e-05,2.411e-05,-8e-08,-0.308,1,-18.46,case1_divergence_fulfilled
world_8xmz6GnC,2026-06-30 03:12:00+00:00,2026-06-30 03:13:00+00:00,2.875e-05,2.881e-05,2.973e-05,2.801e-05,6e-08,0.2098,1,6.2,case1_divergence_fulfilled
world_8xmz6GnC,2026-06-30 03:14:00+00:00,2026-06-30 03:37:00+00:00,2.78e-05,2.848e-05,2.881e-05,2.801e-05,6.8e-07,2.4553,23,67.07,case1_divergence_fulfilled
world_8xmz6GnC,2026-06-30 04:48:00+00:00,2026-06-30 04:49:00+00:00,3.049e-05,3.127e-05,3.147e-05,3.08e-05,7.8e-07,2.5533,1,79.85,case1_divergence_fulfilled
world_8xmz6GnC,2026-06-30 04:50:00+00:00,2026-06-30 04:51:00+00:00,3.187e-05,3.277e-05,3.312e-05,3.08e-05,9.1e-07,2.8436,1,72.1,case1_divergence_fulfilled
world_8xmz6GnC,2026-06-30 04:52:00+00:00,2026-06-30 04:53:00+00:00,3.3e-05,3.268e-05,3.327e-05,3.08e-05,-3.3e-07,-0.9871,1,-100.0,case1_divergence_fulfilled
world_8xmz6GnC,2026-06-30 04:54:00+00:00,2026-06-30 04:55:00+00:00,3.226e-05,3.202e-05,3.278e-05,3.08e-05,-2.4e-07,-0.734,1,-45.34,case1_divergence_fulfilled
world_8xmz6GnC,2026-06-30 04:56:00+00:00,2026-06-30 04:58:00+00:00,3.136e-05,3.084e-05,3.221e-05,3.08e-05,-5.2e-07,-1.6595,2,-60.69,case1_divergence_fulfilled
world_8xmz6GnC,2026-06-30 04:59:00+00:00,2026-06-30 05:00:00+00:00,3.129e-05,3.129e-05,3.178e-05,3.08e-05,0.0,0.0043,1,0.28,case1_divergence_fulfilled
world_8xmz6GnC,2026-06-30 05:07:00+00:00,2026-06-30 05:15:00+00:00,3.028e-05,3.164e-05,3.165e-05,3.129e-05,1.36e-06,4.4903,8,99.54,case1_divergence_fulfilled
