Ticker,Timestamp,Headline,Source,URL
ABTS,2026-04-29 16:32,Abits Group Inc Reports Full Year 2025 Results with 37% Revenue Growth; Expands Bitcoin Mining Operations to 760 PH/s Combined Hash Rate,GlobeNewswire,/news/349047/abits-group-inc-reports-full-year-2025-results-with-37-revenue-growth-expands-bitcoin-mining-operations-to-760-phs-combined-hash-rate
ABTS,2026-02-24 12:21,Abits Group Inc Announces Closing of $2.1 Million Registered Direct Offering,GlobeNewswire,/news/320655/abits-group-inc-announces-closing-of-21-million-registered-direct-offering
ABTS,2026-02-24 09:11,"Abits Group prices 792,452 shares at $2.65 in registered direct offering",TipRanks,https://finance.yahoo.com/news/abits-group-prices-792-452-141129218.html
ABTS,2026-02-23 13:58,Why Is Abits Group Stock Falling Monday?,Benzinga,/news/319229/why-is-abits-group-stock-falling-monday
ABTS,2026-02-23 09:00,Abits Group Inc Announces $2.1 Million Registered Direct Offering Priced at the Market Under Nasdaq Rules,GlobeNewswire,/news/318556/abits-group-inc-announces-21-million-registered-direct-offering-priced-at-the-market-under-nasdaq-rules
ACCL,2025-11-19 16:15,ACCO GROUP HOLDINGS LIMITED ANNOUNCES PARTIAL EXERCISE OF UNDERWRITERS' OVER-ALLOTMENT OPTION,GlobeNewswire,/news/234312/acco-group-holdings-limited-announces-partial-exercise-of-underwriters-over-allotment-option
ACCL,2025-10-20 16:05,ACCO GROUP HOLDINGS LIMITED ANNOUNCES CLOSING OF INITIAL PUBLIC OFFERING,GlobeNewswire,/news/197896/acco-group-holdings-limited-announces-closing-of-initial-public-offering
ACCL,2025-10-17 10:50,ACCO GROUP HOLDINGS LIMITED ANNOUNCES PRICING OF INITIAL PUBLIC OFFERING,GlobeNewswire,/news/196240/acco-group-holdings-limited-announces-pricing-of-initial-public-offering
ACON,2026-06-10 07:00,Aclarion to Present at the Planet MicroCap Las Vegas Powered by MicroCapClub,GlobeNewswire,/news/360760/aclarion-to-present-at-the-planet-microcap-las-vegas-powered-by-microcapclub
ACON,2026-06-09 07:00,Aclarion Partners with PRIA Healthcare to Advance Reimbursement and Commercial Adoption of Its AI-Powered Nociscan Platform,GlobeNewswire,/news/360415/aclarion-partners-with-pria-healthcare-to-advance-reimbursement-and-commercial-adoption-of-its-ai-powered-nociscan-platform
ACON,2026-06-08 07:05,Aclarion Rejects Echo Lake Capital's Unsolicited Acquisition Proposal,GlobeNewswire,/news/360113/aclarion-rejects-echo-lake-capitals-unsolicited-acquisition-proposal
ACON,2026-06-08 07:00,Aclarion Stockholders Approve All Proposals at 2026 Annual Meeting,GlobeNewswire,/news/360102/aclarion-stockholders-approve-all-proposals-at-2026-annual-meeting
ACON,2026-06-03 06:00,Aclarion Adds Institute of Neuro Innovation to Support Nociscan Growth and Real-World Evidence Generation,GlobeNewswire,/news/359150/aclarion-adds-institute-of-neuro-innovation-to-support-nociscan-growth-and-real-world-evidence-generation
ACXP,2026-06-16 08:00,Acurx Pharmaceuticals Announces Presentation of Results from Leiden University Medical Center Public-Private Partnership for Its DNA pol IIIC Inhibitors at the Leiden Early Drug Discovery & Development (LED3) Scientific Conference,PR Newswire,/news/361950/acurx-pharmaceuticals-announces-presentation-of-results-from-leiden-university-medical-center-public-private-partnership-for-its-dna-pol-iiic-inhibitors-at-the-leiden-early-drug-discovery-development-led3-scientific-conference
ACXP,2026-05-12 13:05,"Acurx Pharmaceuticals, Inc. Q1 2026 Earnings Call Summary",Moby,https://finance.yahoo.com/m/169be069-2537-374e-957f-c96db510ef51/acurx-pharmaceuticals%2C-inc..html
ACXP,2026-05-12 07:01,"Acurx Pharmaceuticals, Inc. Reports First Quarter 2026 results and Provides Business Update",PR Newswire,/news/353239/acurx-pharmaceuticals-inc-reports-first-quarter-2026-results-and-provides-business-update
ACXP,2026-05-04 08:00,Acurx Announces Scientific Poster Presentation of its DNA pol IIIC Inhibitors' Microbiome Evaluation at ESCMID Global 2026,PR Newswire,/news/350117/acurx-announces-scientific-poster-presentation-of-its-dna-pol-iiic-inhibitors-microbiome-evaluation-at-escmid-global-2026
ACXP,2026-04-29 08:00,Acurx Pharmaceuticals to Present at the Alliance Global Partners (A.G.P) Healthcare Company Showcase,PR Newswire,/news/348692/acurx-pharmaceuticals-to-present-at-the-alliance-global-partners-agp-healthcare-company-showcase
ADIL,2026-06-16 08:00,Adial Pharmaceuticals Expands Executive Leadership Team and Closes PIPE Financing,GlobeNewswire,/news/361976/adial-pharmaceuticals-expands-executive-leadership-team-and-closes-pipe-financing
ADIL,2026-06-11 13:04,ADIL Stock Eyes Best Day In Over 5 Years  Major Pipeline Overhaul And $64M Raise Fuel Rally,Stocktwits,https://finance.yahoo.com/m/167bfab6-5468-3ef7-b084-f5dcdda4f30c/adil-stock-eyes-best-day-in.html
ADIL,2026-06-11 11:43,Adial Pharmaceuticals Announces Acquisition of Azora Therapeutics and up to $64 Million Financing,GlobeNewswire,/news/361268/adial-pharmaceuticals-announces-acquisition-of-azora-therapeutics-and-up-to-64-million-financing
ADIL,2026-05-11 08:30,Adial Pharmaceuticals Reports 2026 First Quarter Financial Results and Provides Business Update,GlobeNewswire,/news/352905/adial-pharmaceuticals-reports-2026-first-quarter-financial-results-and-provides-business-update
ADIL,2026-04-29 09:07,"Adial Pharmaceuticals Advances IP Portfolio with New U.S. Utility Patent Application, Positioning for Potential Market Exclusivity Through 2045",GlobeNewswire,/news/348824/adial-pharmaceuticals-advances-ip-portfolio-with-new-us-utility-patent-application-positioning-for-potential-market-exclusivity-through-2045
ADTX,2026-06-11 04:34,ADTX Stock Rockets 90% Premarket: What's Fueling Rebound After A Record 22-Day Selloff?,Stocktwits,https://finance.yahoo.com/m/d12ac4ba-5d51-302d-8ff5-84fca2277bcf/adtx-stock-rockets-90%25.html
ADTX,2026-06-10 06:43,Aditxt and Ignite announce merger plans with strategic partner,Pharmaceutical Business Review,https://www.pharmaceutical-business-review.com/news/aditxt-ignite-merger-plans/
ADTX,2026-06-09 12:47,Why Is ADTX Stock In Spotlight Today?,Stocktwits,https://finance.yahoo.com/m/121f542c-da45-384c-a625-0a5544e251d0/why-is-adtx-stock-in.html
ADTX,2026-06-09 07:45,Aditxt Signed Definitive Agreement Valuing Ignite Proteomics at Approximately $150 Million,Business Wire,https://www.businesswire.com/news/home/20260608697723/en
ADTX,2026-06-08 08:15,"Ignite Proteomics Announces Prospective 10,000-Patient Oncology Registry to Evaluate Functional Proteomics in Cancer Therapy Selection",Business Wire,https://www.businesswire.com/news/home/20260608955261/en
ADV,2026-06-16 09:58,"Private Brands Are Driving Store Choice for the Majority of Consumers, New Report Finds",GlobeNewswire,/news/362103/private-brands-are-driving-store-choice-for-the-majority-of-consumers-new-report-finds
ADV,2026-05-06 16:46,Advantage Solutions Inc. Q1 2026 Earnings Call Summary,Moby,https://finance.yahoo.com/m/fd4c013e-a9b0-3276-bdcf-c37565896435/advantage-solutions-inc.-q1.html
ADV,2026-05-06 07:00,Advantage Solutions Reports First Quarter 2026 Results,GlobeNewswire,/news/351174/advantage-solutions-reports-first-quarter-2026-results
ADV,2026-04-22 07:00,Advantage Solutions Announces Date for its First Quarter 2026 Financial Results and Conference Call,GlobeNewswire,/news/346532/advantage-solutions-announces-date-for-its-first-quarter-2026-financial-results-and-conference-call
ADV,2026-03-09 10:51,Kimberly-Clark taps former Walgreens tech chief as CIO,CIO Dive,https://finance.yahoo.com/m/7be3e33e-afd5-3b6e-abbd-09bc14d88089/kimberly-clark-taps-former.html
ADVB,2026-02-18 07:00,Advanced Biomed Inc. Announces 1 for 20 Share Consolidation,GlobeNewswire,/news/313966/advanced-biomed-inc-announces-1-for-20-share-consolidation
ADVB,2026-02-13 08:00,Advanced Biomed Inc. Announces 120-Case Feasibility Study with Chi-Mei Medical Center to Validate A+PerfusC - Integrated Perfusion 3D Cell Culture Platform for Precision Medicine and Drug Discovery,GlobeNewswire,/news/310276/advanced-biomed-inc-announces-120-case-feasibility-study-with-chi-mei-medical-center-to-validate-aperfusc-integrated-perfusion-3d-cell-culture-platform-for-precision-medicine-and-drug-discovery
ADVB,2025-12-31 10:25,"Advanced Biomed sells Hong Kong subsidiary for $23,000",TipRanks,https://finance.yahoo.com/news/advanced-biomed-sells-hong-kong-152517213.html
ADVB,2025-12-30 10:17,Advanced Biomed Inc. Announces Disposal of its Hong Kong Subsidiary,GlobeNewswire,/news/264308/advanced-biomed-inc-announces-disposal-of-its-hong-kong-subsidiary
ADVB,2025-09-19 08:30,Advanced Biomed Inc. Announces Launch of A+PerfusC - Integrated Perfusion 3D Cell Culture Platform for Precision Medicine and Drug Discovery,GlobeNewswire,/news/170565/advanced-biomed-inc-announces-launch-of-aperfusc-integrated-perfusion-3d-cell-culture-platform-for-precision-medicine-and-drug-discovery
AEHL,2026-05-08 10:54,"Bitcoin Treasury Strategy Generates $190,000 Gain as Antelope (AEHL) Authorizes Share Buyback",InvestorsHub,https://finance.yahoo.com/m/3e7b5b73-bfc4-3438-ba58-187f14e244d1/bitcoin-treasury-strategy.html
AEHL,2026-05-08 08:20,"Antelope Enterprise Holdings Limited Announces $190,000 in Realized Gains from its ""Genius Plan"" and Authorizes an $95,000 Share Repurchase Program, Validating its Sustainable Capital Recycling Framework",GlobeNewswire,/news/352569/antelope-enterprise-holdings-limited-announces-190000-in-realized-gains-from-its-genius-plan-and-authorizes-an-95000-share-repurchase-program-validating-its-sustainable-capital-recycling-framework
AEHL,2026-03-12 08:45,Antelope Enterprise Holdings Regains Compliance with Nasdaq Listing Rule,GlobeNewswire,/news/336861/antelope-enterprise-holdings-regains-compliance-with-nasdaq-listing-rule
AEHL,2026-03-03 10:19,Antelope Enterprise Holdings Limited Announce Reverse Split Record Date,GlobeNewswire,/news/328349/antelope-enterprise-holdings-limited-announce-reverse-split-record-date
AEHL,2026-02-28 08:56,Antelope Enterprise Holdings confirms completion of $1M bitcoin purchase,TipRanks,https://finance.yahoo.com/news/antelope-enterprise-holdings-confirms-completion-135646952.html
AEMD,2026-06-17 12:18,Aethlon Medical advances Hemopurifier study as final trial cohort nears completion,Proactive,https://finance.yahoo.com/video/aethlon-medical-advances-hemopurifier-study-161814057.html
AEMD,2026-06-16 21:00,Aethlon Medical Inc (AEMD) Q4 2026 Earnings Call Highlights: Strategic Advances Amid Financial ...,GuruFocus.com,https://finance.yahoo.com/healthcare/articles/aethlon-medical-inc-aemd-q4-010017350.html
AEMD,2026-06-10 16:15,"Aethlon Medical Announces Fiscal Year End March 31, 2026 Financial Results and Corporate Update",PR Newswire,/news/360996/aethlon-medical-announces-fiscal-year-end-march-31-2026-financial-results-and-corporate-update
AEMD,2026-06-02 08:01,"Aethlon Medical to Release Fiscal Year End Financial Results and Host Conference Call on June 10, 2026",PR Newswire,/news/358837/aethlon-medical-to-release-fiscal-year-end-financial-results-and-host-conference-call-on-june-10-2026
AEMD,2026-05-21 08:01,Aethlon Medical Monitoring Current Ebola Outbreak and Reaffirms Outbreak/Pandemic Preparedness,PR Newswire,/news/356276/aethlon-medical-monitoring-current-ebola-outbreak-and-reaffirms-outbreakpandemic-preparedness
AERT,2026-06-15 08:30,Aeries Technology Secures Strategic GCC Advisory Mandate with Leading Global Tax and Financial Advisory Platform,GlobeNewswire,/news/361702/aeries-technology-secures-strategic-gcc-advisory-mandate-with-leading-global-tax-and-financial-advisory-platform
AERT,2026-06-10 08:30,"Aeries Delivers Fiscal 2026 with Record Profitability, Positive Cash Generation and Growing GCC Momentum",GlobeNewswire,/news/360846/aeries-delivers-fiscal-2026-with-record-profitability-positive-cash-generation-and-growing-gcc-momentum
AERT,2026-06-08 06:30,Aeries Technology Reports Fiscal Year 2026 Results,GlobeNewswire,/news/360080/aeries-technology-reports-fiscal-year-2026-results
AERT,2026-05-26 08:00,Global Entertainment and Events Company Partners with Aeries to Scale Enterprise Technology Operations,GlobeNewswire,/news/356896/global-entertainment-and-events-company-partners-with-aeries-to-scale-enterprise-technology-operations
AERT,2026-05-18 08:00,"Aeries Technology Launches A1 GCC, an Agentic AI-Driven Operations Platform for Global Capability Centers",GlobeNewswire,/news/355157/aeries-technology-launches-a1-gcc-an-agentic-ai-driven-operations-platform-for-global-capability-centers
AGMH,2026-05-26 16:10,AGM Group Receives Notification from Nasdaq Regarding Delayed Filing of Form 20-F,GlobeNewswire,/news/357102/agm-group-receives-notification-from-nasdaq-regarding-delayed-filing-of-form-20-f
AGMH,2026-02-18 07:50,"AGMH Announces Strategic Trifecta: RWA Tokenization, Mass Production of Kraken All-Flash AI Servers, and MusicDog.ai Partnership to Build Full-Stack AI + Web3 Ecosystem",GlobeNewswire,/news/314024/agmh-announces-strategic-trifecta-rwa-tokenization-mass-production-of-kraken-all-flash-ai-servers-and-musicdogai-partnership-to-build-full-stack-ai-web3-ecosystem
AGMH,2026-02-13 07:50,AGMH Announces Strategic Cooperation with MusicDog.ai to Accelerate High-Performance AI Computing Ecosystem Development,GlobeNewswire,/news/310258/agmh-announces-strategic-cooperation-with-musicdogai-to-accelerate-high-performance-ai-computing-ecosystem-development
AGMH,2026-02-05 07:50,AGMH Announces Strategic Upgrade: Access to Global Top-Tier Storage Chip Supply Chain and Accelerates R&D of AI All-Flash Storage Server Systems,GlobeNewswire,/news/301096/agmh-announces-strategic-upgrade-access-to-global-top-tier-storage-chip-supply-chain-and-accelerates-rd-of-ai-all-flash-storage-server-systems
AGMH,2026-02-03 07:50,AGM Group Accelerates Global AI Supply Chain Construction Through Financing,GlobeNewswire,/news/297069/agm-group-accelerates-global-ai-supply-chain-construction-through-financing
AHMA,2026-04-30 16:25,AMBITIONS ENTERPRISE MANAGEMENT CO. L.L.C Files 2025 Annual Report on Form 20-F,PR Newswire,/news/349638/ambitions-enterprise-management-co-llc-files-2025-annual-report-on-form-20-f
AHMA,2026-04-30 16:10,AMBITIONS ENTERPRISE MANAGEMENT CO. L.L.C Reports Full Year 2025 Financial Results,PR Newswire,/news/349592/ambitions-enterprise-management-co-llc-reports-full-year-2025-financial-results
AHMA,2026-03-18 06:00,AMBITIONS ENTERPRISE MANAGEMENT Subsidiary Served as Official Business Travel Service Provider for Mobile World Congress 2026,PR Newswire,/news/338155/ambitions-enterprise-management-subsidiary-served-as-official-business-travel-service-provider-for-mobile-world-congress-2026
AHMA,2026-02-05 07:30,A Subsidiary of AMBITIONS ENTERPRISE MANAGEMENT CO. L.L.C to Serve as an Event Coordinator for 2026 Middle East Consumer Electronics Show,PR Newswire,/news/301077/a-subsidiary-of-ambitions-enterprise-management-co-llc-to-serve-as-an-event-coordinator-for-2026-middle-east-consumer-electronics-show
AHMA,2026-01-13 14:56,Strong EPS Growth Propels Ambitions Enterprise (AHMA) Stock Higher,Benzinga,/news/275320/strong-eps-growth-propels-ambitions-enterprise-ahma-stock-higher
AIFA,2026-06-18 09:00,All In FutureTech Alliance Inc. Provides Strategic Implementation Update: Aivolution Venture Fund and Co-Intelligence Academy to Be Fully Integrated into the AIFA Public Company Platform,GlobeNewswire,/news/362709/all-in-futuretech-alliance-inc-provides-strategic-implementation-update-aivolution-venture-fund-and-co-intelligence-academy-to-be-fully-integrated-into-the-aifa-public-company-platform
AIFA,2026-06-17 10:45,"All In FutureTech Alliance Inc. Announces the Election of Prominent AI Technology Investor and Influential Content Creator Li Shanglong as New Chairman, Along With Certain Management Changes",GlobeNewswire,/news/362416/all-in-futuretech-alliance-inc-announces-the-election-of-prominent-ai-technology-investor-and-influential-content-creator-li-shanglong-as-new-chairman-along-with-certain-management-changes
AIFA,2026-06-08 10:29,AIFA Issues Formal Clarification and Refutation Regarding the Share Acquisition Transaction Involving HyalRoute Communication Group Limited,GlobeNewswire,/news/360258/aifa-issues-formal-clarification-and-refutation-regarding-the-share-acquisition-transaction-involving-hyalroute-communication-group-limited
AIFA,2026-05-26 09:00,All In FutureTech Alliance Inc. Announces Filing of Form 8-K for HyalRoute Acquisition Transaction and Releases HyalRoute Business Overview and Financial Data,GlobeNewswire,/news/356982/all-in-futuretech-alliance-inc-announces-filing-of-form-8-k-for-hyalroute-acquisition-transaction-and-releases-hyalroute-business-overview-and-financial-data
AIFA,2026-05-22 16:00,"All In FutureTech Alliance Long-Term Strategic Direction Following the HyalRoute Acquisition: Building a Future Technology Platform Driven by AI Infrastructure and AI Applications, with Optical Technologies at Its Core",GlobeNewswire,/news/356691/all-in-futuretech-alliance-long-term-strategic-direction-following-the-hyalroute-acquisition-building-a-future-technology-platform-driven-by-ai-infrastructure-and-ai-applications-with-optical-technologies-at-its-core
AIHS,2026-04-23 08:00,"Senmiao Technology Appoints David Nichols as Strategic Advisor to Advance AI Data Center, Digital Infrastructure, and New Energy Strategy",GlobeNewswire,/news/347072/senmiao-technology-appoints-david-nichols-as-strategic-advisor-to-advance-ai-data-center-digital-infrastructure-and-new-energy-strategy
AIHS,2025-11-20 16:05,Senmiao Technology Limited Closes $2.8 Million Registered Direct Offering,GlobeNewswire,/news/235459/senmiao-technology-limited-closes-28-million-registered-direct-offering
AIHS,2025-11-14 09:15,Senmiao Technology Announces $2.8 Million Registered Direct Offering,GlobeNewswire,/news/230145/senmiao-technology-announces-28-million-registered-direct-offering
AIHS,2025-09-03 10:30,BC-Most Active Stocks,Associated Press Finance,https://finance.yahoo.com/news/bc-most-active-stocks-143018802.html
AIHS,2025-07-24 09:00,Senmiao Technology Limited Announces 1-for-10 Reverse Stock Split,GlobeNewswire,/news/113787/senmiao-technology-limited-announces-1-for-10-reverse-stock-split
AIMD,2026-06-22 09:00,VASRO Research Highlights Ainos' Expansion of Smell AI Into Patient-Level Breath Intelligence,ACCESSWIRE,/news/363072/vasro-research-highlights-ainos-expansion-of-smell-ai-into-patient-level-breath-intelligence
AIMD,2026-06-17 08:00,Ainos Expands Smell AI Platform into Digital Breath Intelligence Through National Taiwan University Research Program,ACCESSWIRE,/news/362315/ainos-expands-smell-ai-platform-into-digital-breath-intelligence-through-national-taiwan-university-research-program
AIMD,2026-06-08 08:00,Ainos Releases 2026 Mid-Year CEO Letter to Shareholders,ACCESSWIRE,/news/360138/ainos-releases-2026-mid-year-ceo-letter-to-shareholders
AIMD,2026-06-05 08:00,VASRO Research Highlights Ainos Smell AI Expansion into Emergency Department Operations,ACCESSWIRE,/news/359882/vasro-research-highlights-ainos-smell-ai-expansion-into-emergency-department-operations
AIMD,2026-06-03 08:00,Zacks SCR Discusses Ainos' Expansion of Smell AI into Healthcare Infrastructure Through NTUH Study,ACCESSWIRE,/news/359233/zacks-scr-discusses-ainos-expansion-of-smell-ai-into-healthcare-infrastructure-through-ntuh-study
AIOS,2026-04-21 17:00,AIOS Tech Inc. Announces 20-for-1 Share Consolidation and Increase of Authorized Share Capital,GlobeNewswire,/news/346432/aios-tech-inc-announces-20-for-1-share-consolidation-and-increase-of-authorized-share-capital
AIOS,2026-04-03 16:30,AIOS Tech Inc. Announces Receipt of Nasdaq Notification Regarding Minimum Bid Price Deficiency,GlobeNewswire,/news/342380/aios-tech-inc-announces-receipt-of-nasdaq-notification-regarding-minimum-bid-price-deficiency
AIOS,2026-02-10 06:15,"Nisun International Enterprise Development Group Co., Ltd Announces Official Name Change to ""AIOS Tech Inc."" and New Ticker Symbol ""AIOS"" Effective February 12, 2026",GlobeNewswire,/news/305269/nisun-international-enterprise-development-group-co-ltd-announces-official-name-change-to-aios-tech-inc-and-new-ticker-symbol-aios-effective-february-12-2026
AIOS,2026-01-29 16:30,"Nisun International Enterprise Development Group Co., Ltd Announces Corporate Name Change and Stock Ticker Symbol Change",GlobeNewswire,/news/292619/nisun-international-enterprise-development-group-co-ltd-announces-corporate-name-change-and-stock-ticker-symbol-change
AIOS,2025-06-10 09:25,Nisun International expands into edible oil trading sector,TipRanks,https://finance.yahoo.com/news/nisun-international-expands-edible-oil-132510687.html
AIRE,2026-06-01 08:30,"reAlpha (NASDAQ: AIRE) to Host ""AIRE Time With Mike"" Fireside Chat Moderated by Benchmark Analyst Daniel Kurnos",GlobeNewswire,/news/358486/realpha-nasdaq-aire-to-host-aire-time-with-mike-fireside-chat-moderated-by-benchmark-analyst-daniel-kurnos
AIRE,2026-05-14 16:15,reAlpha (NASDAQ: AIRE) Regains Compliance with Nasdaq Minimum Bid Price Requirement,GlobeNewswire,/news/354678/realpha-nasdaq-aire-regains-compliance-with-nasdaq-minimum-bid-price-requirement
AIRE,2026-05-06 17:25,"reAlpha Reduces Workforce by Approximately 25% and Consolidates Vendor Spend, Targeting $2 Million in Annualized Savings as AI Advancements Drive Organizational Efficiency",GlobeNewswire,/news/351671/realpha-reduces-workforce-by-approximately-25-and-consolidates-vendor-spend-targeting-2-million-in-annualized-savings-as-ai-advancements-drive-organizational-efficiency
AIRE,2026-05-01 08:00,reAlpha (Nasdaq: AIRE) CEO and CFO to Present Company's Vertically Integrated Homebuying Vision at Two New York Conferences,GlobeNewswire,/news/349812/realpha-nasdaq-aire-ceo-and-cfo-to-present-companys-vertically-integrated-homebuying-vision-at-two-new-york-conferences
AIRE,2026-04-30 16:45,reAlpha (NASDAQ: AIRE) Announces AiChat Launch of Shopify Conversational Commerce Integration and AI Ticketing for eCommerce,GlobeNewswire,/news/349676/realpha-nasdaq-aire-announces-aichat-launch-of-shopify-conversational-commerce-integration-and-ai-ticketing-for-ecommerce
AKTX,2026-06-04 09:30,Akari Therapeutics Releases CEO Corner Reflecting on Evolving ADC Landscape and Akari's Differentiated PH1 Payload Platform Following ASCO 2026,GlobeNewswire,/news/359692/akari-therapeutics-releases-ceo-corner-reflecting-on-evolving-adc-landscape-and-akaris-differentiated-ph1-payload-platform-following-asco-2026
AKTX,2026-05-28 18:33,Akari Therapeutics Highlights 1st ASCO Abstract Acceptance,IPO-Edge.com,https://finance.yahoo.com/sectors/healthcare/articles/akari-therapeutics-highlights-1st-asco-223346398.html
AKTX,2026-05-28 09:17,"Akari Therapeutics Discusses Breakthrough Potential of AKTX-101 and Novel Spliceosome-Modulating ADC Platform in Virtual Investor ""What This Means"" Segment Following ASCO Abstract Acceptance",GlobeNewswire,/news/357862/akari-therapeutics-discusses-breakthrough-potential-of-aktx-101-and-novel-spliceosome-modulating-adc-platform-in-virtual-investor-what-this-means-segment-following-asco-abstract-acceptance
AKTX,2026-05-21 17:01,Akari Therapeutics Reports Breakthrough Preclinical Data Demonstrating Synergistic Activity of AKTX-101 with KRAS Inhibition in KRAS-Mutated Pancreatic Cancer Models,GlobeNewswire,/news/356547/akari-therapeutics-reports-breakthrough-preclinical-data-demonstrating-synergistic-activity-of-aktx-101-with-kras-inhibition-in-kras-mutated-pancreatic-cancer-models
AKTX,2026-05-21 08:30,Akari Therapeutics Announces $5.5 Million Private Placement Offering,GlobeNewswire,/news/356305/akari-therapeutics-announces-55-million-private-placement-offering
ALGS,2026-05-27 02:30,Aligos Therapeutics Presents Positive Data at the EASL Congress 2026,GlobeNewswire,/news/357166/aligos-therapeutics-presents-positive-data-at-the-easl-congress-2026
ALGS,2026-05-13 02:05,Aligos Therapeutics Announces Ten Abstracts Accepted for Presentation at the EASL Congress 2026,GlobeNewswire,/news/353726/aligos-therapeutics-announces-ten-abstracts-accepted-for-presentation-at-the-easl-congress-2026
ALGS,2026-05-07 16:05,Aligos Therapeutics Reports Recent Business Progress and First Quarter 2026 Financial Results,GlobeNewswire,/news/352294/aligos-therapeutics-reports-recent-business-progress-and-first-quarter-2026-financial-results
ALGS,2026-04-30 16:05,"Aligos Therapeutics to Announce 1st Quarter 2026 Financial Results on May 7, 2026",GlobeNewswire,/news/349580/aligos-therapeutics-to-announce-1st-quarter-2026-financial-results-on-may-7-2026
ALGS,2026-04-24 08:00,Aligos Therapeutics Announces Inducement Grants Under Nasdaq Listing Rule 5635(c)(4),GlobeNewswire,/news/347519/aligos-therapeutics-announces-inducement-grants-under-nasdaq-listing-rule-5635c4
ALZN,2026-04-07 08:00,"Alzamend Neuro Reports Encouraging Pharmacodynamic Data from Phase II Clinical Trial of AL001 ""Lithium in Brain"" Study in a Trial Conducted at Massachusetts General Hospital",PR Newswire,/news/342763/alzamend-neuro-reports-encouraging-pharmacodynamic-data-from-phase-ii-clinical-trial-of-al001-lithium-in-brain-study-in-a-trial-conducted-at-massachusetts-general-hospital
ALZN,2026-03-26 08:00,"Alzamend Neuro Reports Positive Topline Data from Phase II Clinical Trial of AL001 ""Lithium in Brain"" Study; AL001 Achieves Bioequivalence and Demonstrates Superior Brain Delivery Across All Measured Brain Regions",PR Newswire,/news/340192/alzamend-neuro-reports-positive-topline-data-from-phase-ii-clinical-trial-of-al001-lithium-in-brain-study-al001-achieves-bioequivalence-and-demonstrates-superior-brain-delivery-across-all-measured-brain-regions
ALZN,2026-03-16 08:00,"Alzamend Neuro Initiates Phase II Clinical Trial of AL001 ""Lithium in Brain"" Study in Patients with Bipolar Disorder in Collaboration with Massachusetts General Hospital",PR Newswire,/news/337440/alzamend-neuro-initiates-phase-ii-clinical-trial-of-al001-lithium-in-brain-study-in-patients-with-bipolar-disorder-in-collaboration-with-massachusetts-general-hospital
ALZN,2026-01-26 09:40,Is Allogene Therapeutics (ALLO) Stock Outpacing Its Medical Peers This Year?,Zacks,/news/287075/is-allogene-therapeutics-allo-stock-outpacing-its-medical-peers-this-year
ALZN,2026-01-08 09:40,Is AIM ImmunoTech (AIM) Stock Outpacing Its Medical Peers This Year?,Zacks,/news/270909/is-aim-immunotech-aim-stock-outpacing-its-medical-peers-this-year
AMBO,2026-06-18 07:00,"Ambow Education Holding Ltd. (NYSE American: AMBO) Launches HybriU ProjectHub, an AI-Powered Project Collaboration Platform Unifying Documents, Conversations, and Live Collaboration in a Single Secure Workspace",GlobeNewswire,/news/362584/ambow-education-holding-ltd-nyse-american-ambo-launches-hybriu-projecthub-an-ai-powered-project-collaboration-platform-unifying-documents-conversations-and-live-collaboration-in-a-single-secure-workspace
AMBO,2026-06-08 07:00,Ambow Education to Host HybriU Open House at NewSchool of Architecture and Design During AIA Conference on Architecture & Design 2026 in San Diego,GlobeNewswire,/news/360098/ambow-education-to-host-hybriu-open-house-at-newschool-of-architecture-and-design-during-aia-conference-on-architecture-design-2026-in-san-diego
AMBO,2026-05-28 07:00,"Ambow Education Holding Ltd. (NYSE American: AMBO) Launches HybriU Partner Portal With 150-Plus Sales Partner Applicants, Opening an Uncapped Commission Program for Its AI-Powered Phygital Platform",GlobeNewswire,/news/357651/ambow-education-holding-ltd-nyse-american-ambo-launches-hybriu-partner-portal-with-150-plus-sales-partner-applicants-opening-an-uncapped-commission-program-for-its-ai-powered-phygital-platform
AMBO,2026-05-19 07:00,"Ambow Education Holding Ltd. (NYSE American: AMBO) Launches HybriU Collaboration Board, Bringing One-Scan Real-Time Collaboration to Meetings, Classrooms, Workshops, and Live Events",GlobeNewswire,/news/355467/ambow-education-holding-ltd-nyse-american-ambo-launches-hybriu-collaboration-board-bringing-one-scan-real-time-collaboration-to-meetings-classrooms-workshops-and-live-events
AMBO,2026-05-11 16:00,Ambow Education Announces First Quarter of 2026 Financial Results,GlobeNewswire,/news/353016/ambow-education-announces-first-quarter-of-2026-financial-results
AMCI,2026-06-04 08:30,"AMC Robotics Makes Strategic Investment in Etronium AI, an Agentic Edge AI Company Founded by Duke University Professors",GlobeNewswire,/news/359627/amc-robotics-makes-strategic-investment-in-etronium-ai-an-agentic-edge-ai-company-founded-by-duke-university-professors
AMCI,2026-05-18 21:00,AMC Robotics Reports First Quarter 2026 Financial Results,GlobeNewswire,/news/355385/amc-robotics-reports-first-quarter-2026-financial-results
AMCI,2026-04-20 20:22,AMC Robotics Reports Full Year 2025 Financial Results,GlobeNewswire,/news/345991/amc-robotics-reports-full-year-2025-financial-results
AMCI,2026-04-15 18:22,AMC Robotics Announces Delay in Filing Annual Report on Form 10-K,GlobeNewswire,/news/344997/amc-robotics-announces-delay-in-filing-annual-report-on-form-10-k
AMCI,2026-03-13 06:00,RETRANSMISSION: AMC Robotics and HIVE Announce Collaboration to Advance AI-Driven Robotics Compute Infrastructure,Newsfile,https://www.newsfilecorp.com/release/288387/RETRANSMISSION-AMC-Robotics-and-HIVE-Announce-Collaboration-to-Advance-AIDriven-Robotics-Compute-Infrastructure
AMS,2026-05-22 07:00,"American Shared Hospital Services Announces Annual Shareholder Meeting to be Held on June 24, 2026",GlobeNewswire,/news/356611/american-shared-hospital-services-announces-annual-shareholder-meeting-to-be-held-on-june-24-2026
AMS,2026-05-14 19:04,American Shared Hospital Services (AMS) Q1 2026 Earnings Call Highlights: Strong Revenue Growth ...,GuruFocus.com,https://finance.yahoo.com/sectors/healthcare/articles/american-shared-hospital-services-ams-230453824.html
AMS,2026-05-14 16:48,American Shared Hospital Services Q1 2026 Earnings Call Summary,Moby,https://finance.yahoo.com/m/6cc27421-ec47-3d62-a95e-3c232153753b/american-shared-hospital.html
AMS,2026-05-14 07:00,American Shared Hospital Services Reports First Quarter 2026 Financial Results,GlobeNewswire,/news/354279/american-shared-hospital-services-reports-first-quarter-2026-financial-results
AMS,2026-05-12 07:00,American Shared Hospital Services Announces First Quarter 2026 Financial Results Conference Call,GlobeNewswire,/news/353255/american-shared-hospital-services-announces-first-quarter-2026-financial-results-conference-call
AMST,2026-05-19 13:23,Amesite Rips 250% On Its Largest AI Healthcare Deployment,GuruFocus.com,https://finance.yahoo.com/sectors/healthcare/articles/amesite-rips-250-largest-ai-172326930.html
AMST,2026-05-19 09:44,Amesite shares skyrocket after landing largest enterprise client to date (AMST),InvestorsHub,https://finance.yahoo.com/m/c5188a32-4021-3a6e-ba41-c6eb328b0d87/amesite-shares-skyrocket.html
AMST,2026-05-18 16:52,"Amesite's NurseMagic Wins 2,700-Census Home Care Enterprise Customer",GlobeNewswire,/news/355365/amesites-nursemagic-wins-2700-census-home-care-enterprise-customer
AMST,2026-04-28 16:57,Amesite Announces Closing of Up To $7.8 Million Concurrent Registered Direct Offering and Private Placements Priced At-the-Market Under Nasdaq Rules,GlobeNewswire,/news/348512/amesite-announces-closing-of-up-to-78-million-concurrent-registered-direct-offering-and-private-placements-priced-at-the-market-under-nasdaq-rules
AMST,2026-04-28 08:00,Amesite Announces Insider-Led Private Placement Priced at a Premium to Market,GlobeNewswire,/news/348224/amesite-announces-insider-led-private-placement-priced-at-a-premium-to-market
ANNA,2026-05-21 07:00,"AleAnna, Inc. Announces Receipt of Large D&M Prospective Resource Report and Significant Expansion of its 5-Year Development Plan",GlobeNewswire,/news/356209/aleanna-inc-announces-receipt-of-large-dm-prospective-resource-report-and-significant-expansion-of-its-5-year-development-plan
ANNA,2026-05-14 16:25,"AleAnna, Inc. Reports First Quarter 2026 Results",GlobeNewswire,/news/354690/aleanna-inc-reports-first-quarter-2026-results
ANNA,2026-03-30 18:36,"AleAnna, Inc. Reports Fourth Quarter and Full Year 2025 Results",GlobeNewswire,/news/341026/aleanna-inc-reports-fourth-quarter-and-full-year-2025-results
ANNA,2026-03-12 09:00,"AleAnna, Inc. Announces Significant Increase in Proved Reserves Volumes",GlobeNewswire,/news/336899/aleanna-inc-announces-significant-increase-in-proved-reserves-volumes
ANNA,2026-03-04 14:36,"AleAnna, Inc. (ANNA) Soars Following Jump in Natural Gas Prices",Insider Monkey,/news/329974/aleanna-inc-anna-soars-following-jump-in-natural-gas-prices
APWC,2026-05-14 09:00,APWC Announces Financial Results for the First Quarter of 2026,GlobeNewswire,/news/354480/apwc-announces-financial-results-for-the-first-quarter-of-2026
APWC,2026-05-01 09:00,Asia Pacific Wire & Cable Corporation Limited Announces Chief Financial Officer Change,GlobeNewswire,/news/349871/asia-pacific-wire-cable-corporation-limited-announces-chief-financial-officer-change
APWC,2026-04-29 09:00,APWC Announces Financial Results for the Fourth Quarter of 2025 and Fiscal Year 2025,GlobeNewswire,/news/348814/apwc-announces-financial-results-for-the-fourth-quarter-of-2025-and-fiscal-year-2025
APWC,2026-02-26 09:15,Asia Pacific Wire & Cable Corporation Limited Announces Final Results of the Rights Offering,GlobeNewswire,/news/323355/asia-pacific-wire-cable-corporation-limited-announces-final-results-of-the-rights-offering
APWC,2026-01-28 09:00,Asia Pacific Wire & Cable Corporation Limited Announces Results of the Rights Offering,GlobeNewswire,/news/289955/asia-pacific-wire-cable-corporation-limited-announces-results-of-the-rights-offering
AQMS,2026-06-11 07:00,Aqua Metals Selected as Industrial Partner on DOE-Funded Idaho National Laboratory Program Advancing Critical Minerals Refining,GlobeNewswire,/news/361097/aqua-metals-selected-as-industrial-partner-on-doe-funded-idaho-national-laboratory-program-advancing-critical-minerals-refining
AQMS,2026-05-15 08:30,"Aqua Metals, Inc. Q2 2026 Earnings Call Summary",Moby,https://finance.yahoo.com/m/9c2d2fe0-a6fc-3061-9241-10c5f3fa1db4/aqua-metals%2C-inc.-q2-2026.html
AQMS,2026-05-15 01:02,Aqua Metals Inc (AQMS) Q1 2026 Earnings Call Highlights: Progress in Commercialization and ...,GuruFocus.com,https://finance.yahoo.com/markets/stocks/articles/aqua-metals-inc-aqms-q1-050239415.html
AQMS,2026-05-14 16:54,Aqua Metals: Q1 Earnings Snapshot,Associated Press,https://finance.yahoo.com/markets/stocks/articles/aqua-metals-q1-earnings-snapshot-205440880.html
AQMS,2026-05-14 16:05,"Aqua Metals Reports First Quarter 2026 Progress on Commercialization, Strategic Initiatives, and Expanded Platform Capabilities Across Critical Minerals and Energy Storage Markets",GlobeNewswire,/news/354605/aqua-metals-reports-first-quarter-2026-progress-on-commercialization-strategic-initiatives-and-expanded-platform-capabilities-across-critical-minerals-and-energy-storage-markets
ARTL,2026-06-10 07:38,Artelo Biosciences Presents ART26.12 Human Metabolite Data Demonstrating Favorable Drug Metabolism Characteristics Associated with Clinical Development Success,GlobeNewswire,/news/360775/artelo-biosciences-presents-art2612-human-metabolite-data-demonstrating-favorable-drug-metabolism-characteristics-associated-with-clinical-development-success
ARTL,2026-05-14 16:05,Artelo Biosciences Provides Business Update Outlining Upcoming Milestones and Reports 2026 First Quarter Financial Results,GlobeNewswire,/news/354622/artelo-biosciences-provides-business-update-outlining-upcoming-milestones-and-reports-2026-first-quarter-financial-results
ARTL,2026-04-28 08:25,Artelo Biosciences Announces Strategic Collaboration with Artificial Intelligence (AI) Leader ScienceMachine Highlighting New Expansion Opportunities and Insights for FABP5 Inhibitor Development,GlobeNewswire,/news/348261/artelo-biosciences-announces-strategic-collaboration-with-artificial-intelligence-ai-leader-sciencemachine-highlighting-new-expansion-opportunities-and-insights-for-fabp5-inhibitor-development
ARTL,2026-04-20 10:30,BC-Most Active Stocks,Associated Press,https://finance.yahoo.com/markets/stocks/articles/bc-most-active-stocks-143018596.html
ARTL,2026-04-20 07:50,Artelo Announces Peer-Reviewed Publication Supporting its FABP5 Inhibitor ART26.12 as a Novel Pain Treatment with a Potentially First-in-Class Profile,GlobeNewswire,/news/345720/artelo-announces-peer-reviewed-publication-supporting-its-fabp5-inhibitor-art2612-as-a-novel-pain-treatment-with-a-potentially-first-in-class-profile
ASBP,2026-06-12 10:20,Aspire Biopharma Acquires Automotive Supplier Dura Driver Control Systems in $30M Deal (ASBP),InvestorsHub,https://finance.yahoo.com/m/af876f24-6e3d-3be4-9c2a-69dc0fb23b3e/aspire-biopharma-acquires.html
ASBP,2026-06-12 10:14,ASBP Stock Heads For Best Week In Over 2 Months  Why This Drug Delivery Tech Firm Is Buying An Auto Supplier?,Stocktwits,https://finance.yahoo.com/m/6750e537-459f-3b3c-a14c-eb4f4aae777d/asbp-stock-heads-for-best.html
ASBP,2026-06-12 08:30,"Aspire Biopharma Announces Signing of Definitive Share Purchase Agreement to Acquire Dura Driver Control Systems, a Leading Global Automotive Supplier with a 100+ Year History and $200M+ in 2025 Revenue",ACCESSWIRE,/news/361429/aspire-biopharma-announces-signing-of-definitive-share-purchase-agreement-to-acquire-dura-driver-control-systems-a-leading-global-automotive-supplier-with-a-100-year-history-and-200m-in-2025-revenue
ASBP,2026-05-28 08:30,Aspire Biopharma Issues Shareholder Letter,ACCESSWIRE,/news/357796/aspire-biopharma-issues-shareholder-letter
ASBP,2026-05-27 08:30,Aspire Biopharma's BUZZ BOMBTM Partners with EoS Fitness to Empower High-Performance Lifestyles for Millions of Members,ACCESSWIRE,/news/357337/aspire-biopharmas-buzz-bombtm-partners-with-eos-fitness-to-empower-high-performance-lifestyles-for-millions-of-members
ASTC,2026-06-16 08:30,"Astrotech Board Approves Potential Sale Process of 1st Detect and TRACER 1000, the Only Field-Deployed Mass Spectrometry ETD, as the Company Focuses on Its Initiative in Space",GlobeNewswire,/news/362019/astrotech-board-approves-potential-sale-process-of-1st-detect-and-tracer-1000-the-only-field-deployed-mass-spectrometry-etd-as-the-company-focuses-on-its-initiative-in-space
ASTC,2026-06-08 08:30,Astrotech Corporation's 1st Detect TRACER 1000 Receives ECAC Certification for Wand Swabbing,GlobeNewswire,/news/360199/astrotech-corporations-1st-detect-tracer-1000-receives-ecac-certification-for-wand-swabbing
ASTC,2026-06-03 02:31,ASTC Stock Eyes Best Year Since 1997  Retail Traders Shrug Off Short Report Warning Of 99% Downside,Stocktwits,https://finance.yahoo.com/m/826e8164-3168-3b6a-8745-22486cd4fc24/astc-stock-eyes-best-year.html
ASTC,2026-05-29 14:40,"This Micro-Cap Stock Has Surged Over 2,000% This Week For Its Lunar Infrastructure Ambitions",Stocktwits,https://finance.yahoo.com/m/eaafdca1-fd6f-35b3-9e3a-3da5bfe79810/this-micro-cap-stock-has.html
ASTC,2026-05-27 11:59,Astrotech Launches Lunar Resource and Quantum Computing Infrastructure Initiative (ASTC),InvestorsHub,https://finance.yahoo.com/m/5d972f6e-e7e4-3202-8b19-aab61fb91799/astrotech-launches-lunar.html
ATPC,2026-03-12 09:00,Agape ATP Corporation Regains Compliance with Nasdaq Minimum Bid Price Requirement,ACCESSWIRE,/news/336911/agape-atp-corporation-regains-compliance-with-nasdaq-minimum-bid-price-requirement
ATPC,2026-03-10 09:00,AGAPE ATP Corporation Forges Strategic Collaboration with UAE-Based Citadel Investment,ACCESSWIRE,/news/335020/agape-atp-corporation-forges-strategic-collaboration-with-uae-based-citadel-investment
ATPC,2026-02-06 11:00,Agape ATP Corporation Announces 1-For-50 Reverse Stock Split,ACCESSWIRE,/news/302986/agape-atp-corporation-announces-1-for-50-reverse-stock-split
ATPC,2026-02-05 09:00,Agape ATP Corporation Receives Nasdaq Delisting Notice,ACCESSWIRE,/news/301319/agape-atp-corporation-receives-nasdaq-delisting-notice
ATPC,2026-01-29 08:27,Agape ATP Corporation Receives Nasdaq Notice on Minimum Bid Price Requirement,ACCESSWIRE,/news/291500/agape-atp-corporation-receives-nasdaq-notice-on-minimum-bid-price-requirement
ATXG,2026-03-26 09:00,Addentax Group Corp. Announces Reverse Stock Split,PR Newswire,/news/340285/addentax-group-corp-announces-reverse-stock-split
ATXG,2026-03-17 09:25,"Addentax Group Corp. Announces Strategic Fintech Initiative and Negotiations to Acquire Up to 20 Online Lending Platforms in Asia Pacific Representing Over 600,000 Customers and Estimated Annual Loan Volume Exceeding HK$25 Billion",PR Newswire,/news/337986/addentax-group-corp-announces-strategic-fintech-initiative-and-negotiations-to-acquire-up-to-20-online-lending-platforms-in-asia-pacific-representing-over-600000-customers-and-estimated-annual-loan-volume-exceeding-hk25-billion
ATXG,2026-02-12 09:25,"Addentax Group Corp. Advances Sovereign-Aligned Stablecoin Initiative in Southeast Asia with Strategic Bitcoin Investor, Within Plan to Pursue up to 12,000 Bitcoins Acquistion",PR Newswire,/news/309093/addentax-group-corp-advances-sovereign-aligned-stablecoin-initiative-in-southeast-asia-with-strategic-bitcoin-investor-within-plan-to-pursue-up-to-12000-bitcoins-acquistion
ATXG,2026-02-11 09:25,"Addentax Group Corp. Announces Proposed Acquisition of Leading Asian AI-Enabled Hong Kong-based Licensed Digital Lending Platform, with Over HK$2 Billion Annual Loan Volume",PR Newswire,/news/307358/addentax-group-corp-announces-proposed-acquisition-of-leading-asian-ai-enabled-hong-kong-based-licensed-digital-lending-platform-with-over-hk2-billion-annual-loan-volume
ATXG,2026-02-10 09:25,"Addentax Group Corp. Entered Into Memorandum of Understanding for Potential US$200 Million Strategic Investment with Middle East Royal-Backed Institutional Investors at Proposed Price of $1.50 per Share, Supporting AI and Crypto Strategy",PR Newswire,/news/305647/addentax-group-corp-entered-into-memorandum-of-understanding-for-potential-us200-million-strategic-investment-with-middle-east-royal-backed-institutional-investors-at-proposed-price-of-150-per-share-supporting-ai-and-crypto-strategy
AUUD,2026-06-22 07:00,"Auddia Announces LT350 Advancement Toward First AI Datacenter Deployment, Engaging Fresh Consulting to Lead Engineering and Development",GlobeNewswire,/news/362943/auddia-announces-lt350-advancement-toward-first-ai-datacenter-deployment-engaging-fresh-consulting-to-lead-engineering-and-development
AUUD,2026-06-16 07:00,Discovr Radio to Embed Across All Four Days of CAMP Toronto in First Major Activation with Beatcave,GlobeNewswire,/news/361925/discovr-radio-to-embed-across-all-four-days-of-camp-toronto-in-first-major-activation-with-beatcave
AUUD,2026-06-11 08:31,Auddia Provides Update on McCarthy Finney Merger as Process Advances Toward Expected Closing,GlobeNewswire,/news/361193/auddia-provides-update-on-mccarthy-finney-merger-as-process-advances-toward-expected-closing
AUUD,2026-06-04 06:00,Auddia Announces First Build Milestones for McCarthy Finney Operating System (MCFN-OS) Ahead of Proposed Merger Close,GlobeNewswire,/news/359513/auddia-announces-first-build-milestones-for-mccarthy-finney-operating-system-mcfn-os-ahead-of-proposed-merger-close
AUUD,2026-06-01 06:00,Auddia's Discovr Radio Forms AI-Driven Partnership With Beatcave to Expand Independent Artist Discovery Across Canada,GlobeNewswire,/news/358325/auddias-discovr-radio-forms-ai-driven-partnership-with-beatcave-to-expand-independent-artist-discovery-across-canada
AXIL,2026-06-17 08:00,AXIL Brands Announces Full Range of Advanced Hearing Protection and Enhancement Products at U.S. Marine Corps Exchanges (MCX),GlobeNewswire,/news/362304/axil-brands-announces-full-range-of-advanced-hearing-protection-and-enhancement-products-at-us-marine-corps-exchanges-mcx
AXIL,2026-04-29 08:00,Axil Brands Announces Expanded Partnership with Walmart,GlobeNewswire,/news/348738/axil-brands-announces-expanded-partnership-with-walmart
AXIL,2026-04-08 08:10,"AXIL Brands, Inc. Reports Third Quarter Fiscal Year 2026 Financial Results",GlobeNewswire,/news/343143/axil-brands-inc-reports-third-quarter-fiscal-year-2026-financial-results
AXIL,2026-04-01 08:00,AXIL Brands Launches AXIL Hearing Protection Products at HomeDepot Online,GlobeNewswire,/news/341657/axil-brands-launches-axil-hearing-protection-products-at-homedepot-online
AXIL,2026-03-30 08:00,AXIL Brands to Introduce GSX 3.0 and XCOR Pro Hearing Protection Products Nationwide at Sportsman's Warehouse,GlobeNewswire,/news/340781/axil-brands-to-introduce-gsx-30-and-xcor-pro-hearing-protection-products-nationwide-at-sportsmans-warehouse
AZI,2026-05-29 11:30,Autozi Internet Technology (Global) Ltd. Reports First Half Fiscal Year 2026 Financial Results,GlobeNewswire,/news/358182/autozi-internet-technology-global-ltd-reports-first-half-fiscal-year-2026-financial-results
AZI,2026-03-29 10:00,Autozi Internet Technology (Global) Ltd. Receives NASDAQ Notification Regarding Minimum Market Value of Listed Securities,GlobeNewswire,/news/340674/autozi-internet-technology-global-ltd-receives-nasdaq-notification-regarding-minimum-market-value-of-listed-securities
AZI,2026-03-18 16:15,Autozi Internet Technology (Global) Ltd. Announces 10 for 1 Share Consolidation,GlobeNewswire,/news/338462/autozi-internet-technology-global-ltd-announces-10-for-1-share-consolidation
AZI,2026-03-10 07:25,"Autozi Announces First Tranche of $30 Million Investment from Co-Investors to Commence This Week, Fulfilling Investment Commitment",PR Newswire,/news/334772/autozi-announces-first-tranche-of-30-million-investment-from-co-investors-to-commence-this-week-fulfilling-investment-commitment
AZI,2026-03-09 21:19,"Hims & Hers, Roku, Oracle, Autozi And Joby Aviation: Why These 5 Stocks Are On Investors' Radars Today",Benzinga,/news/334528/hims-hers-roku-oracle-autozi-and-joby-aviation-why-these-5-stocks-are-on-investors-radars-today
BAOS,2024-05-31 01:30,Baosheng Media Group Holdings Limited Announces Filing of Current Report on Form 6-K with the SEC regarding Pending Legal Proceeding,GlobeNewswire,https://www.globenewswire.com/news-release/2024/05/31/2891268/0/en/Baosheng-Media-Group-Holdings-Limited-Announces-Filing-of-Current-Report-on-Form-6-K-with-the-SEC-regarding-Pending-Legal-Proceeding.html
BAOS,2023-05-10 06:06,Baosheng Media Group Holdings Full Year 2022 Earnings: US$15.47 loss per share (vs US$4.62 loss in FY 2021),Simply Wall St.,https://finance.yahoo.com/news/baosheng-media-group-holdings-full-100658124.html
BAOS,2023-04-07 08:00,Baosheng Media Group Holdings Limited Regains Compliance with Nasdaq Minimum Bid Price Requirement,GlobeNewswire,https://finance.yahoo.com/news/baosheng-media-group-holdings-limited-120000400.html
BAOS,2023-03-21 13:00,Baosheng Media Group Holdings Limited Announces Share Consolidation,GlobeNewswire,https://finance.yahoo.com/news/baosheng-media-group-holdings-limited-170000472.html
BAOS,2022-12-21 08:00,Baosheng Media Group Holdings Limited Receives Nasdaq Notification Regarding Minimum Bid Price Deficiency,GlobeNewswire,https://finance.yahoo.com/news/baosheng-media-group-holdings-limited-130000736.html
BARK,2026-06-16 08:00,BARK and Guy Fieri Are Taking Dogs Straight to Flavortown,Business Wire,https://www.businesswire.com/news/home/20260616450833/en/BARK
BARK,2026-06-10 01:00,BARK Inc (BARK) Q4 2026 Earnings Call Highlights: Navigating Profitability Amid Revenue Challenges,GuruFocus.com,https://finance.yahoo.com/markets/stocks/articles/bark-inc-bark-q4-2026-050019818.html
BARK,2026-06-09 20:16,"BARK, Inc. Q4 2026 Earnings Call Summary",Moby,https://finance.yahoo.com/m/a42592e7-a1c8-3140-ac09-293fe60f478f/bark%2C-inc.-q4-2026-earnings.html
BARK,2026-06-09 16:05,BARK Reports Fiscal Fourth Quarter and Full Year 2026 Results,Business Wire,https://www.businesswire.com/news/home/20260609274754/en/
BARK,2026-06-08 09:16,What To Expect From BARK Inc (BARK) Q4 2026 Earnings,GuruFocus.com,https://finance.yahoo.com/markets/stocks/articles/expect-bark-inc-bark-q4-131604820.html
BBGI,2026-05-13 07:00,BEASLEY BROADCAST GROUP REPORTS FIRST QUARTER REVENUE OF $42.6 MILLION,PR Newswire,/news/353779/beasley-broadcast-group-reports-first-quarter-revenue-of-426-million
BBGI,2026-05-07 16:15,"BEASLEY BROADCAST GROUP TO REPORT Q1 2026 FINANCIAL RESULTS, HOST CONFERENCE CALL AND WEBCAST ON MAY 13",PR Newswire,/news/352334/beasley-broadcast-group-to-report-q1-2026-financial-results-host-conference-call-and-webcast-on-may-13
BBGI,2026-05-01 16:15,Beasley Broadcast Group Announces Settlement of Previously Announced Exchange Offer and Tender Offer,PR Newswire,/news/349942/beasley-broadcast-group-announces-settlement-of-previously-announced-exchange-offer-and-tender-offer
BBGI,2026-04-29 08:00,"Beasley Broadcast Group Announces Expiration of Exchange Offer, Tender Offer and Consent Solicitations and Receipt of Valid Consents from 100% of Outstanding Existing First Lien Noteholders to Proposed Amendments to Existing First Lien Notes Indenture and Acceptance of 99.53% of Outstanding Existing Second Lien Notes",PR Newswire,/news/348720/beasley-broadcast-group-announces-expiration-of-exchange-offer-tender-offer-and-consent-solicitations-and-receipt-of-valid-consents-from-100-of-outstanding-existing-first-lien-noteholders-to-proposed-amendments-to-existing-first-lien-notes-indenture-and-acceptance-of-9953-of-outstanding-existing-second-lien-notes
BBGI,2026-04-08 16:43,"Beasley Broadcast Group, Inc. Q4 2025 Earnings Call Summary",Moby,https://finance.yahoo.com/m/51435aff-cb32-3ed6-8840-6bb976edc3ac/beasley-broadcast-group%2C-inc..html
BCG,2026-05-15 16:05,Binah Capital Group Reports Results for First Quarter of 2026,GlobeNewswire,/news/354986/binah-capital-group-reports-results-for-first-quarter-of-2026
BCG,2026-04-09 16:05,Binah Capital Group Promotes Christopher Motta to President of World Equity Group,GlobeNewswire,/news/343643/binah-capital-group-promotes-christopher-motta-to-president-of-world-equity-group
BCG,2026-04-01 10:30,BC-Most Active Stocks,Associated Press,https://finance.yahoo.com/markets/stocks/articles/bc-most-active-stocks-143018380.html
BCG,2026-03-31 17:29,Binah Capital Group Reports Results for Fourth Quarter and Full Year 2025,GlobeNewswire,/news/341509/binah-capital-group-reports-results-for-fourth-quarter-and-full-year-2025
BCG,2025-12-03 11:55,BINAH Capital Group Welcomes Recently Acquired Commonwealth Team to its Broker-Dealer Platform Through its Long-Standing Strategic Relationship with Merit Financial Advisors,GlobeNewswire,/news/244557/binah-capital-group-welcomes-recently-acquired-commonwealth-team-to-its-broker-dealer-platform-through-its-long-standing-strategic-relationship-with-merit-financial-advisors
BDSX,2026-05-21 06:00,Biodesix to Participate in Upcoming Investor Conferences,GlobeNewswire,/news/356173/biodesix-to-participate-in-upcoming-investor-conferences
BDSX,2026-05-11 09:17,Biodesix Announces ATS 2026 Presentations Providing Real-World Clinical Evidence and Healthcare System Economic Value for Nodify Lung Testing Strategy,GlobeNewswire,/news/352951/biodesix-announces-ats-2026-presentations-providing-real-world-clinical-evidence-and-healthcare-system-economic-value-for-nodify-lung-testing-strategy
BDSX,2026-05-04 20:16,"Biodesix, Inc. Q1 2026 Earnings Call Summary",Moby,https://finance.yahoo.com/m/cd726c6f-c190-3d33-8364-394264e328db/biodesix%2C-inc.-q1-2026.html
BDSX,2026-05-04 16:01,Biodesix Announces First Quarter 2026 Results and Highlights,GlobeNewswire,/news/350311/biodesix-announces-first-quarter-2026-results-and-highlights
BDSX,2026-05-01 09:19,Earnings To Watch: Biodesix Inc (BDSX) Reports Q1 2026 Result,GuruFocus.com,https://finance.yahoo.com/markets/stocks/articles/earnings-watch-biodesix-inc-bdsx-131936313.html
BELFA,2026-05-21 16:05,Bel Fuse Inc. Announces Regular Quarterly Cash Dividend on its Class A and Class B Shares,GlobeNewswire,/news/356491/bel-fuse-inc-announces-regular-quarterly-cash-dividend-on-its-class-a-and-class-b-shares
BELFA,2026-05-13 21:02,Bel Fuse Inc. Announces Pricing of Upsized Public Offering of Class B Common Stock,GlobeNewswire,/news/354208/bel-fuse-inc-announces-pricing-of-upsized-public-offering-of-class-b-common-stock
BELFA,2026-05-12 16:55,Bel Fuse Inc. Announces Launch of Public Offering of Class B Common Stock,GlobeNewswire,/news/353673/bel-fuse-inc-announces-launch-of-public-offering-of-class-b-common-stock
BELFA,2026-05-01 08:05,Bel Fuse Announces Upcoming Conference Schedule for May 2026,GlobeNewswire,/news/349832/bel-fuse-announces-upcoming-conference-schedule-for-may-2026
BELFA,2026-04-29 16:33,Bel Fuse: Q1 Earnings Snapshot,Associated Press,https://finance.yahoo.com/markets/stocks/articles/bel-fuse-q1-earnings-snapshot-203315857.html
BENF,2026-05-11 07:30,Beneficient Statement on Heppner Conviction,GlobeNewswire,/news/352808/beneficient-statement-on-heppner-conviction
BENF,2026-04-10 07:30,Beneficient Closes $8.75 Million GP Primary Capital Transaction,GlobeNewswire,/news/343765/beneficient-closes-875-million-gp-primary-capital-transaction
BENF,2026-03-12 07:30,Beneficient Appoints Mack H. Hicks to Board of Directors,GlobeNewswire,/news/336731/beneficient-appoints-mack-h-hicks-to-board-of-directors
BENF,2026-02-18 08:30,Beneficient Q3 2026 Earnings Call Summary,Moby,https://finance.yahoo.com/m/1bbfe649-8b1a-3d11-9958-8b1e96d14686/beneficient-q3-2026-earnings.html
BENF,2026-02-18 00:24,What Sparked Beneficient (BENF) Stock's Over 93% Surge After Hours?,Benzinga,/news/313737/what-sparked-beneficient-benf-stocks-over-93-surge-after-hours
BESS,2026-06-19 06:40,Eos receives first purchase order from FPUSA for Texas BESS project,Energy Monitor,https://finance.yahoo.com/m/cfc5775c-dd29-35d5-88d3-df98c54ea9d5/eos-receives-first-purchase.html
BESS,2026-06-05 06:30,"Bimergen Energy (BESS) to Present Path to $400 Million Revenues in The Small Cap Showcase & Water Tower Research Insights, June 9, 2026",GlobeNewswire,/news/359842/bimergen-energy-bess-to-present-path-to-400-million-revenues-in-the-small-cap-showcase-water-tower-research-insights-june-9-2026
BESS,2026-05-21 13:06,EOSE Stock Surges 11% Today  Whats The Frontier Power USA Connection?,Stocktwits,https://finance.yahoo.com/m/75cc2262-1240-3fa3-9760-0d263270c163/eose-stock-surges-11%25-today-%E2%80%93.html
BESS,2026-05-21 11:00,FPUSA Converts 480 MWh of Long-Duration Energy Storage Projects from the Bimergen Energy Portfolio,GlobeNewswire,/news/356408/fpusa-converts-480-mwh-of-long-duration-energy-storage-projects-from-the-bimergen-energy-portfolio
BESS,2026-05-12 06:30,Bimergen Energy to Present May 18th a $2B Asset Growth Plan at the LD Micro 16th Annual Invitational,GlobeNewswire,/news/353217/bimergen-energy-to-present-may-18th-a-2b-asset-growth-plan-at-the-ld-micro-16th-annual-invitational
BGDE,2026-06-17 09:04,"Big Digital Energy, Inc. Regains Compliance with Nasdaq Listing Rule 5550(b)(1)",GlobeNewswire,/news/362389/big-digital-energy-inc-regains-compliance-with-nasdaq-listing-rule-5550b1
BGDE,2026-06-09 16:30,"Big Digital Energy, Inc. Terminates Existing Stockholder Rights Agreement",GlobeNewswire,/news/360687/big-digital-energy-inc-terminates-existing-stockholder-rights-agreement
BGDE,2026-04-07 08:13,Mawson Infrastructure shares jump 52% following board reconstitution,Blockspace,https://finance.yahoo.com/m/afb167e1-3dc7-3650-99f4-32a010d7148a/mawson-infrastructure-shares.html
BGDE,2026-02-07 10:30,"Crypto Currents: Strategy, Galaxy Digital report Q4 earnings results",TipRanks,https://finance.yahoo.com/news/crypto-currents-strategy-galaxy-digital-153045203.html
BGDE,2026-02-04 11:23,Endeavor condemns Mawson poison pill defense amid takeover battle,Blockspace,https://finance.yahoo.com/m/a74ed5e9-5b40-39ac-8940-4b659e1322df/endeavor-condemns-mawson.html
BGI,2026-06-05 17:00,Birks Group Announces the Closing of a New Term Loan Facility With Gordon Brothers Replacing Its Former Term Loan Facility and the Extension of Its Revolver Facility With Wells Fargo,Business Wire,https://www.businesswire.com/news/home/20260605004699/en
BGI,2026-02-10 16:45,Birks Group Announces the Retirement and New Appointment of Its CFO,Business Wire,https://www.businesswire.com/news/home/20260210316203/en
BGI,2026-01-29 17:15,Birks Group Reports FY2026 Holiday Period Sales Results,Business Wire,https://www.businesswire.com/news/home/20260129688816/en
BGI,2025-08-07 09:15,Diamonds Direct® Entered into Canadian Licensing Agreement,PR Newswire,https://finance.yahoo.com/news/diamonds-direct-entered-canadian-licensing-131500983.html
BGI,2025-07-25 17:00,Birks Group Inc. Reports Fiscal 2025 Results,Business Wire,https://finance.yahoo.com/news/birks-group-inc-reports-fiscal-210000320.html
BGLC,2026-05-29 09:00,BioNexus Gene Lab Corp. Calls for Malaysia-China Biotechnology Cooperation to Move Beyond Trade into Co-Development,GlobeNewswire,/news/358151/bionexus-gene-lab-corp-calls-for-malaysia-china-biotechnology-cooperation-to-move-beyond-trade-into-co-development
BGLC,2026-03-11 08:45,BioNexus Gene Lab Corp. Announces Appointment of Dr. Muthu Meyyappan as Chief Commercial Officer of Fidelion Diagnostics to Lead Global Commercialization of the VitaGuard MRD Platform,GlobeNewswire,/news/336426/bionexus-gene-lab-corp-announces-appointment-of-dr-muthu-meyyappan-as-chief-commercial-officer-of-fidelion-diagnostics-to-lead-global-commercialization-of-the-vitaguard-mrd-platform
BGLC,2026-02-23 08:30,BioNexus Gene Lab Corp. Completes Chemrex Governance Restructuring; Appoints Matthew Barsing as Chairman,GlobeNewswire,/news/318516/bionexus-gene-lab-corp-completes-chemrex-governance-restructuring-appoints-matthew-barsing-as-chairman
BGLC,2026-01-28 09:00,BioNexus Launches Regional Deployment of VitaGuard MRD Infrastructure; Positioned to Challenge Legacy Oncology Platforms Across ASEAN's Multi-Billion Dollar Market,GlobeNewswire,/news/289956/bionexus-launches-regional-deployment-of-vitaguard-mrd-infrastructure-positioned-to-challenge-legacy-oncology-platforms-across-aseans-multi-billion-dollar-market
BGLC,2025-12-03 08:45,BioNexus Gene Lab Corp. Completes Strategic Investment in Fidelion Diagnostics; Secures 15% Equity Stake in Global AI-Oncology Platform and Exclusive Southeast Asian Rights for VitaGuard,GlobeNewswire,/news/244187/bionexus-gene-lab-corp-completes-strategic-investment-in-fidelion-diagnostics-secures-15-equity-stake-in-global-ai-oncology-platform-and-exclusive-southeast-asian-rights-for-vitaguard
BGMS,2026-06-18 11:29,"Are GBTG, BGMS, SUNE, ESPR Obtaining Fair Deals for their Shareholders?",PR Newswire,/news/362755/are-gbtg-bgms-sune-espr-obtaining-fair-deals-for-their-shareholders
BGMS,2026-06-04 16:10,"BIO GREEN MED SOLUTION, INC. ANNOUNCES BUSINESS COMBINATION AGREEMENT TO ACQUIRE FUTURE NRG SDN. BHD.",GlobeNewswire,/news/359779/bio-green-med-solution-inc-announces-business-combination-agreement-to-acquire-future-nrg-sdn-bhd
BGMS,2026-05-14 16:15,BIO GREEN MED SOLUTION REPORTS FIRST QUARTER FINANCIAL RESULTS AND PROVIDES BUSINESS UPDATE,GlobeNewswire,/news/354677/bio-green-med-solution-reports-first-quarter-financial-results-and-provides-business-update
BGMS,2026-03-30 16:15,BIO GREEN MED SOLUTION REPORTS FOURTH QUARTER AND FULL YEAR 2025 FINANCIAL RESULTS AND PROVIDES BUSINESS UPDATE,GlobeNewswire,/news/340981/bio-green-med-solution-reports-fourth-quarter-and-full-year-2025-financial-results-and-provides-business-update
BGMS,2025-11-13 16:40,Bio Green Med Solution Reports Third Quarter Financial Results and Provides Business Update,GlobeNewswire,/news/229535/bio-green-med-solution-reports-third-quarter-financial-results-and-provides-business-update
BH,2026-05-08 16:18,Biglari: Q1 Earnings Snapshot,Associated Press,https://finance.yahoo.com/markets/stocks/articles/biglari-q1-earnings-snapshot-201822184.html
BH,2026-05-08 16:10,Biglari Holdings Inc. News Release,PR Newswire,/news/352675/biglari-holdings-inc-news-release
BH,2026-03-04 11:01,"Steak 'n Shake Says It's Paying Hourly Employees A Bitcoin Bonus For Every Hour Worked, Pledges Trump Account Contributions",Benzinga,https://finance.yahoo.com/news/steak-n-shake-says-paying-160110417.html
BH,2026-03-03 00:58,"Steak 'n Shake Says It's Paying Hourly Employees A Bitcoin Bonus For Every Hour Worked, Pledges Trump Account Contributions",Benzinga,/news/327776/steak-n-shake-says-its-paying-hourly-employees-a-bitcoin-bonus-for-every-hour-worked-pledges-trump-account-contributions
BH,2026-02-28 09:44,BIGLARI HOLDINGS INC. NEWS RELEASE,PR Newswire,/news/326080/biglari-holdings-inc-news-release
BIAF,2026-06-22 08:00,bioAffinity Technologies Reports Positive Preclinical Findings Showing Proprietary Gene Silencing Technology Is Selectively Cytotoxic to Squamous Skin Cancer Cells Without Harming Healthy Cells,Business Wire,https://www.businesswire.com/news/home/20260622115344/en/
BIAF,2026-06-18 14:54,WallachBeth Capital Announces Closing of bioAffinity Technologies $3.2 Million Offering,PR Newswire,/news/362772/wallachbeth-capital-announces-closing-of-bioaffinity-technologies-32-million-offering
BIAF,2026-06-18 13:16,bioAffinity Technologies Announces Closing of $3.2 Million Offering,Business Wire,https://www.businesswire.com/news/home/20260618108310/en/
BIAF,2026-06-17 10:41,WallachBeth Capital Announces Pricing of bioAffinity Technologies $3.2 Million Offering,PR Newswire,/news/362415/wallachbeth-capital-announces-pricing-of-bioaffinity-technologies-32-million-offering
BIAF,2026-06-17 09:25,bioAffinity Technologies Announces Pricing of $3.2 Million Offering,Business Wire,https://www.businesswire.com/news/home/20260617929210/en/
BIYA,2026-05-27 09:16,"Baiya International Group Inc. Provides Initial Operational Update on ""Binance Plan""",GlobeNewswire,/news/357406/baiya-international-group-inc-provides-initial-operational-update-on-binance-plan
BIYA,2026-05-22 17:11,Baiya Renames Crypto Strategy After $1 Million BNB Allocation,CryptoProwl,https://finance.yahoo.com/m/912db71b-e07c-38ad-9217-15c9238adfca/baiya-renames-crypto-strategy.html
BIYA,2026-05-22 08:30,"""Ark Plan"" Renamed to ""Binance Plan"": Baiya International Group Inc. Establishes $1 Million Strategic BNB Position",GlobeNewswire,/news/356650/ark-plan-renamed-to-binance-plan-baiya-international-group-inc-establishes-1-million-strategic-bnb-position
BIYA,2026-05-05 10:30,BC-Most Active Stocks,Associated Press,https://finance.yahoo.com/markets/stocks/articles/bc-most-active-stocks-143017809.html
BIYA,2026-04-30 16:28,Baiya International Group Inc. Announces Fiscal Year 2025 Financial Results,PR Newswire,/news/349641/baiya-international-group-inc-announces-fiscal-year-2025-financial-results
BJDX,2026-06-05 20:13,Bluejay Diagnostics Announces Closing of Up to $23.7 Million Private Placement Priced At-The-Market Under Nasdaq Rules,GlobeNewswire,/news/360026/bluejay-diagnostics-announces-closing-of-up-to-237-million-private-placement-priced-at-the-market-under-nasdaq-rules
BJDX,2026-06-02 12:19,Bluejay Diagnostics Announces up to $23.6 Million Private Placement Priced At-the-Market Under Nasdaq Rules,GlobeNewswire,/news/359009/bluejay-diagnostics-announces-up-to-236-million-private-placement-priced-at-the-market-under-nasdaq-rules
BJDX,2026-06-02 06:30,Bluejay Diagnostics and Argonaut Manufacturing Services Announce Strategic Partnership,GlobeNewswire,/news/358753/bluejay-diagnostics-and-argonaut-manufacturing-services-announce-strategic-partnership
BJDX,2026-05-07 16:01,Bluejay Diagnostics Provides First Quarter 2026 Corporate Update,GlobeNewswire,/news/352172/bluejay-diagnostics-provides-first-quarter-2026-corporate-update
BJDX,2026-04-07 06:30,"Bluejay Diagnostics, Inc. Announces Completion of 624 Patient Enrollments in SYMON-II Pivotal Clinical Trial",GlobeNewswire,/news/342667/bluejay-diagnostics-inc-announces-completion-of-624-patient-enrollments-in-symon-ii-pivotal-clinical-trial
BKTI,2026-05-14 07:10,BK Technologies Reports First Quarter of Fiscal Year 2026 Results; Record Cash Balance Achieved,ACCESSWIRE,/news/354308/bk-technologies-reports-first-quarter-of-fiscal-year-2026-results-record-cash-balance-achieved
BKTI,2026-04-30 08:10,"BK Technologies to Host First Quarter 2026 Results Conference Call on Thursday, May 14, 2026",ACCESSWIRE,/news/349318/bk-technologies-to-host-first-quarter-2026-results-conference-call-on-thursday-may-14-2026
BKTI,2026-04-21 08:10,"BK Technologies Announces Public Debut of BKR9500 Multiband Mobile Radio, Completing Next Generation Multiband Platform",ACCESSWIRE,/news/346155/bk-technologies-announces-public-debut-of-bkr9500-multiband-mobile-radio-completing-next-generation-multiband-platform
BKTI,2026-04-20 10:10,CORRECTION FROM SOURCE: BK Technologies Nominates Bradley A. Stoddard to its Board of Directors,ACCESSWIRE,/news/345840/correction-from-source-bk-technologies-nominates-bradley-a-stoddard-to-its-board-of-directors
BKTI,2026-04-20 08:10,BK Technologies Nominates Bradley A. Stoddard to its Board of Directors,ACCESSWIRE,/news/345767/bk-technologies-nominates-bradley-a-stoddard-to-its-board-of-directors
BNAI,2026-06-15 06:00,Brand Engagement Network (NASDAQ: BNAI) Selected for Membership in Russell 3000 and Russell 2000 Indexes,PR Newswire,/news/361568/brand-engagement-network-nasdaq-bnai-selected-for-membership-in-russell-3000-and-russell-2000-indexes
BNAI,2026-06-11 06:30,"INTERVENT International and Brand Engagement Network Launch INTERVENT Health AI, Inc., Combining 25+ Years of Clinically Validated Health Coaching with Enterprise-Grade Conversational AI",PR Newswire,/news/361073/intervent-international-and-brand-engagement-network-launch-intervent-health-ai-inc-combining-25-years-of-clinically-validated-health-coaching-with-enterprise-grade-conversational-ai
BNAI,2026-06-05 06:15,Brand Engagement Network (NASDAQ: BNAI) Invests $1 Million in Accelevate Solutions and Secures Additional Investor Capital Commitment to Support Expansion,PR Newswire,/news/359838/brand-engagement-network-nasdaq-bnai-invests-1-million-in-accelevate-solutions-and-secures-additional-investor-capital-commitment-to-support-expansion
BNAI,2026-05-18 06:00,Brand Engagement Network Reports Strongest Quarter to Date,PR Newswire,/news/355076/brand-engagement-network-reports-strongest-quarter-to-date
BNAI,2026-05-01 18:26,Brand Engagement Network to Acquire Cataneo GmbH in $19.5M Transaction,IPO-Edge.com,https://finance.yahoo.com/markets/stocks/articles/brand-engagement-network-acquire-cataneo-222629521.html
BNBX,2026-05-26 10:14,BNB Plus Adds $4.1M as Crypto Treasury Reset Moves Forward,CryptoProwl,https://finance.yahoo.com/m/5a07126e-afbb-37aa-a126-f18865454477/bnb-plus-adds-%244.1m-as-crypto.html
BNBX,2026-05-26 08:00,BNB Plus Corp. (BNBX) Secures Initial Commitments for $4.1M in Strategic Financing,Business Wire,https://www.businesswire.com/news/home/20260525437108/en
BNBX,2026-05-15 16:41,BNB Plus: Fiscal Q2 Earnings Snapshot,Associated Press,https://finance.yahoo.com/markets/stocks/articles/bnb-plus-fiscal-q2-earnings-204144781.html
BNBX,2026-04-23 07:00,BNB Plus Corp. Completes Historic $1.2 Million LineaDNA Order,Business Wire,https://www.businesswire.com/news/home/20260423790667/en/
BNBX,2026-04-20 10:30,BC-Most Active Stocks,Associated Press,https://finance.yahoo.com/markets/stocks/articles/bc-most-active-stocks-143018596.html
BNKK,2026-06-17 08:00,"Insider Buying: Newly Appointed Bonk, Inc. President Mitchell Rudy Acquires Additional 12,000 Shares",ACCESSWIRE,/news/362316/insider-buying-newly-appointed-bonk-inc-president-mitchell-rudy-acquires-additional-12000-shares
BNKK,2026-05-14 17:04,BNKK Swings to Operating Profit as Q1 Revenue Climbs to $4.3 Million,CryptoProwl,https://finance.yahoo.com/m/13323d34-63f0-3603-bf2b-3af21a4862f4/bnkk-swings-to-operating.html
BNKK,2026-05-14 16:15,"BNKK Revenues Surge Over 10,000% to $4.3M in Q1 2026; Achieves Operational Profitability",ACCESSWIRE,/news/354664/bnkk-revenues-surge-over-10000-to-43m-in-q1-2026-achieves-operational-profitability
BNKK,2026-04-29 08:00,"Bonk, Inc. Names Mitchell Rudy President To Drive Path To Profitability And Direct Business Incubation",ACCESSWIRE,/news/348714/bonk-inc-names-mitchell-rudy-president-to-drive-path-to-profitability-and-direct-business-incubation
BNKK,2026-04-16 08:00,"Bonk, Inc. Founder Mitchell Rudy Discloses Open-Market Share Purchase; Cites Extreme Valuation Disconnect",ACCESSWIRE,/news/345141/bonk-inc-founder-mitchell-rudy-discloses-open-market-share-purchase-cites-extreme-valuation-disconnect
BNRG,2026-06-15 08:30,Brenmiller Energy Signs Cooperation Agreement with INNOVA to Pursue Industrial Decarbonization Opportunities in Italy,Newsfile,https://www.newsfilecorp.com/release/301364/Brenmiller-Energy-Signs-Cooperation-Agreement-with-INNOVA-to-Pursue-Industrial-Decarbonization-Opportunities-in-Italy
BNRG,2026-06-11 08:00,Brenmiller Announces Up to $2.5 Million Investment at a Premium to Market to Advance BNRG360 Growth Strategy,Newsfile,https://www.newsfilecorp.com/release/300992/Brenmiller-Announces-Up-to-2.5-Million-Investment-at-a-Premium-to-Market-to-Advance-BNRG360-Growth-Strategy
BNRG,2026-06-01 09:00,Brenmiller Energy Achieves Major Commercial Milestone as Tempo Project Successfully Begins Delivering Steam During Ongoing Commissioning Phase,Newsfile,https://www.newsfilecorp.com/release/299614/Brenmiller-Energy-Achieves-Major-Commercial-Milestone-as-Tempo-Project-Successfully-Begins-Delivering-Steam-During-Ongoing-Commissioning-Phase
BNRG,2026-05-18 11:15,CEO Appointment Signals Commercial Expansion Push for Brenmiller Energys BNRG360 Strategy (BNRG),InvestorsHub,https://finance.yahoo.com/m/8e79efe1-13b6-3907-a305-4f8e045d4415/ceo-appointment-signals.html
BNRG,2026-05-18 09:00,Brenmiller Energy Appoints Nir Brenmiller as Chief Executive Officer to Lead Commercial Growth and Expand BNRG360(TM) Strategy,Newsfile,https://www.newsfilecorp.com/release/297764/Brenmiller-Energy-Appoints-Nir-Brenmiller-as-Chief-Executive-Officer-to-Lead-Commercial-Growth-and-Expand-BNRG360TM-Strategy
BNZI,2026-05-28 09:10,"Banzai International, Inc. Announces $5.5 Million in Operating Cost Reductions",GlobeNewswire,/news/357854/banzai-international-inc-announces-55-million-in-operating-cost-reductions
BNZI,2026-05-20 16:05,"Banzai International, Inc. Expands Market Reach, Announces Strategic Alliance with Ingram Micro",GlobeNewswire,/news/356086/banzai-international-inc-expands-market-reach-announces-strategic-alliance-with-ingram-micro
BNZI,2026-05-20 08:30,"Banzai International, Inc. Announces $7.8 Million Debt Elimination",GlobeNewswire,/news/355937/banzai-international-inc-announces-78-million-debt-elimination
BNZI,2026-05-15 16:10,Banzai Reports First Quarter 2026 Financial Results,GlobeNewswire,/news/354993/banzai-reports-first-quarter-2026-financial-results
BNZI,2026-05-12 18:08,"Banzai to Host First Quarter 2026 Financial Results Conference Call on Friday, May 15, 2026 at 4:30 p.m. Eastern Time",GlobeNewswire,/news/353699/banzai-to-host-first-quarter-2026-financial-results-conference-call-on-friday-may-15-2026-at-4-30-pm-eastern-time
BODI,2026-06-09 16:05,"The Beachbody Company, Inc., to Participate in the Sidoti Small Cap Conference",Business Wire,https://www.businesswire.com/news/home/20260609656832/en
BODI,2026-06-09 08:00,"BODi Unveils 30 Day Booty Boost, a Results-Driven Fitness Program Designed to Firm, Lift and Shape the Glutes This Summer",Business Wire,https://www.businesswire.com/news/home/20260609072102/en
BODI,2026-06-02 07:30,"The Beachbody Company, Inc., to Participate in the Noble Capital Markets Emerging Growth Virtual Equity Conference",Business Wire,https://www.businesswire.com/news/home/20260602503792/en
BODI,2026-05-14 07:30,"The Beachbody Company, Inc. to Participate in Upcoming Investor Conferences",Business Wire,https://www.businesswire.com/news/home/20260514135580/en
BODI,2026-05-13 20:26,"The Beachbody Company, Inc. Q1 2026 Earnings Call Summary",Moby,https://finance.yahoo.com/m/1765c3b9-006e-33e8-823a-7576c72fc788/the-beachbody-company%2C-inc..html
BOXL,2026-06-17 08:00,Boxlight Announces 1-for-6 Reverse Stock Split of Class A Common Stock,Business Wire,https://www.businesswire.com/news/home/20260617578496/en
BOXL,2026-06-04 09:11,Boxlight Brings Symphony to Every Space With the New Symphonic Series,Business Wire,https://www.businesswire.com/news/home/20260604887939/en
BOXL,2026-05-15 18:00,Boxlight Reports First Quarter 2026 Financial Results,Business Wire,https://www.businesswire.com/news/home/20260515733624/en
BOXL,2026-04-30 09:11,Boxlight Announces Significant Upgrades to Symphony Campuswide Communication Platform,Business Wire,https://www.businesswire.com/news/home/20260430759646/en
BOXL,2026-04-16 09:30,Boxlight Reports Fourth Quarter and Full Year 2025 Financial Results,Business Wire,https://www.businesswire.com/news/home/20260416107225/en/
BQ,2026-06-15 16:10,Boqii Holding Limited Provides Response to Unusual Market Action,PR Newswire,/news/361821/boqii-holding-limited-provides-response-to-unusual-market-action
BQ,2026-05-22 03:03,Amber International Appoints Brunei Investment Agency's Noorsurainah Tengah to Board of Directors,PR Newswire,/news/356586/amber-international-appoints-brunei-investment-agencys-noorsurainah-tengah-to-board-of-directors
BQ,2026-04-13 16:30,"Boqii to Hold Annual General Meeting on May 6, 2026",PR Newswire,/news/344197/boqii-to-hold-annual-general-meeting-on-may-6-2026
BQ,2026-01-05 16:20,Boqii Announces Fiscal 2026 First Half Unaudited Financial Results,PR Newswire,/news/267571/boqii-announces-fiscal-2026-first-half-unaudited-financial-results
BQ,2025-11-04 16:14,Boqii Holding Limited Announces Closing of $4.2 Million Registered Direct Offering,PR Newswire,/news/217582/boqii-holding-limited-announces-closing-of-42-million-registered-direct-offering
BTBD,2026-05-14 16:25,BT Brands Reports First Quarter 2026 Results,GlobeNewswire,/news/354692/bt-brands-reports-first-quarter-2026-results
BTBD,2026-05-07 16:37,BT Brands Terminates Merger Agreement with Aero Velocity and Reaffirms Commitment to Maximizing Shareholder Value,Business Wire,https://www.businesswire.com/news/home/20260507000202/en/
BTBD,2026-04-14 10:30,BC-Most Active Stocks,Associated Press,https://finance.yahoo.com/markets/stocks/articles/bc-most-active-stocks-143018558.html
BTBD,2026-04-14 07:00,"BT Brands, Inc. Announces Its Merger Partner, Aero Velocity, Has Entered into Strategic Partnership with AC Future to Develop Advanced Mobile Drone Launch Technologies for the U.S. Military",Business Wire,https://www.businesswire.com/news/home/20260414876693/en/
BTBD,2026-03-30 14:41,"BT Brands Reports 2025 Results, Delivers 138% EBITDA Growth and Advances Transformational Aero Velocity Merger",Business Wire,https://www.businesswire.com/news/home/20260330172405/en/
BTOG,2026-04-16 10:30,BC-Most Active Stocks,Associated Press,https://finance.yahoo.com/markets/stocks/articles/bc-most-active-stocks-143018717.html
BTOG,2026-04-16 09:00,Bit Origin Ltd Announces Strategic Financing to Explore Expansion into AI Computing and Data Center Services,GlobeNewswire,/news/345211/bit-origin-ltd-announces-strategic-financing-to-explore-expansion-into-ai-computing-and-data-center-services
BTOG,2026-02-11 09:00,Bit Origin Ltd Regains Compliance with Nasdaq Minimum Bid Price Requirement,GlobeNewswire,/news/307317/bit-origin-ltd-regains-compliance-with-nasdaq-minimum-bid-price-requirement
BTOG,2026-01-15 11:30,"Bit Origin Ltd Announces 1-for-60 Reverse Stock Split Effective January 20, 2026",GlobeNewswire,/news/277765/bit-origin-ltd-announces-1-for-60-reverse-stock-split-effective-january-20-2026
BTOG,2025-10-14 07:00,Stocks and ETF's Betting on the Future of Dogecoin and the Digital Asset Revolution,Newsfile,https://www.newsfilecorp.com/release/270249/Stocks-and-ETFs-Betting-on-the-Future-of-Dogecoin-and-the-Digital-Asset-Revolution
BTTC,2026-05-12 09:00,"Institutional Infrastructure Note: The Convergence of Pre-IPO Equity, Agentic Finance, and Neobank Charters",ACCESSWIRE,/news/353437/institutional-infrastructure-note-the-convergence-of-pre-ipo-equity-agentic-finance-and-neobank-charters
BTTC,2026-04-23 00:00,Institutional Digital Asset Infrastructure: The Maturation of Yield Routing and Restaking Rails,ACCESSWIRE,/news/346944/institutional-digital-asset-infrastructure-the-maturation-of-yield-routing-and-restaking-rails
BTTC,2026-04-16 12:00,"Crypto Payments Sector Advances as Managed Stablecoin Rails Launch, Merchant Use Cases Expand, and Regulatory Frameworks Tighten",ACCESSWIRE,/news/345283/crypto-payments-sector-advances-as-managed-stablecoin-rails-launch-merchant-use-cases-expand-and-regulatory-frameworks-tighten
BTTC,2026-04-15 10:00,The Institutional Stack Takes Shape: A Week of Stablecoin Infrastructure Buildout,ACCESSWIRE,/news/344846/the-institutional-stack-takes-shape-a-week-of-stablecoin-infrastructure-buildout
BTTC,2026-03-27 09:00,Crypto x Payments Ecosystem Advances Toward Production-Grade Deployment as Institutional Coordination,ACCESSWIRE,/news/340553/crypto-x-payments-ecosystem-advances-toward-production-grade-deployment-as-institutional-coordination
BYAH,2026-06-15 16:30,"Park Ha Biological Technology Co., Ltd. Announces Closing of $2.0 Million Registered Direct Offering",GlobeNewswire,/news/361834/park-ha-biological-technology-co-ltd-announces-closing-of-20-million-registered-direct-offering
BYAH,2026-06-12 14:54,"Park Ha Biological Technology Co., Ltd. Announces Pricing of $2.0 Million Registered Direct Offering",GlobeNewswire,/news/361485/park-ha-biological-technology-co-ltd-announces-pricing-of-20-million-registered-direct-offering
BYAH,2026-06-12 10:12,Park Ha Biological Launches AI Nutritionist Through Strategic Partnership to Expand AI-Powered Skincare Ecosystem (BYAH),InvestorsHub,https://finance.yahoo.com/m/6ac5cbd5-82b1-331c-91c1-c258907b662b/park-ha-biological-launches.html
BYAH,2026-06-12 09:21,This Microcap Stock Is Up Nearly 170% Pre-Market Today  Whats Fueling The Super Rally?,Stocktwits,https://finance.yahoo.com/m/11d41efa-df5e-3d98-9131-bebd134e9494/this-microcap-stock-is-up.html
BYAH,2026-06-12 08:20,"Park Ha Biological Technology Co., Ltd. announces strategic partnership with Star Plus Legend Group's wholly-owned subsidiary to build an AI-powered skincare and health ecosystem and expand its healthcare reach",GlobeNewswire,/news/361422/park-ha-biological-technology-co-ltd-announces-strategic-partnership-with-star-plus-legend-groups-wholly-owned-subsidiary-to-build-an-ai-powered-skincare-and-health-ecosystem-and-expand-its-healthcare-reach
CABO,2026-06-22 07:00,"Sparklight Strengthens Local Communities through More than $125,000 in Charitable Giving Fund Grants",GlobeNewswire,/news/362941/sparklight-strengthens-local-communities-through-more-than-125000-in-charitable-giving-fund-grants
CABO,2026-06-05 19:25,Marvell Technology and Flex Set to Join S&P 500; Others to Join S&P MidCap 400 and S&P SmallCap 600,PR Newswire,/news/360022/marvell-technology-and-flex-set-to-join-sp-500-others-to-join-sp-midcap-400-and-sp-smallcap-600
CABO,2026-06-04 11:00,Sparklight Invests Nearly $1 Billion to Enhance Connectivity Across Its Footprint,GlobeNewswire,/news/359706/sparklight-invests-nearly-1-billion-to-enhance-connectivity-across-its-footprint
CABO,2026-05-01 20:00,Tom Gayner's Strategic Moves: Sunbelt Rentals Holdings Inc. Takes Center Stage,GuruFocus.com,https://finance.yahoo.com/markets/stocks/articles/tom-gayners-strategic-moves-sunbelt-000020997.html
CABO,2026-05-01 08:30,"Cable One, Inc. Q1 2026 Earnings Call Summary",Moby,https://finance.yahoo.com/m/e434fe7a-7173-30eb-a44e-3aae782cade8/cable-one%2C-inc.-q1-2026.html
CCHH,2026-05-08 08:00,CCH Holdings Announces the Redesignation of its Ordinary Share as Class A Ordinary Shares,GlobeNewswire,/news/352550/cch-holdings-announces-the-redesignation-of-its-ordinary-share-as-class-a-ordinary-shares
CCHH,2026-02-10 22:22,What Made CCH Holdings (CCHH) Shares Jump 59% After Hours,Benzinga,/news/306772/what-made-cch-holdings-cchh-shares-jump-59-after-hours
CCHH,2026-02-10 00:03,Announcement of Receipt of Notice From Nasdaq Regarding Minimum Bid Price Requirement,GlobeNewswire,/news/305177/announcement-of-receipt-of-notice-from-nasdaq-regarding-minimum-bid-price-requirement
CCHH,2026-01-05 08:00,"CCH Holdings Issues Outlook on Planned Acquisitions, New Business Ventures, Expansion to the U.S. and Africa",GlobeNewswire,/news/267013/cch-holdings-issues-outlook-on-planned-acquisitions-new-business-ventures-expansion-to-the-us-and-africa
CCHH,2025-12-31 01:31,CCH Holdings Ltd Announces Full Exercise of Over-Allotment Option,GlobeNewswire,/news/264809/cch-holdings-ltd-announces-full-exercise-of-over-allotment-option
CCTG,2026-01-28 09:00,"CCSC Technology International Holdings Limited Launches eNaviX, Expanding Access to Carbon Monitoring and Carbon Credit Monetization for SMEs",GlobeNewswire,/news/289940/ccsc-technology-international-holdings-limited-launches-enavix-expanding-access-to-carbon-monitoring-and-carbon-credit-monetization-for-smes
CCTG,2026-01-20 16:05,"CCSC Technology International Holdings Limited Announces 1-for-10 Reverse Stock Split Effective January 23, 2026",GlobeNewswire,/news/281523/ccsc-technology-international-holdings-limited-announces-1-for-10-reverse-stock-split-effective-january-23-2026
CCTG,2025-12-23 16:20,"CCSC Technology International Holdings Limited Reports Financial Results for the Six Months Ended September 30, 2025",PR Newswire,/news/261349/ccsc-technology-international-holdings-limited-reports-financial-results-for-the-six-months-ended-september-30-2025
CCTG,2025-12-19 16:05,CCSC Technology International Holdings Limited Receives Nasdaq Notification Regarding Minimum Bid Price Deficiency,GlobeNewswire,/news/258997/ccsc-technology-international-holdings-limited-receives-nasdaq-notification-regarding-minimum-bid-price-deficiency
CCTG,2025-10-09 09:00,CCSC Technology International Holdings to Advance Construction of New Supply Chain Management Center in Central Europe,GlobeNewswire,/news/188103/ccsc-technology-international-holdings-to-advance-construction-of-new-supply-chain-management-center-in-central-europe
CDIO,2026-06-18 15:30,"Cardio Diagnostics Holdings (CDIO) Aligns With Growing Shift Toward Predictive, Precision Medicine",NewMediaWire,https://finance.yahoo.com/healthcare/articles/cardio-diagnostics-holdings-cdio-aligns-193000118.html
CDIO,2026-06-17 15:00,"Cardio Diagnostics Holdings (CDIO) Working to Help Employers Tackle Cardiovascular Risk, Healthcare Costs",NewMediaWire,https://finance.yahoo.com/healthcare/articles/cardio-diagnostics-holdings-cdio-working-190000609.html
CDIO,2026-06-15 14:15,"Cardio Diagnostics (CDIO) Harnesses AI, Genetics and Epigenetics to Advance Cardiovascular Risk Detection",NewMediaWire,https://finance.yahoo.com/sectors/healthcare/articles/cardio-diagnostics-cdio-harnesses-ai-181500211.html
CDIO,2026-05-27 15:00,Cardio Diagnostics Holdings (CDIO) Showcases AI-Powered Cardiovascular Risk Solutions at Four National Benefits Conferences,NewMediaWire,https://finance.yahoo.com/sectors/healthcare/articles/cardio-diagnostics-holdings-cdio-showcases-190000128.html
CDIO,2026-05-27 08:35,"Cardio Diagnostics Holdings, Inc. to Showcase Precision Cardiovascular Solutions at Four National Benefits Conferences in June",Business Wire,https://www.businesswire.com/news/home/20260527302873/en/
CDT,2026-06-18 08:30,CDT Notes Strategic Investment into Sarborg and Expansion into Quantum Computing,GlobeNewswire,/news/362672/cdt-notes-strategic-investment-into-sarborg-and-expansion-into-quantum-computing
CDT,2026-06-16 08:30,CDT Equity Announces Debt Update and New Loan Facility,GlobeNewswire,/news/362018/cdt-equity-announces-debt-update-and-new-loan-facility
CDT,2026-05-28 16:15,CDT Equity Inc. Announces Receipt of Nasdaq Deficiency Letter,GlobeNewswire,/news/357973/cdt-equity-inc-announces-receipt-of-nasdaq-deficiency-letter
CDT,2026-05-27 08:00,CDT Announces Canadian Patent for AZD5904 in Male Infertility,GlobeNewswire,/news/357307/cdt-announces-canadian-patent-for-azd5904-in-male-infertility
CDT,2026-05-07 08:30,CDT Notes Sarborg Filing of Substance of Matter Patent in Cystic Fibrosis Market,GlobeNewswire,/news/352009/cdt-notes-sarborg-filing-of-substance-of-matter-patent-in-cystic-fibrosis-market
CDTG,2026-05-28 09:00,CDT Environmental Technology Investment Holdings Limited Announces Share Consolidation,GlobeNewswire,/news/357838/cdt-environmental-technology-investment-holdings-limited-announces-share-consolidation
CDTG,2026-05-15 16:40,CDT Environmental Technology Files 2025 Annual Report on Form 20-F,GlobeNewswire,/news/355021/cdt-environmental-technology-files-2025-annual-report-on-form-20-f
CDTG,2026-03-05 00:48,Why Did CDT Environmental Tech (CDTG) Stock Pop 42% After Hours,Benzinga,/news/330327/why-did-cdt-environmental-tech-cdtg-stock-pop-42-after-hours
CDTG,2026-01-07 08:22,CDT Environmental prices 2M shares at 50c in private placement,TipRanks,https://finance.yahoo.com/news/cdt-environmental-prices-2m-shares-132229654.html
CDTG,2026-01-06 08:00,CDT Environmental Technology Announces Private Placement of Common Stock,GlobeNewswire,/news/268074/cdt-environmental-technology-announces-private-placement-of-common-stock
CELZ,2026-06-22 09:15,Creative Medical Technology Holdings Expands ADAPT Trial Under New FDA Clearance and Rapidly Advances Toward Phase 3 Planning for Olastrocel in Chronic Lower Back Pain,GlobeNewswire,/news/363081/creative-medical-technology-holdings-expands-adapt-trial-under-new-fda-clearance-and-rapidly-advances-toward-phase-3-planning-for-olastrocel-in-chronic-lower-back-pain
CELZ,2026-06-16 15:49,Creative Medical Technology opens nationwide burn-pit data registry,Proactive,https://finance.yahoo.com/m/0455d054-b6ad-3295-ac60-d9f0da8224cf/creative-medical-technology.html
CELZ,2026-06-16 09:00,"Creative Medical Technology Holdings, Inc. Advances Project PHOENIX into Nationwide AI Driven Virtual Data Collection Phase for U.S. Veterans Exposed to Burn Pits and Toxic Hazards",GlobeNewswire,/news/362047/creative-medical-technology-holdings-inc-advances-project-phoenix-into-nationwide-ai-driven-virtual-data-collection-phase-for-us-veterans-exposed-to-burn-pits-and-toxic-hazards
CELZ,2026-04-28 09:01,"Creative Medical Technology Holdings, Inc. Reports Breakthrough 93% Response Rate in Ultrasome Knee Osteoarthritis Program, Expanding CELZ-201 Platform into Scalable Cell-Free Regenerative Therapies",GlobeNewswire,/news/348309/creative-medical-technology-holdings-inc-reports-breakthrough-93-response-rate-in-ultrasome-knee-osteoarthritis-program-expanding-celz-201-platform-into-scalable-cell-free-regenerative-therapies
CELZ,2026-02-10 09:00,"Creative Medical Technology Holdings Achieves Second WHO INN Milestone, Strengthening Global Regulatory Positioning Across Expanding Cell Therapy Pipeline",GlobeNewswire,/news/305609/creative-medical-technology-holdings-achieves-second-who-inn-milestone-strengthening-global-regulatory-positioning-across-expanding-cell-therapy-pipeline
CETX,2026-05-19 08:30,Cemtrex's Vicon Secures Approximately $2 Million Order for U.K. Correctional Facility Security Deployment,GlobeNewswire,/news/355561/cemtrexs-vicon-secures-approximately-2-million-order-for-uk-correctional-facility-security-deployment
CETX,2026-05-15 16:15,Cemtrex Reports Fiscal Year 2026 Second Quarter Financial Results,GlobeNewswire,/news/355005/cemtrex-reports-fiscal-year-2026-second-quarter-financial-results
CETX,2026-04-07 10:30,BC-Most Active Stocks,Associated Press,https://finance.yahoo.com/markets/stocks/articles/bc-most-active-stocks-143018689.html
CETX,2026-04-07 08:45,"CEMTREX SUBSIDIARY, INVOCON, SELECTED FOR U.S. NAVY SBIR PHASE I CONTRACT IN NAVAL MINE WARFARE",GlobeNewswire,/news/342837/cemtrex-subsidiary-invocon-selected-for-us-navy-sbir-phase-i-contract-in-naval-mine-warfare
CETX,2026-03-12 08:00,Cemtrex Announces $1.2 Million Industrial Contract and Provides Business Update,GlobeNewswire,/news/336770/cemtrex-announces-12-million-industrial-contract-and-provides-business-update
CHNR,2026-05-15 17:12,"CHINA NATURAL RESOURCES, INC. REPORTS FULL YEAR 2025 RESULTS",PR Newswire,/news/355034/china-natural-resources-inc-reports-full-year-2025-results
CHNR,2026-03-19 07:15,"CHNR Announces Non-Binding Letter of Intent to Acquire Majority Stake in HooRii Technology, Marking Strategic Shift to Physical AI",PR Newswire,/news/338582/chnr-announces-non-binding-letter-of-intent-to-acquire-majority-stake-in-hoorii-technology-marking-strategic-shift-to-physical-ai
CHNR,2025-12-31 08:00,CHINA NATURAL RESOURCES REPORTS FIRST HALF 2025 RESULTS,PR Newswire,/news/264920/china-natural-resources-reports-first-half-2025-results
CHNR,2025-06-10 16:10,China Natural Resources Announces Effective Date of Share Combination,PR Newswire,/news/77805/china-natural-resources-announces-effective-date-of-share-combination
CHNR,2025-05-27 16:15,China Natural Resources Announces 8-to-1 Share Combination,PR Newswire,/news/67189/china-natural-resources-announces-8-to-1-share-combination
CHR,2026-04-14 08:00,CHEERS Telepathy Introduces New AI Translation Capabilities and Global AI Assistant in Latest Release,GlobeNewswire,/news/344341/cheers-telepathy-introduces-new-ai-translation-capabilities-and-global-ai-assistant-in-latest-release
CHR,2026-04-13 13:38,RBC sees mixed results for Canadian aerospace amid elevated fuel costs,Investing.com,https://finance.yahoo.com/markets/stocks/articles/rbc-sees-mixed-results-canadian-173814812.html
CHR,2026-04-06 08:00,Cheer Holding Launches Beta Testing of Klon AI for Overseas Users,GlobeNewswire,/news/342465/cheer-holding-launches-beta-testing-of-klon-ai-for-overseas-users
CHR,2026-04-02 08:00,Cheer Holding Announces Share Consolidation of Class A Ordinary Shares,GlobeNewswire,/news/342085/cheer-holding-announces-share-consolidation-of-class-a-ordinary-shares
CHR,2026-03-23 08:00,Cheer Holding Announces Fiscal Year 2025 Financial Results,GlobeNewswire,/news/339189/cheer-holding-announces-fiscal-year-2025-financial-results
CHSN,2026-05-07 08:00,Chanson International Holding Advances Growth Strategy Through AI-Driven Intelligent Manufacturing and Industrial Upgrade,GlobeNewswire,/news/351957/chanson-international-holding-advances-growth-strategy-through-ai-driven-intelligent-manufacturing-and-industrial-upgrade
CHSN,2026-05-06 10:30,BC-Most Active Stocks,Associated Press,https://finance.yahoo.com/markets/stocks/articles/bc-most-active-stocks-143017582.html
CHSN,2026-05-05 10:30,BC-Most Active Stocks,Associated Press,https://finance.yahoo.com/markets/stocks/articles/bc-most-active-stocks-143017809.html
CHSN,2026-05-05 08:30,Chanson International Holding Announces 100 for 1 Share Consolidation,GlobeNewswire,/news/350706/chanson-international-holding-announces-100-for-1-share-consolidation
CHSN,2026-05-04 10:30,BC-Most Active Stocks,Associated Press,https://finance.yahoo.com/markets/stocks/articles/bc-most-active-stocks-143017315.html
CIIT,2026-06-22 17:00,"Tianci International, Inc. Reports Financial Results for Fiscal Quarter Ended April 30, 2026",ACCESSWIRE,/news/363177/tianci-international-inc-reports-financial-results-for-fiscal-quarter-ended-april-30-2026
CIIT,2026-06-17 17:00,"Tianci International, Inc. Announces Closing of US$4.9 Million Public Offering",ACCESSWIRE,/news/362514/tianci-international-inc-announces-closing-of-us49-million-public-offering
CIIT,2026-06-16 08:45,"Tianci International, Inc. Announces Pricing of US$4.9 Million Public Offering",ACCESSWIRE,/news/362037/tianci-international-inc-announces-pricing-of-us49-million-public-offering
CIIT,2026-04-14 17:00,Tianci International Enters Memorandum of Understanding with Greypole Mining to Advance Gold and Chromium Resource Development in Zimbabwe,ACCESSWIRE,/news/344598/tianci-international-enters-memorandum-of-understanding-with-greypole-mining-to-advance-gold-and-chromium-resource-development-in-zimbabwe
CIIT,2026-03-17 08:00,"Tianci International, Inc. Announces Reverse Stock Split",ACCESSWIRE,/news/337847/tianci-international-inc-announces-reverse-stock-split
CISS,2026-05-18 17:00,C3is Inc (CISS) Q1 2026 Earnings Call Highlights: Record Growth Amid Geopolitical Challenges,GuruFocus.com,https://finance.yahoo.com/markets/stocks/articles/c3is-inc-ciss-q1-2026-210022068.html
CISS,2026-05-18 11:14,Adjusted Net Income Surge Highlights Improving Tanker Market Exposure for C3is (CISS),InvestorsHub,https://finance.yahoo.com/m/28d9b125-7ab8-3305-8dac-a9af4a6d2a4a/adjusted-net-income-surge.html
CISS,2026-05-18 09:10,"C3is Inc. reports robust financial and operating results for the first quarter of 2026, with a 358% increase in Adjusted Net Income",GlobeNewswire,/news/355254/c3is-inc-reports-robust-financial-and-operating-results-for-the-first-quarter-of-2026-with-a-358-increase-in-adjusted-net-income
CISS,2026-05-14 08:30,C3is Inc. announces the date for the release of the first quarter 2026 financial and operating results,GlobeNewswire,/news/354440/c3is-inc-announces-the-date-for-the-release-of-the-first-quarter-2026-financial-and-operating-results
CISS,2026-04-23 08:30,C3is Inc. Announces Reverse Stock Split,GlobeNewswire,/news/347149/c3is-inc-announces-reverse-stock-split
CLIK,2026-06-08 07:30,CLIK CEO Purchases Shares Following Announcement of Strong Revenue Growth of 73% in Q3 FY2025/26,GlobeNewswire,/news/360128/clik-ceo-purchases-shares-following-announcement-of-strong-revenue-growth-of-73-in-q3-fy202526
CLIK,2026-06-04 07:00,Click Holdings Limited (CLIK) Reports Strong Q3 Operational Growth with 73% Revenue Increase,GlobeNewswire,/news/359555/click-holdings-limited-clik-reports-strong-q3-operational-growth-with-73-revenue-increase
CLIK,2026-05-29 07:00,"Click Holdings Limited (CLIK) Acquires Hong Kong Construction HR Tech Company, Targeting Over HK$50 Million Annual Revenue in New Segment Within Two Years",GlobeNewswire,/news/358086/click-holdings-limited-clik-acquires-hong-kong-construction-hr-tech-company-targeting-over-hk50-million-annual-revenue-in-new-segment-within-two-years
CLIK,2026-05-11 06:15,"CLICK (NASDAQ: CLIK) Reports Strong Revenue Growth and Swings to Profit - Seniors Nursing Sector Skyrocketing over 110%, On Track for HK$500 Million Annual Revenue in 3 Years",GlobeNewswire,/news/352753/click-nasdaq-clik-reports-strong-revenue-growth-and-swings-to-profit-seniors-nursing-sector-skyrocketing-over-110-on-track-for-hk500-million-annual-revenue-in-3-years
CLIK,2026-04-28 08:30,"CLICK (NASDAQ: CLIK) Secures Low-Cost Entry into the US$300B Greater Bay Area Silver Economy via Flash Mutual Acquisition, US$2.5M Profit Guarantee & ""Life Care Robot"" Expected to Deliver Over 50% Incremental Profit Surge in 2027",GlobeNewswire,/news/348268/click-nasdaq-clik-secures-low-cost-entry-into-the-us300b-greater-bay-area-silver-economy-via-flash-mutual-acquisition-us25m-profit-guarantee-life-care-robot-expected-to-deliver-over-50-incremental-profit-surge-in-2027
CLWT,2026-06-17 11:09,CLWT Stock Surges To 4.5 Year Highs - What Is Euro Techs Norwegian Partnership About?,Stocktwits,https://finance.yahoo.com/m/c3c3b6de-3aae-330d-a1cc-c4bbdebb4360/clwt-stock-surges-to-4.5-year.html
CLWT,2026-06-17 07:00,Euro Tech Holdings Company Limited Announces The Appointment Of Strategic Partner To Launch Next-Generation Mobile Hybrid Facility For Enhanced Ballast Water Treatment,PR Newswire,/news/362259/euro-tech-holdings-company-limited-announces-the-appointment-of-strategic-partner-to-launch-next-generation-mobile-hybrid-facility-for-enhanced-ballast-water-treatment
CLWT,2026-06-09 07:00,Euro Tech Holdings Company Limited Announces The Launch Of Next-Generation Mobile Hybrid Facility For Enhanced Ballast Water Treatment,PR Newswire,/news/360407/euro-tech-holdings-company-limited-announces-the-launch-of-next-generation-mobile-hybrid-facility-for-enhanced-ballast-water-treatment
CLWT,2026-04-30 19:00,Euro Tech Holdings Company Limited Reports 2025 Year-End Results,PR Newswire,/news/349723/euro-tech-holdings-company-limited-reports-2025-year-end-results
CLWT,2026-03-03 07:00,Euro Tech Holdings Company Limited Announces Stock Repurchase Program,PR Newswire,/news/327980/euro-tech-holdings-company-limited-announces-stock-repurchase-program
