ticker,status,composite,obv_score,cvd_score,vwap_score,vol_score,up_ratio,vwap,last_close,bars
FABC,ok,0.7155,0.699,1.0,1.0,0.0,0.8784,3.8253,4.1199,40
ENGS,ok,0.693,0.5809,0.9361,0.2326,1.0,0.7152,2.62,2.55,40
ADTX,ok,0.6795,0.5125,0.7818,0.3145,1.0,0.7886,0.0024,0.0024,40
GIPR,ok,0.6789,0.6441,0.8836,0.4438,0.5,0.9229,0.1657,0.1648,40
SNOA,ok,0.6629,0.5342,0.4996,0.9098,0.5,0.871,1.2104,1.26,40
UBXG,ok,0.6489,0.4182,1.0,1.0,0.0,0.8261,7.2946,8.27,40
CTNT,ok,0.6333,0.4331,0.8953,1.0,0.5,0.3382,1.5318,1.9874,40
TVRD,ok,0.5848,0.5011,1.0,0.8259,0.0,0.5968,1.8885,1.95,40
PHGE,ok,0.5805,0.5353,0.706,1.0,0.0,0.6611,0.3345,0.3771,40
ARTL,ok,0.5628,0.5748,0.6456,0.4602,0.5,0.6332,1.0843,1.08,40
ELMT,ok,0.559,0.566,0.7404,0.3973,0.5,0.5914,19.1467,18.95,40
NAMM,ok,0.5362,0.5911,0.9451,0.4628,0.0,0.6821,1.8963,1.8893,40
SPPL,ok,0.5345,0.4629,0.5178,0.4643,1.0,0.2276,3.904,3.89,40
GDC,ok,0.5268,0.5215,0.6836,1.0,0.0,0.4291,2.4079,2.6482,40
NXTS,ok,0.5218,0.5717,0.8245,0.5339,0.0,0.6788,4.5346,4.55,40
MBRX,ok,0.5215,0.5738,0.8547,0.5724,0.0,0.6065,3.5245,3.55,40
CNEY,ok,0.509,0.5792,0.7632,0.1833,0.5,0.5194,0.4614,0.4468,40
PLCE,ok,0.5073,0.5374,0.6421,0.599,0.1372,0.6207,3.0003,3.03,40
LGHL,ok,0.5012,0.4179,0.4508,0.7124,0.5,0.425,0.3089,0.3155,40
LGCL,ok,0.4986,0.5005,0.5534,1.0,0.0,0.4389,0.8388,0.9153,40
AZI,ok,0.4938,0.4545,0.8274,0.5371,0.0,0.6498,2.7597,2.77,40
BNBX,ok,0.492,0.6876,0.9065,0.0,0.0,0.8657,0.4544,0.352,40
LNZA,ok,0.4816,0.5437,0.3658,0.408,0.5,0.5903,7.7917,7.72,40
RDGT,ok,0.4803,0.4909,0.6153,0.7493,0.0,0.5457,1.5318,1.57,40
OCC,ok,0.4776,0.5817,0.2917,0.4522,0.5,0.5626,20.2467,20.1499,40
BIYA,ok,0.474,0.4271,0.8647,0.6423,0.0,0.4359,0.282,0.286,40
ASTI,ok,0.4711,0.5224,0.2192,0.53,0.5,0.584,5.0738,5.089,40
VIVO,ok,0.4704,0.543,0.6127,0.6811,0.0,0.5153,5.2941,5.39,40
QTTB,ok,0.4688,0.5527,0.3493,0.3057,0.5,0.6361,14.4916,14.21,40
CIIT,ok,0.4678,0.5112,0.9619,0.2596,0.0,0.6063,0.6661,0.6501,40
BIRD,ok,0.4667,0.4745,0.7297,0.5831,0.0,0.5463,4.268,4.3035,40
BYAH,ok,0.4608,0.452,0.7167,0.5108,0.0,0.6242,1.1393,1.1405,40
LBGJ,ok,0.4592,0.5151,0.533,0.2064,0.5,0.5416,1.257,1.2201,40
SWMR,ok,0.4474,0.4941,0.4966,0.698,0.0,0.5485,48.4409,49.4,40
WSHP,ok,0.4381,0.5808,0.4186,0.4997,0.0,0.6916,8.8002,8.8,40
CYCU,ok,0.4362,0.4332,0.5032,0.4403,0.5,0.3045,0.6026,0.599,40
VIVS,ok,0.4308,0.3003,0.7905,0.4235,0.5,0.1397,1.0581,1.05,40
TOYO,ok,0.4281,0.48,0.2775,0.4186,0.5,0.4646,7.3095,7.25,40
WYY,ok,0.4236,0.6225,0.3467,0.4717,0.0,0.6773,16.4665,16.42,40
WYFI,ok,0.415,0.5327,0.596,0.4035,0.0,0.5429,36.232,35.8824,40
NCRA,ok,0.4124,0.4781,0.4859,0.4105,0.0,0.6875,0.1045,0.1036,40
EHGO,ok,0.4097,0.5296,0.6568,0.2695,0.0,0.5926,2.6716,2.61,40
BTOG,ok,0.4037,0.4402,0.1244,1.0,0.0,0.4538,1.218,1.29,40
HUBC,ok,0.3989,0.506,0.6132,0.2478,0.0,0.6273,1.4774,1.4401,40
VIVK,ok,0.3954,0.4539,0.5073,0.6573,0.0,0.3585,0.3248,0.3299,40
ARQQ,ok,0.394,0.5369,0.2388,0.5563,0.0,0.6378,27.545,27.7,40
WNW,ok,0.394,0.3095,0.5371,0.5227,0.5,0.1006,3.6916,3.7,40
HQ,ok,0.3872,0.45,0.253,0.3068,0.5,0.4263,24.014,23.55,40
CDT,ok,0.3826,0.5502,0.6681,0.1739,0.0,0.5205,0.584,0.565,40
HKIT,ok,0.3801,0.5897,0.471,0.1426,0.0,0.6971,0.2985,0.2878,40
AMSS,ok,0.3721,0.4725,0.433,0.5673,0.0,0.3874,2.2543,2.2695,40
CELZ,ok,0.3683,0.406,0.5036,0.535,0.0,0.3969,0.827,0.8299,40
DAVE,ok,0.3666,0.4609,0.4309,0.4988,0.0,0.4424,370.5428,370.5,40
STI,ok,0.3632,0.5286,0.1798,0.6298,0.0,0.4776,9.6942,9.82,40
CALC,ok,0.3564,0.5566,0.4626,0.1576,0.0,0.6053,0.9837,0.95,40
PSIG,ok,0.3559,0.4308,0.8299,0.0,0.0,0.5186,1.3455,1.26,40
IQST,ok,0.355,0.4281,0.4682,0.0,0.5,0.3785,1.3324,1.2214,40
CRMT,ok,0.3518,0.3746,0.2152,0.4093,0.5,0.2599,2.5815,2.5581,40
BJDX,ok,0.3514,0.4734,0.8372,0.0,0.0,0.4463,1.4207,1.3203,40
VTAK,ok,0.3478,0.4502,0.3918,0.461,0.0,0.4358,0.9939,0.99,40
BNAI,ok,0.3451,0.4242,0.4418,0.5478,0.0,0.3116,15.5756,15.65,40
KUST,ok,0.3396,0.5717,0.4735,0.0,0.0,0.653,1.3107,1.1313,40
SAGT,ok,0.3355,0.4678,0.2953,0.362,0.0,0.5524,1.2575,1.2401,40
CNET,ok,0.3341,0.6155,0.4426,0.0,0.0,0.6124,1.1482,0.9797,40
NEXR,ok,0.3321,0.4381,0.7997,0.0,0.0,0.4224,0.7742,0.7218,40
CRVO,ok,0.3239,0.4793,0.2243,0.3238,0.0,0.5921,3.2167,3.16,40
TRT,ok,0.3192,0.5115,0.0881,0.4682,0.0,0.5284,11.7073,11.67,40
QMCO,ok,0.3095,0.4735,0.1555,0.4039,0.0,0.5145,11.9145,11.8,40
RMCF,ok,0.3069,0.3325,0.1177,0.4194,0.5,0.165,0.8569,0.85,40
SDOT,ok,0.3057,0.5567,0.2405,0.098,0.0,0.6333,37.4764,35.97,40
SKYQ,ok,0.2958,0.4613,0.0,0.6987,0.0,0.3188,3.5593,3.63,40
PLSM,ok,0.2927,0.5109,0.363,0.1627,0.0,0.4268,6.1927,5.9838,40
CMND,ok,0.2631,0.5033,0.1774,0.2371,0.0,0.3975,2.3353,2.2739,40
SHPH,ok,0.2617,0.4583,0.3697,0.0747,0.0,0.4056,3.1959,3.06,40
ASTC,ok,0.2466,0.53,0.0,0.3123,0.0,0.3909,12.5862,12.35,40
PFSA,ok,0.245,0.4719,0.1946,0.3015,0.0,0.2572,0.1106,0.1084,40
TNMG,ok,0.2368,0.5246,0.1351,0.0,0.0,0.5245,1.0925,0.8615,40
ZCMD,ok,0.2281,0.4863,0.1148,0.0,0.0,0.5393,1.2533,1.15,40
UPC,ok,0.2254,0.4661,0.1526,0.0,0.0,0.5082,12.325,10.0,40
IVF,ok,0.2234,0.3914,0.352,0.0,0.0,0.3737,2.0227,1.89,40
