ticker,entry_price,peak_price,exit_price,exit_bar,peak_capture,gain_pct,total_bars
BAOS,2.6700000762939453,3.819999933242798,3.632200002670288,133,83.6695692231845,36.037449396327744,133
BAOS,2.6700000762939453,3.819999933242798,3.632200002670288,133,83.6695692231845,36.037449396327744,133
BAOS,2.6700000762939453,3.819999933242798,3.632200002670288,133,83.6695692231845,36.037449396327744,133
CCTG,0.6150000095367432,4.5,4.21999979019165,378,92.79278737462849,586.1788170329331,378
BGI,0.6899999976158142,0.7099999785423279,0.703499972820282,9,67.49994039529838,1.9565181523354784,9
AIOS,7.409999847412109,33.86989974975586,33.029998779296875,20,96.82575907861016,345.74898055945806,20
CLWT,1.2649999856948853,2.25,2.115000009536743,189,86.29441741089772,67.19367853391232,189
CHNR,4.070000171661377,5.329999923706055,4.800099849700928,11,57.9444302949087,17.93856627139953,11
BGI,0.6899999976158142,0.7099999785423279,0.703499972820282,9,67.49994039529838,1.9565181523354784,9
CHNR,4.070000171661377,5.329999923706055,4.800099849700928,11,57.9444302949087,17.93856627139953,11
CHNR,4.070000171661377,5.329999923706055,4.800099849700928,11,57.9444302949087,17.93856627139953,11
BGI,0.6899999976158142,0.7099999785423279,0.703499972820282,9,67.49994039529838,1.9565181523354784,9
CCTG,0.6150000095367432,4.5,4.21999979019165,378,92.79278737462849,586.1788170329331,378
BGI,0.6899999976158142,0.7099999785423279,0.703499972820282,9,67.49994039529838,1.9565181523354784,9
BGMS,0.9950000047683716,2.240000009536743,2.100600004196167,209,88.80321246532758,111.11557729943635,209
BTOG,2.049999952316284,2.2625999450683594,2.2300000190734863,78,84.66607379761784,8.780491265564228,78
APWC,1.382699966430664,2.26990008354187,2.0880000591278076,163,79.49729481479969,51.00890358143442,163
CCTG,0.6150000095367432,4.5,4.21999979019165,378,92.79278737462849,586.1788170329331,378
CIIT,1.440000057220459,3.4200000762939453,3.039900064468384,245,80.80302989070556,111.10416275511201,245
ACCL,1.4019999504089355,2.1600000858306885,1.910099983215332,165,67.03165462149799,36.24108778735647,165
AHMA,1.0700000524520874,5.400000095367432,1.8401000499725342,152,17.785219166001358,71.97195885697683,573
BBGI,22.799999237060547,24.989999771118164,24.625,457,83.3333478489206,8.004389578982892,457
BQ,0.7599999904632568,1.2999999523162842,1.2200000286102295,550,85.18519826713832,60.52632156831743,550
BGMS,0.9950000047683716,2.240000009536743,2.100600004196167,209,88.80321246532758,111.11557729943635,209
BCG,1.9199999570846558,2.5,2.44950008392334,99,91.29311856205655,27.578132222600754,99
ACCL,1.4019999504089355,2.1600000858306885,1.910099983215332,165,67.03165462149799,36.24108778735647,165
AIHS,1.2200000286102295,1.5399999618530271,1.5099999904632568,170,90.62500698492083,23.770488119035747,170
CHR,1.659999966621399,2.880000114440918,2.8540000915527344,363,97.86885084115335,71.92771981565073,363
APWC,1.382699966430664,2.26990008354187,2.0880000591278076,163,79.49729481479969,51.00890358143442,163
CIIT,1.440000057220459,3.4200000762939453,3.039900064468384,245,80.80302989070556,111.10416275511201,245
CCTG,0.6150000095367432,4.5,4.21999979019165,378,92.79278737462849,586.1788170329331,378
CCTG,0.6150000095367432,4.5,4.21999979019165,378,92.79278737462849,586.1788170329331,378
BQ,0.7599999904632568,1.2999999523162842,1.2200000286102295,550,85.18519826713832,60.52632156831743,550
CCTG,0.6150000095367432,4.5,4.21999979019165,378,92.79278737462849,586.1788170329331,378
AGMH,0.8615000247955322,1.4500000476837158,1.0399999618530273,164,30.33133901702677,20.719667082988206,351
BYAH,1.1100000143051147,6.489999771118164,4.960000038146973,210,71.56134196783836,346.84684452477643,210
AIOS,7.409999847412109,33.86989974975586,33.029998779296875,20,96.82575907861016,345.74898055945806,20
AXIL,6.769999980926514,7.25,7.170000076293945,112,83.33334989017844,5.908420923107437,112
BENF,3.434799909591675,3.869999885559082,3.569999933242798,201,31.066183620664624,3.936183393785971,217
AMBO,2.299999952316284,2.880000114440918,2.809999942779541,161,87.93100825955719,22.173913088547938,161
CETX,10.850000381469727,11.549999237060549,11.449999809265137,78,85.71434410260441,5.529948448850976,78
BENF,3.434799909591675,3.869999885559082,3.569999933242798,201,31.066183620664624,3.936183393785971,217
BELFA,237.4949951171875,276.2049865722656,273.79998779296875,129,93.78713688922456,15.286634843764697,129
AZI,1.3600000143051147,6.989999771118164,5.945000171661377,323,81.43872744946039,337.13236096537435,323
CIIT,1.440000057220459,3.4200000762939453,3.039900064468384,245,80.80302989070556,111.10416275511201,245
CHR,1.659999966621399,2.880000114440918,2.8540000915527344,363,97.86885084115335,71.92771981565073,363
BKTI,94.52999877929688,97.80999755859376,96.94000244140625,55,73.47574875091847,2.549459106347934,55
AZI,1.3600000143051147,6.989999771118164,5.945000171661377,323,81.43872744946039,337.13236096537435,323
BTBD,1.809999942779541,2.309999942779541,2.299999952316284,37,98.00000190734863,27.071824587147265,37
BNRG,3.0450000762939453,3.4000000953674316,2.450000047683716,103,-167.60563285689915,-19.54023033504817,103
BGMS,0.9950000047683716,2.240000009536743,2.100600004196167,209,88.80321246532758,111.11557729943635,209
ARTL,4.010000228881836,4.119999885559082,4.099999904632568,1,81.81814241002921,2.2443808133105336,1
ANNA,3.809999942779541,4.099899768829346,4.00600004196167,49,67.60959530498516,5.14435963584659,49
BKTI,94.52999877929688,97.80999755859376,96.94000244140625,55,73.47574875091847,2.549459106347934,55
BCG,1.9199999570846558,2.5,2.44950008392334,99,91.29311856205655,27.578132222600754,99
AIOS,7.409999847412109,33.86989974975586,33.029998779296875,20,96.82575907861016,345.74898055945806,20
BBGI,22.799999237060547,24.989999771118164,24.625,457,83.3333478489206,8.004389578982892,457
BBGI,22.799999237060547,24.989999771118164,24.625,457,83.3333478489206,8.004389578982892,457
BCG,1.9199999570846558,2.5,2.44950008392334,99,91.29311856205655,27.578132222600754,99
BQ,0.7599999904632568,1.2999999523162842,1.2200000286102295,550,85.18519826713832,60.52632156831743,550
BELFA,237.4949951171875,276.2049865722656,273.79998779296875,129,93.78713688922456,15.286634843764697,129
ACXP,2.0,2.2999000549316406,2.2799999713897705,68,93.36442817711182,13.999998569488525,68
CABO,100.99500274658203,104.5500030517578,103.9000015258789,3,81.71585175583397,2.8763787319122467,3
AMCI,6.920000076293945,7.21999979019165,7.150000095367432,8,76.66674613960215,3.32369966094949,8
BIYA,0.7570000290870667,2.380000114440918,2.199899911880493,45,88.90325366057151,190.60763901601788,45
BBGI,22.540000915527344,24.989999771118164,24.625,425,85.10204319952044,9.250217390347768,425
ACXP,2.049999952316284,2.2200000286102295,2.200000047683716,22,88.23531061719531,7.317077992999332,22
APWC,1.5800000429153442,2.26990008354187,2.0880000591278076,153,73.63385799356212,32.151898886985144,153
BELFA,227.5,276.2049865722656,273.79998779296875,94,95.06210975804608,20.35164298592033,94
BKTI,91.22000122070312,97.80999755859376,96.94000244140625,17,86.79824581714432,6.270555957200452,17
BIYA,1.8849999904632568,2.0,2.199899911880493,1,273.8259959157864,16.70556620744845,1
ALGS,6.050000190734863,6.849999904632568,6.329999923706055,34,34.99997913836687,4.628094613947132,175
AHMA,1.1309000253677368,5.400000095367432,1.8401000499725342,91,16.612401044158425,62.711115810098725,512
CABO,92.63999938964844,95.55999755859376,94.71499633789062,5,71.0615838842,2.239849915709355,5
AHMA,1.1309000253677368,5.400000095367432,1.8401000499725342,91,16.612401044158425,62.711115810098725,512
BIYA,2.0,2.140000104904175,2.090100049972534,8,64.35713032801263,4.505002498626709,8
CLWT,1.2000000476837158,2.25,2.115000009536743,186,87.14285746723618,76.24999379118307,186
BESS,2.509999990463257,6.199999809265137,5.929999828338623,685,92.68292698685873,136.2549741382332,685
BELFA,244.2899932861328,276.2049865722656,273.79998779296875,75,92.46436069174466,12.079903114275897,75
APWC,1.5299999713897705,2.26990008354187,2.0880000591278076,143,75.41559712905278,36.470594651788105,143
BDSX,11.083000183105469,18.219999313354492,18.060100555419922,544,97.75957997168774,62.95317384321708,544
BNAI,27.899999618530273,30.899900436401367,25.8799991607666,508,-67.33557475400748,-7.240145108898329,508
CABO,72.0,74.6500015258789,74.29000091552734,2,86.4150791297313,3.1805568271213107,2
BDSX,11.279999732971191,18.219999313354492,18.060100555419922,519,97.6959831757549,60.107278217663826,519
BARK,9.305000305175781,10.710000038146973,10.625,473,93.95017407104976,14.18591780260326,473
BDSX,14.720000267028809,18.219999313354492,18.060100555419922,506,95.43146281418468,22.690898286683954,506
BIYA,1.149899959564209,2.0,1.903499960899353,322,88.64839024696697,65.53613599749535,322
ADV,38.04999923706055,43.5,43.459999084472656,17,99.26603834995117,14.21813391823354,17
BNZI,5.644000053405762,8.175000190734863,7.789999961853027,176,84.78861288059365,38.022676969187906,176
ADV,40.720001220703125,45.625,45.54999923706055,24,98.47093207737343,11.86148789676785,24
ASBP,0.19050000607967377,6.980000019073486,6.699999809265137,164,95.87598189450648,3417.060155086275,164
ASBP,0.19050000607967377,6.980000019073486,6.699999809265137,164,95.87598189450648,3417.060155086275,164
BJDX,1.7100000381469727,6.20989990234375,5.247900009155273,223,78.62174887840106,206.89473053124118,223
BBGI,16.774999618530273,24.989999771118164,24.625,333,95.55691096362084,46.79583046188765,333
CCHH,0.4699000120162964,0.8799999952316284,0.7836999893188477,294,76.51792005506708,66.78015945478812,294
BH,301.7900085449219,348.6600036621094,345.4800109863281,495,93.21529121598921,14.476954572504653,495
AIMD,1.7000000476837158,3.8798999786376953,3.509999990463257,119,83.03133171748114,106.47058188296536,119
ADIL,1.440000057220459,5.159999847412109,3.2899999618530273,328,49.73118303690169,128.47221049445693,328
AMBO,2.2300000190734863,2.880000114440918,2.809999942779541,106,89.2307444013824,26.008964966154185,106
BODI,12.279999732971191,13.920000076293944,13.8503999710083,14,95.75609202955238,12.788275832129397,14
BELFA,266.54998779296875,273.7550048828125,267.8800048828125,385,18.4595966013537,0.49897473297833483,385
BNZI,4.815000057220459,8.175000190734863,7.789999961853027,71,88.54166031002077,61.786082435686154,71
BBGI,16.18000030517578,24.989999771118164,24.625,288,95.85698305057592,52.194063878495534,288
ASTC,2.700000047683716,68.8499984741211,66.3759994506836,157,96.26001650447698,2358.3703066089365,157
BODI,12.920000076293945,13.510000228881836,13.079999923706055,3,27.118611191930945,1.2383889045456165,3
BELFA,268.7099914550781,273.7550048828125,267.8800048828125,376,-16.45162265977074,-0.30887819532545324,376
APWC,1.4500000476837158,2.26990008354187,2.0880000591278076,120,77.81436559840182,43.99999934229359,120
BARK,9.350000381469727,10.710000038146973,10.625,338,93.74999561730442,13.636359000125047,338
ARTL,2.319999933242798,2.4226999282836914,2.390000104904175,6,68.15985885247994,3.0172488653279257,6
BGMS,1.0199999809265137,2.240000009536743,2.100600004196167,123,88.57377032200773,105.94118073297352,123
ANNA,3.630000114440918,3.838399887084961,3.7808001041412354,13,72.36091853031489,4.154269557744715,13
BTBD,1.1100000143051147,1.2400000095367432,1.190000057220459,207,61.53849680748341,7.207210980571571,207
BNZI,5.910099983215332,8.175000190734863,7.789999961853027,13,83.0014484698432,31.8082601644068,13
CETX,7.9830002784729,9.779999732971191,9.199999809265137,112,67.72397886631599,15.244888993352774,192
CDTG,8.304999351501465,15.119999885559082,13.279999732971191,123,73.00073355251283,59.903681757305534,123
CHNR,4.0,4.75,4.449999809265137,68,59.9999745686849,11.249995231628418,68
AKTX,3.490000009536743,29.31999969482422,27.600000381469727,121,93.3410788450989,690.8309543280862,121
AMCI,5.0,5.592700004577637,5.28000020980835,51,47.24147252333501,5.600004196166992,51
AMBO,2.4644999504089355,2.700000047683716,2.819999933242798,1,150.95534437043852,14.424832216972616,1
CDIO,1.340000033378601,2.569999933242798,1.809999942779541,96,38.21137785887887,35.0746192308599,152
BLRX,2.680000066757202,3.5999999046325684,3.5799999237060547,71,97.82608864663483,33.58208337799975,71
BNZI,3.8299999237060547,4.0,3.8499999046325684,84,11.764689382804699,0.5221927238881228,84
AEMD,2.059999942779541,2.2100000381469727,2.1649999618530273,17,69.99996821087633,5.097088446119598,17
AKTX,3.430000066757202,16.110000610351562,17.530000686645508,41,111.19873829194191,411.0787272729927,41
BESS,4.150000095367432,6.199999809265137,5.929999828338623,423,86.82926738496187,42.89155884497863,423
BQ,0.7200999855995178,1.1100000143051147,1.0499999523162842,209,84.61142406477353,45.81307781059165,209
BLRX,2.805000066757202,3.365000009536743,3.369999885559082,14,100.89283509521843,20.14259555633678,14
BIYA,1.2450000047683716,2.0,1.903499960899353,27,87.21853778673979,52.89156253886868,27
ASTC,2.5,29.0,24.56999969482422,36,83.28301771631781,882.7999877929689,36
ACON,3.319999933242798,3.612099885940552,3.5850000381469727,99,90.7224059629956,7.98193103110508,99
AZI,1.2100000381469727,1.7999999523162842,4.40500020980835,97,541.5255316027914,264.04959263921086,97
BJDX,2.119999885559082,4.860000133514404,5.809999942779541,1,134.67152274800185,174.0566158685117,1
CABO,43.68000030517578,49.279998779296875,48.4474983215332,139,85.13391634639096,10.91460160954373,139
BJDX,5.260000228881836,5.440000057220459,5.389999866485596,16,72.22208976732973,2.471475892528524,16
AIFA,2.075399875640869,2.5799999237060547,2.5299999713897705,167,90.0911717095546,21.904217162416664,167
BARK,9.90999984741211,10.710000038146973,10.625,39,89.37499776482636,7.214936060514726,39
BARK,9.610099792480469,10.710000038146973,10.625,26,92.27202298736961,10.560766583440179,26
AEMD,2.0450000762939453,2.2100000381469727,2.053999900817871,8,5.454440366442216,0.44008920235522575,8
BYAH,2.360100030899048,2.450000047683716,2.331700086593628,1,-31.590588434977246,-1.2033364659802726,1
CDIO,2.0244998931884766,2.0899999141693115,2.069999933242798,2,69.4656877554809,2.2474706077984137,2
CIIT,0.6438000202178955,0.6700000166893005,0.6589000225067139,1,57.63360428425505,2.3454491790335346,1
