ticker,entry_price,known_peak,exit_price,exit_bar,peak_bar,exited_before_peak,peak_capture,gain_pct,total_fwd_bars
BAOS,2.6700000762939453,3.819999933242798,2.9049999713897705,23,56,True,20.43477602852233,8.801493946847124,64
BAOS,2.6700000762939453,3.819999933242798,2.9049999713897705,23,56,True,20.43477602852233,8.801493946847124,64
BAOS,2.6700000762939453,3.819999933242798,2.9049999713897705,23,56,True,20.43477602852233,8.801493946847124,64
CCTG,0.6150000095367432,4.5,0.5701000094413757,21,51,True,-1.1557271610189488,-7.30081291042401,64
BGI,0.6899999976158142,0.7099999785423279,0.6588000059127808,11,35,True,-156.0001072884629,-4.521737943600012,64
AIOS,7.409999847412109,33.86989974975586,8.300000190734863,12,20,True,3.3635816711608952,12.010801101886397,64
CLWT,1.2649999856948853,2.25,1.1699999570846558,7,46,True,-9.644672815284059,-7.509883769527825,64
CHNR,4.070000171661377,5.329999923706055,4.050000190734863,3,11,True,-1.5873003858975763,-0.4914000020385666,64
BGI,0.6899999976158142,0.7099999785423279,0.6588000059127808,11,35,True,-156.0001072884629,-4.521737943600012,64
CHNR,4.070000171661377,5.329999923706055,4.050000190734863,3,11,True,-1.5873003858975763,-0.4914000020385666,64
CHNR,4.070000171661377,5.329999923706055,4.050000190734863,3,11,True,-1.5873003858975763,-0.4914000020385666,64
BGI,0.6899999976158142,0.7099999785423279,0.6588000059127808,11,35,True,-156.0001072884629,-4.521737943600012,64
CCTG,0.6150000095367432,4.5,0.5701000094413757,21,51,True,-1.1557271610189488,-7.30081291042401,64
BGI,0.6899999976158142,0.7099999785423279,0.6588000059127808,11,35,True,-156.0001072884629,-4.521737943600012,64
BGMS,0.9950000047683716,2.240000009536743,0.949999988079071,23,27,True,-3.6144591579879273,-4.522614720969393,64
BTOG,2.049999952316284,2.2625999450683594,2.0999999046325684,59,49,False,23.5183226815026,2.4390221209414906,64
APWC,1.382699966430664,2.26990008354187,1.5430999994277954,11,9,False,18.079352099209203,11.60049445948798,64
CCTG,0.6150000095367432,4.5,0.5701000094413757,21,51,True,-1.1557271610189488,-7.30081291042401,64
CIIT,1.440000057220459,3.4200000762939453,1.4500000476837158,7,16,True,0.5050500185316258,0.6944437545758981,64
ACCL,1.4019999504089355,2.1600000858306885,1.4299999475479126,20,42,True,3.6939303610279426,1.9971467995280605,64
AHMA,1.0700000524520874,5.400000095367432,1.021299958229065,19,53,True,-1.1247134813013349,-4.551410451935764,64
BBGI,22.799999237060547,24.989999771118164,20.70009994506836,44,20,False,-95.88578903684143,-9.210084922191049,64
BQ,0.7599999904632568,1.2999999523162842,0.7710000276565552,7,3,False,2.0370440685868485,1.4473733330698182,64
BGMS,0.9950000047683716,2.240000009536743,0.949999988079071,23,27,True,-3.6144591579879273,-4.522614720969393,64
BCG,1.9199999570846558,2.5,1.8801000118255615,11,44,True,-6.879300397727378,-2.078122195360809,64
ACCL,1.4019999504089355,2.1600000858306885,1.4299999475479126,20,42,True,3.6939303610279426,1.9971467995280605,64
AIHS,1.2200000286102295,1.5399999618530271,1.2000000476837158,12,8,False,-6.24999534338616,-1.6393426604503258,64
CHR,1.659999966621399,2.880000114440918,1.6299999952316284,9,36,True,-2.4590137503990332,-1.8072272284938358,64
APWC,1.382699966430664,2.26990008354187,1.5430999994277954,11,9,False,18.079352099209203,11.60049445948798,64
CIIT,1.440000057220459,3.4200000762939453,1.4500000476837158,7,16,True,0.5050500185316258,0.6944437545758981,64
CCTG,0.6150000095367432,4.5,0.5701000094413757,21,51,True,-1.1557271610189488,-7.30081291042401,64
CCTG,0.6150000095367432,4.5,0.5701000094413757,21,51,True,-1.1557271610189488,-7.30081291042401,64
BQ,0.7599999904632568,1.2999999523162842,0.7710000276565552,7,3,False,2.0370440685868485,1.4473733330698182,64
CCTG,0.6150000095367432,4.5,0.5701000094413757,21,51,True,-1.1557271610189488,-7.30081291042401,64
AGMH,0.8615000247955322,1.4500000476837158,0.8202999830245972,9,62,True,-7.000856443256785,-4.782361066177966,64
BYAH,1.1100000143051147,6.489999771118164,1.2599999904632568,46,53,True,2.788103772090086,13.513511191443136,64
AIOS,7.409999847412109,33.86989974975586,8.300000190734863,12,20,True,3.3635816711608952,12.010801101886397,64
AXIL,6.769999980926514,7.25,6.75,12,13,True,-4.166662527455388,-0.2954206939861255,64
BENF,3.434799909591675,3.869999885559082,3.359999895095825,10,62,True,-17.187504279975304,-2.177710971954164,64
AMBO,2.299999952316284,2.880000114440918,2.220099925994873,4,25,True,-13.775862756438636,-3.4739142599088058,64
CETX,10.850000381469727,11.549999237060549,10.819999694824219,8,21,True,-4.285819384688314,-0.27650401466109403,64
BENF,3.434799909591675,3.869999885559082,3.359999895095825,10,62,True,-17.187504279975304,-2.177710971954164,64
BELFA,237.4949951171875,276.2049865722656,231.375,5,63,True,-15.80985912717027,-2.576894352728445,64
AZI,1.3600000143051147,6.989999771118164,1.3200000524520874,19,3,False,-0.7104789268351577,-2.9411736347271384,64
CIIT,1.440000057220459,3.4200000762939453,1.4500000476837158,7,16,True,0.5050500185316258,0.6944437545758981,64
CHR,1.659999966621399,2.880000114440918,1.6299999952316284,9,36,True,-2.4590137503990332,-1.8072272284938358,64
BKTI,94.52999877929688,97.80999755859376,92.8550033569336,9,55,True,-51.066952613998794,-1.77191943720846,64
AZI,1.3600000143051147,6.989999771118164,1.3200000524520874,19,3,False,-0.7104789268351577,-2.9411736347271384,64
BTBD,1.809999942779541,2.309999942779541,1.8100999593734741,4,37,True,0.020003318786621094,0.005525778845026602,64
BNRG,3.0450000762939453,3.4000000953674316,2.934999942779541,12,10,False,-30.985951437831854,-3.6124837687454154,64
BGMS,0.9950000047683716,2.240000009536743,0.949999988079071,23,27,True,-3.6144591579879273,-4.522614720969393,64
ARTL,4.010000228881836,4.119999885559082,3.799999952316284,3,1,False,-190.90993818437184,-5.236914328658506,64
ANNA,3.809999942779541,4.099899768829346,3.889899969100952,13,52,True,27.561253626859482,2.0971135832385603,64
BNZI,9.055999755859375,9.107999801635742,8.315999984741211,19,0,False,-1423.0752301654256,-8.171375784759407,64
BKTI,94.52999877929688,97.80999755859376,92.8550033569336,9,55,True,-51.066952613998794,-1.77191943720846,64
BCG,1.9199999570846558,2.5,1.8801000118255615,11,44,True,-6.879300397727378,-2.078122195360809,64
AIOS,7.409999847412109,33.86989974975586,8.300000190734863,12,20,True,3.3635816711608952,12.010801101886397,64
BBGI,22.799999237060547,24.989999771118164,20.70009994506836,44,20,False,-95.88578903684143,-9.210084922191049,64
BBGI,22.799999237060547,24.989999771118164,20.70009994506836,44,20,False,-95.88578903684143,-9.210084922191049,64
BCG,1.9199999570846558,2.5,1.8801000118255615,11,44,True,-6.879300397727378,-2.078122195360809,64
BQ,0.7599999904632568,1.2999999523162842,0.7710000276565552,7,3,False,2.0370440685868485,1.4473733330698182,64
BELFA,237.4949951171875,276.2049865722656,231.375,5,63,True,-15.80985912717027,-2.576894352728445,64
ACXP,2.0,2.2999000549316406,1.9900000095367432,23,61,True,-3.334441024205961,-0.4999995231628418,64
CABO,100.99500274658203,104.5500030517578,103.01000213623047,6,4,False,56.680709329751,1.9951476160701733,64
AMCI,6.920000076293945,7.21999979019165,6.889999866485596,27,9,False,-10.000079472935491,-0.43352903869354337,64
BIYA,0.7570000290870667,2.380000114440918,1.378999948501587,16,45,True,38.32408420846817,82.16643269679197,64
BBGI,22.540000915527344,24.989999771118164,20.70009994506836,12,0,False,-75.09803387297053,-8.162825624339325,64
ACXP,2.049999952316284,2.2200000286102295,2.240000009536743,33,31,False,111.7646893828047,9.268295689752524,64
APWC,1.5800000429153442,2.26990008354187,1.5399999618530273,20,0,False,-5.797953139123056,-2.5316506313829312,64
BELFA,227.5,276.2049865722656,224.61000061035156,15,48,True,-5.9336827562007946,-1.2703294020432692,64
BKTI,91.22000122070312,97.80999755859376,96.5199966430664,21,17,False,80.42486142048043,5.810124261608104,64
BIYA,1.8849999904632568,2.0,1.9908000230789185,7,1,False,92.00002073204864,5.612733854160935,64
ALGS,6.050000190734863,6.849999904632568,6.010000228881836,7,51,True,-4.999997019766695,-0.6611563734210189,64
AHMA,1.1309000253677368,5.400000095367432,1.1328999996185303,3,30,True,0.04684767791806764,0.17684801537988487,64
CABO,92.63999938964844,95.55999755859376,74.5,12,10,False,-621.2332453687949,-19.581173908854097,64
AHMA,1.1309000253677368,5.400000095367432,1.1328999996185303,3,30,True,0.04684767791806764,0.17684801537988487,64
BIYA,2.0,2.140000104904175,1.9600000381469727,12,10,False,-28.571379914612155,-1.9999980926513672,64
CLWT,1.2000000476837158,2.25,1.1200000047683716,10,43,True,-7.61905205222775,-6.666669978035689,64
BESS,2.509999990463257,6.199999809265137,2.5850000381469727,10,3,False,2.032521717252221,2.988049719867667,64
BELFA,244.2899932861328,276.2049865722656,255.3800048828125,22,29,True,34.74859448426812,4.539691310110333,64
APWC,1.5299999713897705,2.26990008354187,1.5399999618530273,10,8,False,1.3515324972948728,0.653594160147165,64
BDSX,11.083000183105469,18.219999313354492,11.220000267028809,5,54,True,1.9195754605417705,1.2361281391312968,64
BNAI,27.899999618530273,30.899900436401367,26.881999969482422,3,1,False,-33.934443531712624,-3.6487443117086253,64
CABO,72.0,74.6500015258789,71.0,5,3,False,-37.73582732818757,-1.3888888888888888,64
ACXP,2.1449999809265137,2.190000057220459,2.1500000953674316,3,1,False,11.111346585851736,0.2331055704139547,64
BDSX,11.279999732971191,18.219999313354492,11.670000076293945,7,57,True,5.619601828581292,3.457449933999479,64
BARK,9.305000305175781,10.710000038146973,9.130000114440918,18,57,True,-12.455531956919707,-1.8807112842062108,64
BDSX,14.720000267028809,18.219999313354492,14.574999809265137,18,44,True,-4.1428713506620545,-0.9850574397641625,64
BODI,13.5,13.510000228881836,14.850000381469727,16,18,True,13499.69483120351,10.000002825701678,64
BIYA,1.149899959564209,2.0,1.6098999977111816,3,1,False,54.11128293925977,40.00348328747696,64
ADV,38.04999923706055,43.5,40.345001220703125,7,35,True,42.1101222452815,6.031542784913529,64
BNZI,5.644000053405762,8.175000190734863,4.343999862670898,8,43,True,-51.363102338932286,-23.033312870902677,64
ADV,40.720001220703125,45.625,43.650001525878906,18,25,True,59.734985410043116,7.195481869696241,64
ASBP,0.19050000607967377,6.980000019073486,0.15070000290870667,3,45,True,-0.5861993238794825,-20.892389449227284,64
ASBP,0.19050000607967377,6.980000019073486,0.15070000290870667,3,45,True,-0.5861993238794825,-20.892389449227284,64
BJDX,1.7100000381469727,6.20989990234375,1.7599999904632568,6,2,False,1.1111347768892867,2.9239737544372346,64
BBGI,16.774999618530273,24.989999771118164,17.0,6,18,True,2.738896862939764,1.341283973688935,64
AQMS,5.130000114440918,5.210000038146973,4.889999866485596,9,0,False,-300.0005960470162,-4.678367302170678,64
CCHH,0.4699000120162964,0.8799999952316284,0.4350999891757965,5,0,False,-8.485741103341466,-7.405835699211047,64
BH,301.7900085449219,348.6600036621094,303.3900146484375,9,12,True,3.4137108389176967,0.5301719931783169,64
AIMD,1.7000000476837158,3.8798999786376953,1.7100000381469727,5,2,False,0.45873621634001277,0.5882347166332156,64
ADIL,1.440000057220459,5.159999847412109,1.3700000047683716,14,3,False,-1.8817219462391712,-4.861114560453843,64
AMBO,2.2300000190734863,2.880000114440918,2.2899999618530273,22,47,True,9.230759073292795,2.690580370688499,64
AIFA,3.697199821472168,3.698400020599365,3.3899998664855957,12,0,False,-25595.748907438952,-8.308989771189863,64
BODI,12.279999732971191,13.920000076293944,13.240099906921387,18,14,False,58.54268127803968,7.818405495338683,64
BELFA,266.54998779296875,273.7550048828125,265.510009765625,4,9,True,-14.43408134048303,-0.39016247419658795,64
BNZI,4.815000057220459,8.175000190734863,5.079999923706055,24,47,True,7.886900474864509,5.503631637308254,64
BBGI,16.18000030517578,24.989999771118164,16.055999755859375,18,3,False,-1.4074978074149318,-0.7663816253250627,64
ASTC,2.700000047683716,68.8499984741211,2.674999952316284,14,24,True,-0.03779304000321813,-0.9259294417005213,64
BODI,12.920000076293945,13.510000228881836,11.369999885559082,21,3,False,-262.71182879125854,-11.996905430200858,64
BELFA,268.7099914550781,273.7550048828125,244.4499969482422,7,0,False,-480.87076187883736,-9.028318737039456,64
APWC,1.4500000476837158,2.26990008354187,1.3799999952316284,5,10,True,-8.537632563806556,-4.8275896655250525,64
BARK,9.350000381469727,10.710000038146973,8.975000381469727,17,0,False,-27.5735363725165,-4.010695023533825,64
ARTL,2.319999933242798,2.4226999282836914,2.0590999126434326,12,7,False,-254.04092813780457,-11.245690866666976,64
BGMS,1.0199999809265137,2.240000009536743,1.0199999809265137,7,5,False,0.0,0.0,64
ANNA,3.630000114440918,3.838399887084961,3.6700000762939453,17,13,False,19.19386060048599,1.1019272890350313,64
BTBD,1.1100000143051147,1.2400000095367432,1.1349999904632568,42,45,True,19.230751596258294,2.2522500753112733,64
BNZI,5.910099983215332,8.175000190734863,6.224999904632568,15,13,False,13.903478854024556,5.328165721587642,64
CETX,7.9830002784729,9.779999732971191,7.595999717712402,20,37,True,-21.5359308981285,-4.8478084336798855,64
CDTG,8.304999351501465,15.119999885559082,7.502500057220459,20,34,True,-11.775483952944048,-9.66284595959567,64
CHNR,4.0,4.75,4.010000228881836,12,57,True,1.3333638509114585,0.25000572204589844,64
AKTX,3.490000009536743,29.31999969482422,3.5399999618530273,16,61,True,0.19357318205761992,1.432663386236526,64
AMCI,5.0,5.592700004577637,4.554999828338623,13,51,True,-75.08017010704901,-8.900003433227539,64
AMBO,2.4644999504089355,2.700000047683716,2.640000104904175,22,7,False,74.52232781478074,7.1211263147365225,64
CDIO,1.340000033378601,2.569999933242798,1.4240000247955322,19,57,True,6.829268150851518,6.268655919741903,64
BLRX,2.680000066757202,3.5999999046325684,2.619999885559082,13,35,True,-6.5217599751629995,-2.23881267550565,64
BNZI,3.8299999237060547,4.0,3.259999990463257,8,0,False,-335.29392790225404,-14.882505080868096,64
AEMD,2.059999942779541,2.2100000381469727,2.0799999237060547,15,61,True,13.33331214058422,0.9708728874782327,64
AKTX,3.430000066757202,16.110000610351562,15.20009994506836,48,46,False,92.82412755303181,343.151593272092,64
BESS,4.150000095367432,6.199999809265137,4.500100135803223,3,45,True,17.078053136414294,8.436145358806165,64
BQ,0.7200999855995178,1.1100000143051147,0.7199000120162964,20,62,True,-0.0512884248522152,-0.027770252356684597,64
BLRX,2.805000066757202,3.365000009536743,3.1600000858306885,25,58,True,63.392867026281394,12.655971858278562,64
BIYA,1.2450000047683716,2.0,1.7599999904632568,12,27,True,68.21191906589179,41.36546053995392,64
ASTC,2.5,29.0,16.25,8,56,True,51.886792452830186,550.0,64
ACON,3.319999933242798,3.612099885940552,3.059999942779541,15,13,False,-89.0106239531944,-7.831325171422603,64
AKTX,23.610000610351562,24.44499969482422,14.270000457763672,26,0,False,-1118.5641189638632,-39.55950830637786,64
AZI,1.2100000381469727,1.7999999523162842,1.149999976158142,8,0,False,-10.169503511421262,-4.958682652664732,64
BJDX,2.119999885559082,4.860000133514404,3.869999885559082,9,54,True,63.86860735891929,82.5471742673464,64
CABO,43.68000030517578,49.279998779296875,42.61000061035156,14,0,False,-19.107142613858528,-2.44963298385653,64
BJDX,5.260000228881836,5.440000057220459,5.085000038146973,7,16,True,-97.22242090456095,-3.3269996790867937,64
AIFA,2.075399875640869,2.5799999237060547,2.100600004196167,4,1,False,4.994079697757467,1.2142300310929828,64
BARK,9.90999984741211,10.710000038146973,10.120100021362305,9,39,True,26.26251548230279,2.1200825144821844,64
BODI,10.0,10.06999969482422,9.670000076293945,6,0,False,-471.43051771115967,-3.299999237060547,64
BARK,9.610099792480469,10.710000038146973,9.710000038146973,21,26,True,9.082664183420343,1.0395339052011925,64
AEMD,2.0450000762939453,2.2100000381469727,2.0199999809265137,12,8,False,-15.151576452908708,-1.222498505366225,64
BYAH,2.360100030899048,2.450000047683716,1.8200000524520874,7,1,False,-600.7785067945305,-22.884622320063983,64
BYAH,1.510699987411499,1.559999942779541,1.5,6,31,True,-21.703848069678255,-0.7082801019832443,64
CDIO,2.0244998931884766,2.0899999141693115,1.9600000381469727,33,8,False,-98.47302958937418,-3.18596485277755,37
CIIT,0.6438000202178955,0.6700000166893005,0.515999972820282,24,1,False,-487.7865061436017,-19.850892106893586,54
CIIT,0.48559999465942383,0.4990000128746032,0.4869999885559082,9,0,False,10.447701443409068,0.28830187641708327,10
