ticker,entry_time,exit_time,entry_price,exit_price,peak_price,pnl,pnl_pct,bars_to_exit,peak_capture,signal_valid,hmm_fit_success,exit_reason,status
BAOS,2021-12-15 09:01:00,,,,,,,,,False,False,,no_previous_day
BAOS,2026-04-27 14:30:00+00:00,,2.6700000762939453,2.6700000762939453,,0.0,0.0,0.0,0.0,False,False,insufficient_history,completed
BAOS,2026-04-27 14:30:00+00:00,,2.6700000762939453,2.6700000762939453,,0.0,0.0,0.0,0.0,False,False,insufficient_history,completed
BAOS,2026-04-27 14:30:00+00:00,,2.6700000762939453,2.6700000762939453,,0.0,0.0,0.0,0.0,False,False,insufficient_history,completed
BAOS,2022-12-21 08:00:00,,,,,,,,,False,False,,no_previous_day
BAOS,2023-03-21 13:00:00,,,,,,,,,False,False,,no_previous_day
BAOS,2024-05-31 01:30:00,,,,,,,,,False,False,,no_previous_day
AIHS,2024-06-27 21:52:00,,,,,,,,,False,False,,no_previous_day
CHNR,2024-07-11 08:10:00,,,,,,,,,False,False,,no_previous_day
CCTG,2026-04-27 14:30:00+00:00,,0.6150000095367432,0.6150000095367432,,0.0,0.0,0.0,0.0,False,False,insufficient_history,completed
CHNR,2024-12-31 07:55:00,,,,,,,,,False,False,,no_previous_day
BGI,2026-04-27 15:15:00+00:00,,0.6899999976158142,0.6899999976158142,,0.0,0.0,0.0,0.0,False,False,insufficient_history,completed
ADVB,2025-03-06 09:02:00,,,,,,,,,False,False,,no_previous_day
ADVB,2025-03-07 12:29:00,,,,,,,,,False,False,,no_previous_day
AIOS,2026-04-27 15:15:00+00:00,,7.409999847412109,7.409999847412109,,0.0,0.0,0.0,0.0,False,False,insufficient_history,completed
AIOS,2025-04-29 22:10:00,,,,,,,,,False,False,,no_previous_day
CLWT,2026-04-27 19:00:00+00:00,,1.2649999856948853,1.2649999856948853,,0.0,0.0,0.0,0.0,False,False,insufficient_history,completed
CDTG,2025-05-15 07:15:00,,,,,,,,,False,False,,no_previous_day
ATXG,2025-05-15 09:20:00,,,,,,,,,False,False,,no_previous_day
CHNR,2026-04-27 16:45:00+00:00,,4.070000171661377,4.070000171661377,,0.0,0.0,0.0,0.0,False,False,insufficient_history,completed
BGI,2026-04-27 15:15:00+00:00,,0.6899999976158142,0.6899999976158142,,0.0,0.0,0.0,0.0,False,False,insufficient_history,completed
ATXG,2025-05-21 10:00:00,,,,,,,,,False,False,,no_previous_day
CHNR,2026-04-27 16:45:00+00:00,,4.070000171661377,4.070000171661377,,0.0,0.0,0.0,0.0,False,False,insufficient_history,completed
BGI,2025-06-09 07:30:00,,,,,,,,,False,False,,no_previous_day
CHNR,2026-04-27 16:45:00+00:00,,4.070000171661377,4.070000171661377,,0.0,0.0,0.0,0.0,False,False,insufficient_history,completed
BGI,2026-04-27 15:15:00+00:00,,0.6899999976158142,0.6899999976158142,,0.0,0.0,0.0,0.0,False,False,insufficient_history,completed
BGI,2025-07-09 07:47:00,,,,,,,,,False,False,,no_previous_day
BGMS,2025-07-16 09:00:00,,,,,,,,,False,False,,no_previous_day
CCTG,2026-04-27 14:30:00+00:00,,0.6150000095367432,0.6150000095367432,,0.0,0.0,0.0,0.0,False,False,insufficient_history,completed
BQ,2025-07-21 09:00:00,,,,,,,,,False,False,,no_previous_day
AIHS,2025-07-24 09:00:00,,,,,,,,,False,False,,no_previous_day
BGI,2026-04-27 15:15:00+00:00,,0.6899999976158142,0.6899999976158142,,0.0,0.0,0.0,0.0,False,False,insufficient_history,completed
BBGI,2025-08-13 03:10:00,,,,,,,,,False,False,,no_previous_day
BTOG,2025-08-13 10:30:00,,,,,,,,,False,False,,no_previous_day
BGMS,2026-04-27 14:30:00+00:00,,0.9950000047683716,0.9950000047683716,,0.0,0.0,0.0,0.0,False,False,insufficient_history,completed
BTOG,2026-04-27 14:30:00+00:00,,2.049999952316284,2.049999952316284,,0.0,0.0,0.0,0.0,False,False,insufficient_history,completed
APWC,2026-04-27 14:30:00+00:00,,1.382699966430664,1.382699966430664,,0.0,0.0,0.0,0.0,False,False,insufficient_history,completed
AIHS,2025-09-03 10:30:00,,,,,,,,,False,False,,no_previous_day
BGMS,2025-09-12 06:00:00,,,,,,,,,False,False,,no_previous_day
CCTG,2025-10-01 08:42:00,,,,,,,,,False,False,,no_previous_day
CCTG,2026-04-27 14:30:00+00:00,,0.6150000095367432,0.6150000095367432,,0.0,0.0,0.0,0.0,False,False,insufficient_history,completed
CIIT,2026-04-27 15:00:00+00:00,,1.440000057220459,1.440000057220459,,0.0,0.0,0.0,0.0,False,False,insufficient_history,completed
ABTS,2025-10-10 08:00:00,,,,,,,,,False,False,,no_previous_day
BTOG,2025-10-14 07:00:00,,,,,,,,,False,False,,no_previous_day
CLIK,2025-10-14 09:00:00,,,,,,,,,False,False,,no_previous_day
ACCL,2025-10-17 10:50:00,,,,,,,,,False,False,,no_previous_day
ACCL,2026-04-27 14:30:00+00:00,,1.4019999504089355,1.4019999504089355,,0.0,0.0,0.0,0.0,False,False,insufficient_history,completed
AHMA,2026-04-27 14:30:00+00:00,,1.0700000524520874,1.0700000524520874,,0.0,0.0,0.0,0.0,False,False,insufficient_history,completed
BYAH,2025-10-24 09:26:00,,,,,,,,,False,False,,no_previous_day
BQ,2025-11-03 12:36:00,,,,,,,,,False,False,,no_previous_day
BBGI,2026-04-27 14:30:00+00:00,,22.799999237060547,22.799999237060547,,0.0,0.0,0.0,0.0,False,False,insufficient_history,completed
BQ,2026-04-27 14:30:00+00:00,,0.7599999904632568,0.7599999904632568,,0.0,0.0,0.0,0.0,False,False,insufficient_history,completed
AHMA,2025-11-05 05:00:00,,,,,,,,,False,False,,no_previous_day
CHR,2025-11-05 12:42:00,,,,,,,,,False,False,,no_previous_day
BBGI,2025-11-10 07:00:00,,,,,,,,,False,False,,no_previous_day
ANNA,2025-11-12 07:00:00,,,,,,,,,False,False,,no_previous_day
BGMS,2026-04-27 14:30:00+00:00,,0.9950000047683716,0.9950000047683716,,0.0,0.0,0.0,0.0,False,False,insufficient_history,completed
BCG,2026-04-27 14:30:00+00:00,,1.9199999570846558,1.9199999570846558,,0.0,0.0,0.0,0.0,False,False,insufficient_history,completed
APWC,2025-11-14 08:00:00,,,,,,,,,False,False,,no_previous_day
AIHS,2025-11-14 09:15:00,,,,,,,,,False,False,,no_previous_day
CHR,2025-11-18 08:00:00,,,,,,,,,False,False,,no_previous_day
ACCL,2026-04-27 14:30:00+00:00,,1.4019999504089355,1.4019999504089355,,0.0,0.0,0.0,0.0,False,False,insufficient_history,completed
AIHS,2026-04-27 18:15:00+00:00,,1.2200000286102295,1.2200000286102295,,0.0,0.0,0.0,0.0,False,False,insufficient_history,completed
CHR,2026-04-27 14:30:00+00:00,,1.659999966621399,1.659999966621399,,0.0,0.0,0.0,0.0,False,False,insufficient_history,completed
ABTS,2025-11-24 08:00:00,,,,,,,,,False,False,,no_previous_day
BCG,2025-11-25 12:30:00,,,,,,,,,False,False,,no_previous_day
CDTG,2025-11-28 09:00:00,,,,,,,,,False,False,,no_previous_day
APWC,2026-04-27 14:30:00+00:00,,1.382699966430664,1.382699966430664,,0.0,0.0,0.0,0.0,False,False,insufficient_history,completed
CIIT,2026-04-27 15:00:00+00:00,,1.440000057220459,1.440000057220459,,0.0,0.0,0.0,0.0,False,False,insufficient_history,completed
APWC,2025-12-18 08:00:00,,,,,,,,,False,False,,no_previous_day
CHR,2025-12-19 07:00:00,,,,,,,,,False,False,,no_previous_day
CCTG,2026-04-27 14:30:00+00:00,,0.6150000095367432,0.6150000095367432,,0.0,0.0,0.0,0.0,False,False,insufficient_history,completed
CDTG,2025-12-23 09:03:00,,,,,,,,,False,False,,no_previous_day
CCTG,2026-04-27 14:30:00+00:00,,0.6150000095367432,0.6150000095367432,,0.0,0.0,0.0,0.0,False,False,insufficient_history,completed
CCHH,2025-12-31 01:24:00,,,,,,,,,False,False,,no_previous_day
CCHH,2025-12-31 01:27:00,,,,,,,,,False,False,,no_previous_day
CCHH,2025-12-31 01:31:00,,,,,,,,,False,False,,no_previous_day
CHNR,2025-12-31 08:00:00,,,,,,,,,False,False,,no_previous_day
ADVB,2025-12-31 10:25:00,,,,,,,,,False,False,,no_previous_day
BQ,2026-04-27 14:30:00+00:00,,0.7599999904632568,0.7599999904632568,,0.0,0.0,0.0,0.0,False,False,insufficient_history,completed
CDTG,2026-01-06 08:00:00,,,,,,,,,False,False,,no_previous_day
BTBD,2026-01-06 11:00:00,,,,,,,,,False,False,,no_previous_day
CDTG,2026-01-07 08:22:00,,,,,,,,,False,False,,no_previous_day
AMCI,2026-01-09 07:30:00,,,,,,,,,False,False,,no_previous_day
BTOG,2026-01-15 11:30:00,,,,,,,,,False,False,,no_previous_day
ANNA,2026-01-20 07:00:00,,,,,,,,,False,False,,no_previous_day
AGMH,2026-01-20 08:00:00,,,,,,,,,False,False,,no_previous_day
CCTG,2026-04-27 14:30:00+00:00,,0.6150000095367432,0.6150000095367432,,0.0,0.0,0.0,0.0,False,False,insufficient_history,completed
BENF,2026-01-21 07:00:00,,,,,,,,,False,False,,no_previous_day
AMCI,2026-01-21 10:00:00,,,,,,,,,False,False,,no_previous_day
BH,2026-01-23 05:46:00,,,,,,,,,False,False,,no_previous_day
AGMH,2026-04-27 14:30:00+00:00,,0.8615000247955322,0.8615000247955322,,0.0,0.0,0.0,0.0,False,False,insufficient_history,completed
BJDX,2026-01-27 08:00:00,,,,,,,,,False,False,,no_previous_day
APWC,2026-01-28 09:00:00,,,,,,,,,False,False,,no_previous_day
BYAH,2026-04-27 14:30:00+00:00,,1.1100000143051147,1.1100000143051147,,0.0,0.0,0.0,0.0,False,False,insufficient_history,completed
ATPC,2026-01-29 08:27:00,,,,,,,,,False,False,,no_previous_day
AIOS,2026-04-27 15:15:00+00:00,,7.409999847412109,7.409999847412109,,0.0,0.0,0.0,0.0,False,False,insufficient_history,completed
AHMA,2026-02-05 07:30:00,,,,,,,,,False,False,,no_previous_day
BNBX,2026-02-05 08:00:00,,,,,,,,,False,False,,no_previous_day
ATPC,2026-02-05 09:00:00,,,,,,,,,False,False,,no_previous_day
ATPC,2026-02-06 11:00:00,,,,,,,,,False,False,,no_previous_day
BGDE,2026-02-07 10:30:00,,,,,,,,,False,False,,no_previous_day
AIRE,2026-02-09 08:30:00,,,,,,,,,False,False,,no_previous_day
CCHH,2026-02-10 00:03:00,,,,,,,,,False,False,,no_previous_day
AIOS,2026-02-10 06:15:00,,,,,,,,,False,False,,no_previous_day
BNKK,2026-02-10 08:50:00,,,,,,,,,False,False,,no_previous_day
AXIL,2026-04-27 15:15:00+00:00,,6.769999980926514,6.769999980926514,,0.0,0.0,0.0,0.0,False,False,insufficient_history,completed
BTTC,2026-02-11 00:00:00,,,,,,,,,False,False,,no_previous_day
AXIL,2026-02-11 04:56:00,,,,,,,,,False,False,,no_previous_day
BENF,2026-04-27 14:30:00+00:00,,3.434799909591675,3.434799909591675,,0.0,0.0,0.0,0.0,False,False,insufficient_history,completed
AMBO,2026-04-27 14:30:00+00:00,,2.299999952316284,2.299999952316284,,0.0,0.0,0.0,0.0,False,False,insufficient_history,completed
CISS,2026-02-16 08:15:00,,,,,,,,,False,False,,no_previous_day
CETX,2026-04-27 14:30:00+00:00,,10.850000381469727,10.850000381469727,,0.0,0.0,0.0,0.0,False,False,insufficient_history,completed
BENF,2026-04-27 14:30:00+00:00,,3.434799909591675,3.434799909591675,,0.0,0.0,0.0,0.0,False,False,insufficient_history,completed
BENF,2026-02-18 00:02:00,,,,,,,,,False,False,,no_previous_day
ADVB,2026-02-18 07:00:00,,,,,,,,,False,False,,no_previous_day
CISS,2026-02-19 09:10:00,,,,,,,,,False,False,,no_previous_day
BJDX,2026-02-20 06:30:00,,,,,,,,,False,False,,no_previous_day
CISS,2026-02-20 08:30:00,,,,,,,,,False,False,,no_previous_day
AEMD,2026-02-23 08:01:00,,,,,,,,,False,False,,no_previous_day
BGLC,2026-02-23 08:30:00,,,,,,,,,False,False,,no_previous_day
ABTS,2026-02-23 09:00:00,,,,,,,,,False,False,,no_previous_day
ABTS,2026-02-24 09:11:00,,,,,,,,,False,False,,no_previous_day
ALGS,2026-02-26 08:00:00,,,,,,,,,False,False,,no_previous_day
APWC,2026-02-26 09:15:00,,,,,,,,,False,False,,no_previous_day
AIRE,2026-02-27 08:30:00,,,,,,,,,False,False,,no_previous_day
BH,2026-02-28 09:44:00,,,,,,,,,False,False,,no_previous_day
AERT,2026-03-02 08:00:00,,,,,,,,,False,False,,no_previous_day
BH,2026-03-03 00:58:00,,,,,,,,,False,False,,no_previous_day
ADV,2026-03-03 07:00:00,,,,,,,,,False,False,,no_previous_day
CLWT,2026-03-03 07:00:00,,,,,,,,,False,False,,no_previous_day
AEHL,2026-03-03 10:19:00,,,,,,,,,False,False,,no_previous_day
ADV,2026-03-03 11:18:00,,,,,,,,,False,False,,no_previous_day
ADV,2026-03-03 12:31:00,,,,,,,,,False,False,,no_previous_day
AERT,2026-03-04 08:00:00,,,,,,,,,False,False,,no_previous_day
AXIL,2026-03-04 08:00:00,,,,,,,,,False,False,,no_previous_day
BH,2026-03-04 11:01:00,,,,,,,,,False,False,,no_previous_day
BELFA,2026-04-27 14:45:00+00:00,,237.4949951171875,237.4949951171875,,0.0,0.0,0.0,0.0,False,False,insufficient_history,completed
BJDX,2026-03-06 06:30:00,,,,,,,,,False,False,,no_previous_day
ADIL,2026-03-06 08:00:00,,,,,,,,,False,False,,no_previous_day
AMCI,2026-03-06 08:30:00,,,,,,,,,False,False,,no_previous_day
ADV,2026-03-09 10:51:00,,,,,,,,,False,False,,no_previous_day
BNAI,2026-03-09 13:28:00,,,,,,,,,False,False,,no_previous_day
AZI,2026-04-27 14:30:00+00:00,,1.3600000143051147,1.3600000143051147,,0.0,0.0,0.0,0.0,False,False,insufficient_history,completed
AZI,2026-03-09 21:19:00,,,,,,,,,False,False,,no_previous_day
BGLC,2026-03-11 08:45:00,,,,,,,,,False,False,,no_previous_day
BJDX,2026-03-12 06:30:00,,,,,,,,,False,False,,no_previous_day
BKTI,2026-03-12 07:05:00,,,,,,,,,False,False,,no_previous_day
BENF,2026-03-12 07:30:00,,,,,,,,,False,False,,no_previous_day
AXIL,2026-03-12 08:00:00,,,,,,,,,False,False,,no_previous_day
CETX,2026-03-12 08:00:00,,,,,,,,,False,False,,no_previous_day
BNRG,2026-03-12 08:07:00,,,,,,,,,False,False,,no_previous_day
BKTI,2026-03-12 12:49:00,,,,,,,,,False,False,,no_previous_day
BTTC,2026-03-13 10:00:00,,,,,,,,,False,False,,no_previous_day
AEMD,2026-03-13 12:02:00,,,,,,,,,False,False,,no_previous_day
CIIT,2026-04-27 15:00:00+00:00,,1.440000057220459,1.440000057220459,,0.0,0.0,0.0,0.0,False,False,insufficient_history,completed
CHR,2026-04-27 14:30:00+00:00,,1.659999966621399,1.659999966621399,,0.0,0.0,0.0,0.0,False,False,insufficient_history,completed
BKTI,2026-04-27 14:30:00+00:00,,94.52999877929688,94.52999877929688,,0.0,0.0,0.0,0.0,False,False,insufficient_history,completed
AHMA,2026-03-18 06:00:00,,,,,,,,,False,False,,no_previous_day
BNZI,2026-03-18 08:31:00,,,,,,,,,False,False,,no_previous_day
AZI,2026-04-27 14:30:00+00:00,,1.3600000143051147,1.3600000143051147,,0.0,0.0,0.0,0.0,False,False,insufficient_history,completed
BARK,2026-03-20 08:55:00,,,,,,,,,False,False,,no_previous_day
CHR,2026-03-23 08:00:00,,,,,,,,,False,False,,no_previous_day
BTBD,2026-03-24 07:00:00,,,,,,,,,False,False,,no_previous_day
BTBD,2026-04-27 14:30:00+00:00,,1.809999942779541,1.809999942779541,,0.0,0.0,0.0,0.0,False,False,insufficient_history,completed
BNRG,2026-04-27 14:45:00+00:00,,3.0450000762939453,3.0450000762939453,,0.0,0.0,0.0,0.0,False,False,insufficient_history,completed
BLRX,2026-03-25 21:01:00,,,,,,,,,False,False,,no_previous_day
ARTL,2026-03-27 10:30:00,,,,,,,,,False,False,,no_previous_day
ARTL,2026-03-27 10:40:00,,,,,,,,,False,False,,no_previous_day
AZI,2026-03-29 10:00:00,,,,,,,,,False,False,,no_previous_day
AMBO,2026-03-30 08:30:00,,,,,,,,,False,False,,no_previous_day
BGMS,2026-04-27 14:30:00+00:00,,0.9950000047683716,0.9950000047683716,,0.0,0.0,0.0,0.0,False,False,insufficient_history,completed
ARTL,2026-04-27 14:30:00+00:00,,4.010000228881836,4.010000228881836,,0.0,0.0,0.0,0.0,False,False,insufficient_history,completed
ANNA,2026-04-27 14:30:00+00:00,,3.809999942779541,3.809999942779541,,0.0,0.0,0.0,0.0,False,False,insufficient_history,completed
BNZI,2026-04-27 14:30:00+00:00,,9.055999755859375,9.055999755859375,,0.0,0.0,0.0,0.0,False,False,insufficient_history,completed
BKTI,2026-04-27 14:30:00+00:00,,94.52999877929688,94.52999877929688,,0.0,0.0,0.0,0.0,False,False,insufficient_history,completed
BCG,2026-04-27 14:30:00+00:00,,1.9199999570846558,1.9199999570846558,,0.0,0.0,0.0,0.0,False,False,insufficient_history,completed
AXIL,2026-04-01 08:00:00,,,,,,,,,False,False,,no_previous_day
AQMS,2026-04-01 08:30:00,,,,,,,,,False,False,,no_previous_day
BCG,2026-04-01 10:30:00,,,,,,,,,False,False,,no_previous_day
CHR,2026-04-02 08:00:00,,,,,,,,,False,False,,no_previous_day
AIOS,2026-04-27 15:15:00+00:00,,7.409999847412109,7.409999847412109,,0.0,0.0,0.0,0.0,False,False,insufficient_history,completed
BBGI,2026-04-27 14:30:00+00:00,,22.799999237060547,22.799999237060547,,0.0,0.0,0.0,0.0,False,False,insufficient_history,completed
CHR,2026-04-06 08:00:00,,,,,,,,,False,False,,no_previous_day
AQMS,2026-04-06 11:00:00,,,,,,,,,False,False,,no_previous_day
CETX,2026-04-07 10:30:00,,,,,,,,,False,False,,no_previous_day
BLRX,2026-04-08 02:30:00,,,,,,,,,False,False,,no_previous_day
BBGI,2026-04-08 07:00:00,,,,,,,,,False,False,,no_previous_day
AXIL,2026-04-08 08:10:00,,,,,,,,,False,False,,no_previous_day
BBGI,2026-04-27 14:30:00+00:00,,22.799999237060547,22.799999237060547,,0.0,0.0,0.0,0.0,False,False,insufficient_history,completed
BCG,2026-04-27 14:30:00+00:00,,1.9199999570846558,1.9199999570846558,,0.0,0.0,0.0,0.0,False,False,insufficient_history,completed
BENF,2026-04-10 07:30:00,,,,,,,,,False,False,,no_previous_day
BQ,2026-04-27 14:30:00+00:00,,0.7599999904632568,0.7599999904632568,,0.0,0.0,0.0,0.0,False,False,insufficient_history,completed
CHR,2026-04-14 08:00:00,,,,,,,,,False,False,,no_previous_day
BTBD,2026-04-14 10:30:00,,,,,,,,,False,False,,no_previous_day
BTTC,2026-04-15 10:00:00,,,,,,,,,False,False,,no_previous_day
BELFA,2026-04-27 14:45:00+00:00,,237.4949951171875,237.4949951171875,,0.0,0.0,0.0,0.0,False,False,insufficient_history,completed
BTOG,2026-04-16 10:30:00,,,,,,,,,False,False,,no_previous_day
ACXP,2026-04-27 14:30:00+00:00,,2.0,2.0,,0.0,0.0,0.0,0.0,False,False,insufficient_history,completed
CABO,2026-04-27 14:30:00+00:00,,100.99500274658203,100.99500274658203,,0.0,0.0,0.0,0.0,False,False,insufficient_history,completed
ASBP,2026-04-17 08:00:00,,,,,,,,,False,False,,no_previous_day
BDSX,2026-04-20 06:00:00,,,,,,,,,False,False,,no_previous_day
ACXP,2026-04-20 08:00:00,,,,,,,,,False,False,,no_previous_day
BKTI,2026-04-20 08:10:00,,,,,,,,,False,False,,no_previous_day
BKTI,2026-04-20 10:10:00,,,,,,,,,False,False,,no_previous_day
ARTL,2026-04-20 10:30:00,,,,,,,,,False,False,,no_previous_day
BNBX,2026-04-20 10:30:00,,,,,,,,,False,False,,no_previous_day
AMCI,2026-04-27 14:30:00+00:00,,6.920000076293945,6.920000076293945,,0.0,0.0,0.0,0.0,False,False,insufficient_history,completed
BIYA,2026-04-21 10:30:00,,,,,,,,,False,False,,no_previous_day
ADV,2026-04-22 07:00:00,,,,,,,,,False,False,,no_previous_day
BTTC,2026-04-23 00:00:00,,,,,,,,,False,False,,no_previous_day
AIHS,2026-04-23 08:00:00,,,,,,,,,False,False,,no_previous_day
BDSX,2026-04-23 12:33:00,,,,,,,,,False,False,,no_previous_day
ALGS,2026-04-24 08:00:00,,,,,,,,,False,False,,no_previous_day
ACXP,2026-04-27 08:00:00,,,,,,,,,False,False,,no_previous_day
ASBP,2026-04-27 08:30:00,,,,,,,,,False,False,,no_previous_day
ADTX,2026-04-27 10:30:00,,,,,,,,,False,False,,no_previous_day
CHSN,2026-04-27 10:30:00,,,,,,,,,False,False,,no_previous_day
AIRE,2026-04-27 19:45:00+00:00,,6.660000324249268,6.660000324249268,,0.0,0.0,0.0,0.0,False,False,insufficient_history,completed
AIRE,2026-04-27 19:45:00+00:00,,6.660000324249268,6.660000324249268,,0.0,0.0,0.0,0.0,False,False,insufficient_history,completed
BIYA,2026-04-27 19:45:00+00:00,,0.7570000290870667,0.7570000290870667,,0.0,0.0,0.0,0.0,False,False,insufficient_history,completed
CHSN,2026-04-27 19:45:00+00:00,,5.299999713897705,5.299999713897705,,0.0,0.0,0.0,0.0,False,False,insufficient_history,completed
BBGI,2026-04-28 19:45:00+00:00,,22.540000915527344,22.540000915527344,,0.0,0.0,0.0,0.0,False,True,no_accumulation_state,completed
ACXP,2026-04-28 19:45:00+00:00,,2.049999952316284,2.049999952316284,,0.0,0.0,0.0,0.0,False,True,no_accumulation_state,completed
APWC,2026-04-28 19:45:00+00:00,,1.5800000429153442,1.5800000429153442,,0.0,0.0,0.0,0.0,False,False,insufficient_history,completed
CHSN,2026-04-28 19:45:00+00:00,,3.819999933242798,3.819999933242798,,0.0,0.0,0.0,0.0,False,True,no_accumulation_state,completed
BELFA,2026-04-29 18:00:00+00:00,,227.5,239.61500549316406,239.61500549316406,12.115005493164062,5.325277139852335,16.0,100.0,True,True,wyckoff_volume_climax,completed
BKTI,2026-04-29 19:45:00+00:00,,91.22000122070312,96.31999969482422,96.80999755859375,5.099998474121094,5.590877445596446,15.0,91.23437952099927,True,True,wyckoff_volume_climax,completed
CHSN,2026-04-29 19:45:00+00:00,,3.2900002002716064,2.600714462144034,3.3500001430511475,-0.6892857381275723,-20.95093301424931,5.0,-100.0,True,True,emergency_trailing_atr,completed
BIYA,2026-04-29 19:45:00+00:00,,1.8849999904632568,1.8849999904632568,,0.0,0.0,0.0,0.0,False,True,no_accumulation_state,completed
CABO,2026-04-29 19:45:00+00:00,,90.06999969482422,92.82499694824219,95.42500305175781,2.7549972534179688,3.058729058235227,8.0,51.44716202373303,True,True,hmm_distribution_state,completed
ALGS,2026-04-30 16:30:00+00:00,,6.050000190734863,6.03000020980835,6.090000152587891,-0.019999980926513672,-0.3305781867105094,10.0,-50.0,True,True,hmm_distribution_state,completed
AHMA,2026-04-30 16:45:00+00:00,,1.1309000253677368,1.1309000253677368,,0.0,0.0,0.0,0.0,False,True,no_accumulation_state,completed
CABO,2026-04-30 16:45:00+00:00,,92.63999938964844,92.63999938964844,,0.0,0.0,0.0,0.0,False,True,no_accumulation_state,completed
AHMA,2026-04-30 16:45:00+00:00,,1.1309000253677368,1.1309000253677368,,0.0,0.0,0.0,0.0,False,True,no_accumulation_state,completed
BIYA,2026-04-30 16:45:00+00:00,,2.0,1.9800000190734863,2.0199999809265137,-0.019999980926513672,-0.9999990463256836,4.0,-100.0,True,True,hmm_distribution_state,completed
CLWT,2026-05-01 14:45:00+00:00,,1.2000000476837158,1.2000000476837158,,0.0,0.0,0.0,0.0,False,False,insufficient_history,completed
BESS,2026-04-30 19:45:00+00:00,,2.509999990463257,2.680000066757202,2.7100000381469727,0.1700000762939453,6.772911431866952,12.0,85.00001788138917,True,True,wyckoff_volume_climax,completed
AIRE,2026-04-30 19:45:00+00:00,,3.059999942779541,3.153321521622794,3.4800000190734863,0.09332157884325287,3.0497248558274324,29.0,22.219419497900265,True,True,emergency_trailing_atr,completed
BELFA,2026-04-30 19:45:00+00:00,,244.2899932861328,257.2449951171875,263.6600036621094,12.955001831054688,5.303124232305622,21.0,66.88174956850814,True,True,hmm_distribution_state,completed
CABO,2026-04-30 19:45:00+00:00,,91.62999725341797,81.47257014683315,95.00250244140625,-10.15742710658482,-11.085264008567815,1.0,-100.0,True,True,emergency_trailing_atr,completed
APWC,2026-04-30 19:45:00+00:00,,1.5299999713897705,1.5299999713897705,,0.0,0.0,0.0,0.0,False,False,insufficient_history,completed
BDSX,2026-04-30 19:45:00+00:00,,11.083000183105469,11.039999961853027,11.430000305175781,-0.043000221252441406,-0.38798358334406075,10.0,-12.39199023789631,True,True,hmm_distribution_state,completed
CHSN,2026-04-30 19:45:00+00:00,,2.8299999237060547,2.8299999237060547,,0.0,0.0,0.0,0.0,False,True,no_accumulation_state,completed
BNAI,2026-05-01 18:45:00+00:00,,27.899999618530273,26.89139243534633,28.0,-1.008607183183944,-3.6150795590479503,3.0,0.0,True,True,emergency_trailing_atr,completed
CABO,2026-05-04 14:30:00+00:00,,72.0,72.0,,0.0,0.0,0.0,0.0,False,True,no_accumulation_state,completed
ACXP,2026-05-01 19:45:00+00:00,,2.1449999809265137,2.115678446633475,2.2200000286102295,-0.02932153429303863,-1.3669713078679588,20.0,-39.09535420122804,True,True,emergency_trailing_atr,completed
CHSN,2026-05-01 19:45:00+00:00,,2.930000066757202,2.9600000381469727,3.0999999046325684,0.029999971389770508,1.0238897851962572,6.0,17.647058823529413,True,True,hmm_distribution_state,completed
BDSX,2026-05-04 16:30:00+00:00,,11.279999732971191,11.829999923706055,11.890000343322754,0.5500001907348633,4.87588833116037,4.0,90.16387547840009,True,True,wyckoff_volume_climax,completed
BARK,2026-05-04 16:45:00+00:00,,9.305000305175781,9.34000015258789,9.385000228881836,0.034999847412109375,0.37614020703084966,1.0,43.74985098824595,True,True,hmm_distribution_state,completed
BDSX,2026-05-05 14:30:00+00:00,,14.720000267028809,14.720000267028809,,0.0,0.0,0.0,0.0,False,False,hmm_fit_failed,completed
BODI,2026-05-04 19:45:00+00:00,,13.5,14.295714582715716,15.260000228881836,0.7957145827157159,5.894182094190489,31.0,45.21104995658152,True,True,emergency_trailing_atr,completed
CHSN,2026-05-04 19:45:00+00:00,,2.990000009536743,2.3971429211752753,3.0399999618530273,-0.5928570883614679,-19.827996203027517,1.0,-100.0,True,True,emergency_trailing_atr,completed
BIYA,2026-05-04 19:45:00+00:00,,1.149899959564209,1.6749999523162842,1.7999999523162842,0.5250999927520752,45.6648413963836,1.0,80.77218867964663,True,True,wyckoff_volume_climax,completed
CHSN,2026-05-04 19:45:00+00:00,,2.990000009536743,2.990000009536743,,0.0,0.0,0.0,0.0,False,True,no_accumulation_state,completed
ADV,2026-05-05 19:45:00+00:00,,38.04999923706055,38.04999923706055,,0.0,0.0,0.0,0.0,False,True,no_accumulation_state,completed
BNZI,2026-05-05 19:45:00+00:00,,5.644000053405762,4.399714265550886,5.809999465942383,-1.244285787854876,-22.04616895961998,1.0,-100.0,True,True,emergency_trailing_atr,completed
CHSN,2026-05-05 19:45:00+00:00,,2.180000066757202,2.180000066757202,,0.0,0.0,0.0,0.0,False,True,no_accumulation_state,completed
ADV,2026-05-06 17:15:00+00:00,,40.720001220703125,40.946429116385325,45.625,0.22642789568219968,0.5560606308800348,29.0,4.616268135231989,True,True,emergency_trailing_atr,completed
ASBP,2026-05-06 19:45:00+00:00,,0.19050000607967377,0.19050000607967377,,0.0,0.0,0.0,0.0,False,True,no_accumulation_state,completed
ASBP,2026-05-06 19:45:00+00:00,,0.19050000607967377,0.19050000607967377,,0.0,0.0,0.0,0.0,False,True,no_accumulation_state,completed
BJDX,2026-05-07 16:30:00+00:00,,1.7100000381469727,1.8308000564575195,1.8743000030517578,0.12080001831054688,7.064328398580084,16.0,73.52406823735642,True,True,wyckoff_volume_climax,completed
BBGI,2026-05-07 16:30:00+00:00,,16.774999618530273,17.905000686645508,18.239500045776367,1.1300010681152344,6.736221125555164,15.0,77.15949050558724,True,True,wyckoff_volume_climax,completed
AQMS,2026-05-07 16:45:00+00:00,,5.130000114440918,5.130000114440918,,0.0,0.0,0.0,0.0,False,True,no_accumulation_state,completed
CCHH,2026-05-07 18:00:00+00:00,,0.4699000120162964,0.4257571314062391,0.4699000120162964,-0.04414288061005728,-9.394100762126897,8.0,0.0,True,True,emergency_trailing_atr,completed
BH,2026-05-08 16:45:00+00:00,,301.7900085449219,301.7900085449219,,0.0,0.0,0.0,0.0,False,True,no_accumulation_state,completed
AIMD,2026-05-08 19:45:00+00:00,,1.7000000476837158,1.7000000476837158,,0.0,0.0,0.0,0.0,False,True,no_accumulation_state,completed
ADIL,2026-05-08 19:30:00+00:00,,1.440000057220459,1.3900426966803414,1.4848999977111816,-0.04995736054011757,-3.469261010763229,14.0,-100.0,True,True,emergency_trailing_atr,completed
AMBO,2026-05-11 17:15:00+00:00,,2.2300000190734863,2.109999895095825,2.305000066757202,-0.12000012397766113,-5.3811714327930105,4.0,-100.0,True,True,hmm_distribution_state,completed
AIFA,2026-05-27 14:30:00+00:00,,3.697199821472168,3.697199821472168,,0.0,0.0,0.0,0.0,False,False,insufficient_history,completed
ACXP,2026-05-11 19:45:00+00:00,,2.1600000858306885,2.1600000858306885,,0.0,0.0,0.0,0.0,False,True,no_accumulation_state,completed
ACXP,2026-05-11 19:45:00+00:00,,2.1600000858306885,2.1600000858306885,,0.0,0.0,0.0,0.0,False,True,no_accumulation_state,completed
BODI,2026-05-12 16:30:00+00:00,,12.279999732971191,12.509357384272985,13.920000076293945,0.2293576513017932,1.8677333574037405,25.0,13.9852197126434,True,True,emergency_trailing_atr,completed
BELFA,2026-05-12 17:30:00+00:00,,266.54998779296875,266.54998779296875,,0.0,0.0,0.0,0.0,False,True,no_accumulation_state,completed
BNZI,2026-05-12 18:30:00+00:00,,4.815000057220459,6.4899001121521,6.499899864196777,1.6749000549316406,34.78504745643774,42.0,99.4065076152734,True,True,wyckoff_volume_climax,completed
ALGS,2026-05-12 19:45:00+00:00,,6.53000020980835,6.53000020980835,,0.0,0.0,0.0,0.0,False,True,no_accumulation_state,completed
BBGI,2026-05-12 19:45:00+00:00,,16.18000030517578,16.582927703857422,17.3799991607666,0.4029273986816406,2.4902805382070925,17.0,33.577315245293214,True,True,emergency_trailing_atr,completed
ASTC,2026-05-12 19:45:00+00:00,,2.700000047683716,2.7298998832702637,2.799999952316284,0.02989983558654785,1.10740129846288,23.0,29.89986410128031,True,True,wyckoff_volume_climax,completed
BODI,2026-05-14 14:45:00+00:00,,12.920000076293945,13.079999923706055,13.510000228881836,0.15999984741210938,1.2383889045456165,3.0,27.118611191930945,True,True,wyckoff_volume_climax,completed
BELFA,2026-05-12 19:45:00+00:00,,268.7099914550781,268.7099914550781,,0.0,0.0,0.0,0.0,False,True,no_accumulation_state,completed
BODI,2026-05-13 19:45:00+00:00,,12.640000343322754,12.640000343322754,,0.0,0.0,0.0,0.0,False,True,no_accumulation_state,completed
ADTX,2026-05-13 19:45:00+00:00,,2.273400068283081,2.273400068283081,,0.0,0.0,0.0,0.0,False,True,no_accumulation_state,completed
AQMS,2026-05-13 19:45:00+00:00,,5.019999980926514,5.019999980926514,,0.0,0.0,0.0,0.0,False,True,no_accumulation_state,completed
CISS,2026-05-13 19:00:00+00:00,,3.2100000381469727,3.0848571913582936,3.2750000953674316,-0.12514284678867904,-3.898531006277492,19.0,-100.0,True,True,emergency_trailing_atr,completed
APWC,2026-05-11 19:15:00+00:00,,1.4500000476837158,1.5,1.5,0.04999995231628418,3.4482724601392922,20.0,100.0,True,True,hmm_distribution_state,completed
BARK,2026-05-14 16:30:00+00:00,,9.350000381469727,9.02618476322719,9.420000076293945,-0.323815618242536,-3.4632685030076487,17.0,-100.0,True,True,emergency_trailing_atr,completed
ARTL,2026-05-14 16:45:00+00:00,,2.319999933242798,2.2019139357975552,2.4226999282836914,-0.11808599744524262,-5.089913829445115,12.0,-100.0,True,True,emergency_trailing_atr,completed
BGMS,2026-05-14 16:45:00+00:00,,1.0199999809265137,1.0199999809265137,,0.0,0.0,0.0,0.0,False,True,no_accumulation_state,completed
ANNA,2026-05-14 16:45:00+00:00,,3.630000114440918,3.630000114440918,,0.0,0.0,0.0,0.0,False,True,no_accumulation_state,completed
BTBD,2026-05-14 16:45:00+00:00,,1.1100000143051147,1.1100000143051147,,0.0,0.0,0.0,0.0,False,True,no_accumulation_state,completed
AQMS,2026-05-14 19:45:00+00:00,,4.650000095367432,4.650000095367432,,0.0,0.0,0.0,0.0,False,True,no_accumulation_state,completed
BCG,2026-05-15 16:30:00+00:00,,1.899999976158142,1.899999976158142,,0.0,0.0,0.0,0.0,False,True,no_accumulation_state,completed
BNZI,2026-05-15 16:30:00+00:00,,5.910099983215332,7.789999961853027,8.175000190734863,1.8798999786376953,31.8082601644068,13.0,83.0014484698432,True,True,wyckoff_volume_climax,completed
CETX,2026-05-15 16:30:00+00:00,,7.9830002784729,7.9830002784729,,0.0,0.0,0.0,0.0,False,True,no_accumulation_state,completed
CDTG,2026-05-15 17:30:00+00:00,,8.304999351501465,7.4258933407919745,8.850000381469727,-0.8791060107094903,-10.585262845933352,7.0,-100.0,True,True,emergency_trailing_atr,completed
CHNR,2026-05-15 18:00:00+00:00,,4.0,4.0,,0.0,0.0,0.0,0.0,False,True,no_accumulation_state,completed
AIFA,2026-05-18 09:00:00,,,,,,,,,False,False,,no_previous_day
AKTX,2026-05-15 19:45:00+00:00,,3.490000009536743,3.490000009536743,,0.0,0.0,0.0,0.0,False,True,no_accumulation_state,completed
AMCI,2026-05-15 19:45:00+00:00,,5.0,5.0,,0.0,0.0,0.0,0.0,False,True,no_accumulation_state,completed
AMBO,2026-05-18 19:45:00+00:00,,2.4644999504089355,2.4644999504089355,,0.0,0.0,0.0,0.0,False,True,no_accumulation_state,completed
CDIO,2026-05-19 16:00:00+00:00,,1.340000033378601,1.4481428861618042,1.600000023841858,0.10814285278320312,8.07036194697233,40.0,41.593406442253645,True,True,emergency_trailing_atr,completed
BLRX,2026-05-19 19:45:00+00:00,,2.680000066757202,2.869999885559082,2.869999885559082,0.18999981880187988,7.089545301085738,5.0,100.0,True,True,hmm_distribution_state,completed
BNZI,2026-05-19 19:45:00+00:00,,3.8299999237060547,3.3672857454844882,3.8299999237060547,-0.46271417822156646,-12.08131037699412,23.0,0.0,True,True,emergency_trailing_atr,completed
BDSX,2026-05-20 19:45:00+00:00,,14.399999618530273,14.960000038146973,15.068599700927734,0.5600004196166992,3.8888919059141984,4.0,83.75715683561602,True,True,hmm_distribution_state,completed
AEMD,2026-05-20 19:45:00+00:00,,2.059999942779541,2.075000047683716,2.109999895095825,0.015000104904174805,0.7281604524675513,4.0,30.000238418806475,True,True,hmm_distribution_state,completed
AKTX,2026-05-20 19:45:00+00:00,,3.430000066757202,4.090000152587891,4.199900150299072,0.6600000858306885,19.241984635139296,3.0,85.72542073179228,True,True,wyckoff_volume_climax,completed
BESS,2026-05-20 19:45:00+00:00,,4.150000095367432,4.75,4.929999828338623,0.5999999046325684,14.457828695048397,1.0,76.92309103068999,True,True,wyckoff_volume_climax,completed
AIFA,2026-05-21 22:30:00,,,,,,,,,False,False,,no_previous_day
BQ,2026-05-21 19:45:00+00:00,,0.7200999855995178,0.7200999855995178,,0.0,0.0,0.0,0.0,False,True,no_accumulation_state,completed
BLRX,2026-05-21 17:15:00+00:00,,2.805000066757202,3.200000047683716,3.369999885559082,0.39499998092651367,14.08199541981346,27.0,69.91152346989026,True,True,hmm_distribution_state,completed
BIYA,2026-05-22 17:30:00+00:00,,1.2450000047683716,1.2450000047683716,,0.0,0.0,0.0,0.0,False,True,no_accumulation_state,completed
AIFA,2026-05-26 09:00:00,,,,,,,,,False,False,,no_previous_day
BLRX,2026-05-26 19:45:00+00:00,,3.1600000858306885,3.200000047683716,3.200000047683716,0.039999961853027344,1.265821543245696,2.0,100.0,True,True,hmm_distribution_state,completed
BIYA,2026-05-26 19:45:00+00:00,,1.659999966621399,1.2000999450683594,1.75,-0.45990002155303955,-27.704821132561523,11.0,-100.0,True,True,hmm_distribution_state,completed
ASTC,2026-05-26 19:45:00+00:00,,2.5,7.295899868011475,7.579899787902832,4.795899868011475,191.83599472045898,1.0,94.40934011006145,True,True,wyckoff_volume_climax,completed
ACON,2026-05-27 19:45:00+00:00,,3.130000114440918,3.3299999237060547,3.369999885559082,0.19999980926513672,6.3897700304353116,3.0,83.33333333333334,True,True,hmm_distribution_state,completed
ASBP,2026-05-27 19:45:00+00:00,,4.639999866485596,5.550000190734863,5.769999980926514,0.9100003242492676,19.612076517978767,24.0,80.5309939901645,True,True,wyckoff_volume_climax,completed
CDTG,2026-05-27 19:45:00+00:00,,9.0,8.105535847800118,9.7475004196167,-0.8944641521998822,-9.93849057999869,5.0,-100.0,True,True,emergency_trailing_atr,completed
ACON,2026-05-28 15:15:00+00:00,,3.319999933242798,3.319999933242798,,0.0,0.0,0.0,0.0,False,True,no_accumulation_state,completed
AKTX,2026-05-28 19:00:00+00:00,,23.610000610351562,17.175357001168386,25.644100189208984,-6.434643609183176,-27.25389005861344,14.0,-100.0,True,True,emergency_trailing_atr,completed
AZI,2026-05-28 19:45:00+00:00,,1.2100000381469727,1.2100000381469727,,0.0,0.0,0.0,0.0,False,True,no_accumulation_state,completed
ADTX,2026-05-29 19:45:00+00:00,,0.11389999836683273,0.11180000007152557,0.11710000038146973,-0.0020999982953071594,-1.8437210934312633,2.0,-65.62490541261057,True,True,hmm_distribution_state,completed
AIRE,2026-05-29 19:45:00+00:00,,2.505000114440918,2.505000114440918,,0.0,0.0,0.0,0.0,False,True,no_accumulation_state,completed
AEMD,2026-06-01 19:45:00+00:00,,2.4149999618530273,2.4149999618530273,,0.0,0.0,0.0,0.0,False,True,no_accumulation_state,completed
BJDX,2026-06-01 19:45:00+00:00,,2.119999885559082,5.809999942779541,6.099999904632568,3.690000057220459,174.0566158685117,1.0,92.71356883258164,True,True,wyckoff_volume_climax,completed
CABO,2026-06-05 19:45:00+00:00,,43.68000030517578,43.68000030517578,,0.0,0.0,0.0,0.0,False,True,no_accumulation_state,completed
BJDX,2026-06-08 14:30:00+00:00,,5.260000228881836,5.085000038146973,5.261300086975098,-0.17500019073486328,-3.3269996790867937,7.0,0.0,True,True,hmm_distribution_state,completed
AERT,2026-06-05 19:45:00+00:00,,6.379199981689453,6.379199981689453,,0.0,0.0,0.0,0.0,False,True,no_accumulation_state,completed
ACON,2026-06-05 19:45:00+00:00,,3.569999933242798,3.569999933242798,,0.0,0.0,0.0,0.0,False,True,no_accumulation_state,completed
AMBO,2026-06-05 19:30:00+00:00,,2.2899999618530273,2.615000009536743,2.700000047683716,0.3250000476837158,14.192142056663249,15.0,79.26828771882896,True,True,wyckoff_volume_climax,completed
AIMD,2026-06-05 19:45:00+00:00,,1.9299999475479126,2.067642859050206,2.359999895095825,0.13764291150229324,7.131757266479212,15.0,32.0099833237669,True,True,emergency_trailing_atr,completed
BARK,2026-06-05 19:45:00+00:00,,9.154999732971191,9.154999732971191,,0.0,0.0,0.0,0.0,False,True,no_accumulation_state,completed
AIFA,2026-06-05 19:45:00+00:00,,2.075399875640869,2.2693282706396922,2.5493998527526855,0.19392839499882308,9.344146025784035,1.0,40.913165477448,True,True,emergency_trailing_atr,completed
BARK,2026-06-09 16:30:00+00:00,,9.90999984741211,9.90999984741211,,0.0,0.0,0.0,0.0,False,True,no_accumulation_state,completed
BODI,2026-06-09 16:30:00+00:00,,10.0,10.0,,0.0,0.0,0.0,0.0,False,True,no_accumulation_state,completed
BARK,2026-06-10 14:30:00+00:00,,9.610099792480469,9.610099792480469,,0.0,0.0,0.0,0.0,False,True,no_accumulation_state,completed
ADTX,2026-06-09 19:45:00+00:00,,0.028200000524520874,0.020414287490504127,0.028999999165534973,-0.007785713034016747,-27.608910954617894,7.0,-100.0,True,True,emergency_trailing_atr,completed
ACON,2026-06-09 19:45:00+00:00,,3.2300000190734863,3.180000066757202,3.2799999713897705,-0.04999995231628418,-1.5479861306820204,17.0,-100.0,True,True,hmm_distribution_state,completed
AEMD,2026-06-10 16:30:00+00:00,,2.0450000762939453,2.0450000762939453,,0.0,0.0,0.0,0.0,False,True,no_accumulation_state,completed
AUUD,2026-06-10 19:45:00+00:00,,1.2999999523162842,1.399999976158142,1.4299999475479126,0.10000002384185791,7.692309808449005,8.0,76.92309808449005,True,True,wyckoff_volume_climax,completed
BYAH,2026-06-12 15:15:00+00:00,,2.360100030899048,1.8097000122070312,2.450000047683716,-0.5504000186920166,-23.321046205077558,8.0,-100.0,True,True,hmm_distribution_state,completed
BNAI,2026-06-12 19:45:00+00:00,,21.325000762939453,21.325000762939453,,0.0,0.0,0.0,0.0,False,True,no_accumulation_state,completed
CDIO,2026-06-12 19:45:00+00:00,,1.9738999605178833,2.0450000762939453,2.069999933242798,0.07110011577606201,3.6020121180512,4.0,73.98557331497435,True,True,hmm_distribution_state,completed
BYAH,2026-06-15 16:45:00+00:00,,1.510699987411499,1.510699987411499,,0.0,0.0,0.0,0.0,False,True,no_accumulation_state,completed
BARK,2026-06-15 19:45:00+00:00,,8.550000190734863,8.550000190734863,,0.0,0.0,0.0,0.0,False,True,no_accumulation_state,completed
CIIT,2026-06-15 19:45:00+00:00,,1.4700000286102295,1.4700000286102295,,0.0,0.0,0.0,0.0,False,True,no_accumulation_state,completed
ADV,2026-06-15 19:45:00+00:00,,38.790000915527344,38.79999923706055,39.20000076293945,0.009998321533203125,0.02577551249605893,1.0,2.438615915667247,True,True,wyckoff_volume_climax,completed
BNKK,2026-06-16 19:45:00+00:00,,1.340000033378601,1.340000033378601,,0.0,0.0,0.0,0.0,False,True,no_accumulation_state,completed
BIAF,2026-06-16 19:45:00+00:00,,0.949999988079071,0.949999988079071,,0.0,0.0,0.0,0.0,False,True,no_accumulation_state,completed
BIAF,2026-06-16 19:45:00+00:00,,0.949999988079071,0.8148570997374398,0.954800009727478,-0.13514288834163124,-14.225567372363265,1.0,-100.0,True,True,emergency_trailing_atr,completed
AIFA,2026-06-16 19:45:00+00:00,,2.200000047683716,2.200000047683716,,0.0,0.0,0.0,0.0,False,True,no_accumulation_state,completed
CDIO,2026-06-17 15:15:00+00:00,,2.0244998931884766,1.9600000381469727,2.0899999141693115,-0.0644998550415039,-3.18596485277755,34.0,-98.47302958937418,True,True,hmm_distribution_state,completed
CIIT,2026-06-17 17:15:00+00:00,,0.6438000202178955,0.6438000202178955,,0.0,0.0,0.0,0.0,False,True,no_accumulation_state,completed
BGMS,2026-06-17 19:45:00+00:00,,0.8148000240325928,0.8148000240325928,,0.0,0.0,0.0,0.0,False,True,no_accumulation_state,completed
BIAF,2026-06-17 19:45:00+00:00,,0.838699996471405,0.838699996471405,,0.0,0.0,0.0,0.0,False,True,no_accumulation_state,completed
CIIT,2026-06-22 17:15:00+00:00,,0.48559999465942383,0.48559999465942383,,0.0,0.0,0.0,0.0,False,True,no_accumulation_state,completed
CDIO,2026-06-23 15:10:00,,,,,,,,,False,False,,no_bars_after_news
