ticker,entry_time,exit_time,entry_price,exit_price,peak_price,pnl,pnl_pct,bars_to_exit,peak_capture,exit_reason,status
BAOS,2021-12-15 09:01:00,,,,,,,,,,no_previous_day
BAOS,2026-04-27 14:30:00+00:00,,2.6700000762939453,2.6700000762939453,,0.0,0.0,0.0,0.0,insufficient_history,completed
BAOS,2026-04-27 14:30:00+00:00,,2.6700000762939453,2.6700000762939453,,0.0,0.0,0.0,0.0,insufficient_history,completed
BAOS,2026-04-27 14:30:00+00:00,,2.6700000762939453,2.6700000762939453,,0.0,0.0,0.0,0.0,insufficient_history,completed
BAOS,2022-12-21 08:00:00,,,,,,,,,,no_previous_day
BAOS,2023-03-21 13:00:00,,,,,,,,,,no_previous_day
BAOS,2024-05-31 01:30:00,,,,,,,,,,no_previous_day
AIHS,2024-06-27 21:52:00,,,,,,,,,,no_previous_day
CHNR,2024-07-11 08:10:00,,,,,,,,,,no_previous_day
CCTG,2026-04-27 14:30:00+00:00,,0.6150000095367432,0.6150000095367432,,0.0,0.0,0.0,0.0,insufficient_history,completed
CHNR,2024-12-31 07:55:00,,,,,,,,,,no_previous_day
BGI,2026-04-27 15:15:00+00:00,,0.6899999976158142,0.6899999976158142,,0.0,0.0,0.0,0.0,insufficient_history,completed
ADVB,2025-03-06 09:02:00,,,,,,,,,,no_previous_day
ADVB,2025-03-07 12:29:00,,,,,,,,,,no_previous_day
AIOS,2026-04-27 15:15:00+00:00,,7.409999847412109,7.409999847412109,,0.0,0.0,0.0,0.0,insufficient_history,completed
AIOS,2025-04-29 22:10:00,,,,,,,,,,no_previous_day
CLWT,2026-04-27 19:00:00+00:00,,1.2649999856948853,1.2649999856948853,,0.0,0.0,0.0,0.0,insufficient_history,completed
CDTG,2025-05-15 07:15:00,,,,,,,,,,no_previous_day
ATXG,2025-05-15 09:20:00,,,,,,,,,,no_previous_day
CHNR,2026-04-27 16:45:00+00:00,,4.070000171661377,4.070000171661377,,0.0,0.0,0.0,0.0,insufficient_history,completed
BGI,2026-04-27 15:15:00+00:00,,0.6899999976158142,0.6899999976158142,,0.0,0.0,0.0,0.0,insufficient_history,completed
ATXG,2025-05-21 10:00:00,,,,,,,,,,no_previous_day
CHNR,2026-04-27 16:45:00+00:00,,4.070000171661377,4.070000171661377,,0.0,0.0,0.0,0.0,insufficient_history,completed
BGI,2025-06-09 07:30:00,,,,,,,,,,no_previous_day
CHNR,2026-04-27 16:45:00+00:00,,4.070000171661377,4.070000171661377,,0.0,0.0,0.0,0.0,insufficient_history,completed
BGI,2026-04-27 15:15:00+00:00,,0.6899999976158142,0.6899999976158142,,0.0,0.0,0.0,0.0,insufficient_history,completed
BGI,2025-07-09 07:47:00,,,,,,,,,,no_previous_day
BGMS,2025-07-16 09:00:00,,,,,,,,,,no_previous_day
CCTG,2026-04-27 14:30:00+00:00,,0.6150000095367432,0.6150000095367432,,0.0,0.0,0.0,0.0,insufficient_history,completed
BQ,2025-07-21 09:00:00,,,,,,,,,,no_previous_day
AIHS,2025-07-24 09:00:00,,,,,,,,,,no_previous_day
BGI,2026-04-27 15:15:00+00:00,,0.6899999976158142,0.6899999976158142,,0.0,0.0,0.0,0.0,insufficient_history,completed
BBGI,2025-08-13 03:10:00,,,,,,,,,,no_previous_day
BTOG,2025-08-13 10:30:00,,,,,,,,,,no_previous_day
BGMS,2026-04-27 14:30:00+00:00,,0.9950000047683716,0.9950000047683716,,0.0,0.0,0.0,0.0,insufficient_history,completed
BTOG,2026-04-27 14:30:00+00:00,,2.049999952316284,2.049999952316284,,0.0,0.0,0.0,0.0,insufficient_history,completed
APWC,2026-04-27 14:30:00+00:00,,1.382699966430664,1.382699966430664,,0.0,0.0,0.0,0.0,insufficient_history,completed
AIHS,2025-09-03 10:30:00,,,,,,,,,,no_previous_day
BGMS,2025-09-12 06:00:00,,,,,,,,,,no_previous_day
CCTG,2025-10-01 08:42:00,,,,,,,,,,no_previous_day
CCTG,2026-04-27 14:30:00+00:00,,0.6150000095367432,0.6150000095367432,,0.0,0.0,0.0,0.0,insufficient_history,completed
CIIT,2026-04-27 15:00:00+00:00,,1.440000057220459,1.440000057220459,,0.0,0.0,0.0,0.0,insufficient_history,completed
ABTS,2025-10-10 08:00:00,,,,,,,,,,no_previous_day
BTOG,2025-10-14 07:00:00,,,,,,,,,,no_previous_day
CLIK,2025-10-14 09:00:00,,,,,,,,,,no_previous_day
ACCL,2025-10-17 10:50:00,,,,,,,,,,no_previous_day
ACCL,2026-04-27 14:30:00+00:00,,1.4019999504089355,1.4019999504089355,,0.0,0.0,0.0,0.0,insufficient_history,completed
AHMA,2026-04-27 14:30:00+00:00,,1.0700000524520874,1.0700000524520874,,0.0,0.0,0.0,0.0,insufficient_history,completed
BYAH,2025-10-24 09:26:00,,,,,,,,,,no_previous_day
BQ,2025-11-03 12:36:00,,,,,,,,,,no_previous_day
BBGI,2026-04-27 14:30:00+00:00,,22.799999237060547,22.799999237060547,,0.0,0.0,0.0,0.0,insufficient_history,completed
BQ,2026-04-27 14:30:00+00:00,,0.7599999904632568,0.7599999904632568,,0.0,0.0,0.0,0.0,insufficient_history,completed
AHMA,2025-11-05 05:00:00,,,,,,,,,,no_previous_day
CHR,2025-11-05 12:42:00,,,,,,,,,,no_previous_day
BBGI,2025-11-10 07:00:00,,,,,,,,,,no_previous_day
ANNA,2025-11-12 07:00:00,,,,,,,,,,no_previous_day
BGMS,2026-04-27 14:30:00+00:00,,0.9950000047683716,0.9950000047683716,,0.0,0.0,0.0,0.0,insufficient_history,completed
BCG,2026-04-27 14:30:00+00:00,,1.9199999570846558,1.9199999570846558,,0.0,0.0,0.0,0.0,insufficient_history,completed
APWC,2025-11-14 08:00:00,,,,,,,,,,no_previous_day
AIHS,2025-11-14 09:15:00,,,,,,,,,,no_previous_day
CHR,2025-11-18 08:00:00,,,,,,,,,,no_previous_day
ACCL,2026-04-27 14:30:00+00:00,,1.4019999504089355,1.4019999504089355,,0.0,0.0,0.0,0.0,insufficient_history,completed
AIHS,2026-04-27 18:15:00+00:00,,1.2200000286102295,1.2200000286102295,,0.0,0.0,0.0,0.0,insufficient_history,completed
CHR,2026-04-27 14:30:00+00:00,,1.659999966621399,1.659999966621399,,0.0,0.0,0.0,0.0,insufficient_history,completed
ABTS,2025-11-24 08:00:00,,,,,,,,,,no_previous_day
BCG,2025-11-25 12:30:00,,,,,,,,,,no_previous_day
CDTG,2025-11-28 09:00:00,,,,,,,,,,no_previous_day
APWC,2026-04-27 14:30:00+00:00,,1.382699966430664,1.382699966430664,,0.0,0.0,0.0,0.0,insufficient_history,completed
CIIT,2026-04-27 15:00:00+00:00,,1.440000057220459,1.440000057220459,,0.0,0.0,0.0,0.0,insufficient_history,completed
APWC,2025-12-18 08:00:00,,,,,,,,,,no_previous_day
CHR,2025-12-19 07:00:00,,,,,,,,,,no_previous_day
CCTG,2026-04-27 14:30:00+00:00,,0.6150000095367432,0.6150000095367432,,0.0,0.0,0.0,0.0,insufficient_history,completed
CDTG,2025-12-23 09:03:00,,,,,,,,,,no_previous_day
CCTG,2026-04-27 14:30:00+00:00,,0.6150000095367432,0.6150000095367432,,0.0,0.0,0.0,0.0,insufficient_history,completed
CCHH,2025-12-31 01:24:00,,,,,,,,,,no_previous_day
CCHH,2025-12-31 01:27:00,,,,,,,,,,no_previous_day
CCHH,2025-12-31 01:31:00,,,,,,,,,,no_previous_day
CHNR,2025-12-31 08:00:00,,,,,,,,,,no_previous_day
ADVB,2025-12-31 10:25:00,,,,,,,,,,no_previous_day
BQ,2026-04-27 14:30:00+00:00,,0.7599999904632568,0.7599999904632568,,0.0,0.0,0.0,0.0,insufficient_history,completed
CDTG,2026-01-06 08:00:00,,,,,,,,,,no_previous_day
BTBD,2026-01-06 11:00:00,,,,,,,,,,no_previous_day
CDTG,2026-01-07 08:22:00,,,,,,,,,,no_previous_day
AMCI,2026-01-09 07:30:00,,,,,,,,,,no_previous_day
BTOG,2026-01-15 11:30:00,,,,,,,,,,no_previous_day
ANNA,2026-01-20 07:00:00,,,,,,,,,,no_previous_day
AGMH,2026-01-20 08:00:00,,,,,,,,,,no_previous_day
CCTG,2026-04-27 14:30:00+00:00,,0.6150000095367432,0.6150000095367432,,0.0,0.0,0.0,0.0,insufficient_history,completed
BENF,2026-01-21 07:00:00,,,,,,,,,,no_previous_day
AMCI,2026-01-21 10:00:00,,,,,,,,,,no_previous_day
BH,2026-01-23 05:46:00,,,,,,,,,,no_previous_day
AGMH,2026-04-27 14:30:00+00:00,,0.8615000247955322,0.8615000247955322,,0.0,0.0,0.0,0.0,insufficient_history,completed
BJDX,2026-01-27 08:00:00,,,,,,,,,,no_previous_day
APWC,2026-01-28 09:00:00,,,,,,,,,,no_previous_day
BYAH,2026-04-27 14:30:00+00:00,,1.1100000143051147,1.1100000143051147,,0.0,0.0,0.0,0.0,insufficient_history,completed
ATPC,2026-01-29 08:27:00,,,,,,,,,,no_previous_day
AIOS,2026-04-27 15:15:00+00:00,,7.409999847412109,7.409999847412109,,0.0,0.0,0.0,0.0,insufficient_history,completed
AHMA,2026-02-05 07:30:00,,,,,,,,,,no_previous_day
BNBX,2026-02-05 08:00:00,,,,,,,,,,no_previous_day
ATPC,2026-02-05 09:00:00,,,,,,,,,,no_previous_day
ATPC,2026-02-06 11:00:00,,,,,,,,,,no_previous_day
BGDE,2026-02-07 10:30:00,,,,,,,,,,no_previous_day
AIRE,2026-02-09 08:30:00,,,,,,,,,,no_previous_day
CCHH,2026-02-10 00:03:00,,,,,,,,,,no_previous_day
AIOS,2026-02-10 06:15:00,,,,,,,,,,no_previous_day
BNKK,2026-02-10 08:50:00,,,,,,,,,,no_previous_day
AXIL,2026-04-27 15:15:00+00:00,,6.769999980926514,6.769999980926514,,0.0,0.0,0.0,0.0,insufficient_history,completed
BTTC,2026-02-11 00:00:00,,,,,,,,,,no_previous_day
AXIL,2026-02-11 04:56:00,,,,,,,,,,no_previous_day
BENF,2026-04-27 14:30:00+00:00,,3.434799909591675,3.434799909591675,,0.0,0.0,0.0,0.0,insufficient_history,completed
AMBO,2026-04-27 14:30:00+00:00,,2.299999952316284,2.299999952316284,,0.0,0.0,0.0,0.0,insufficient_history,completed
CISS,2026-02-16 08:15:00,,,,,,,,,,no_previous_day
CETX,2026-04-27 14:30:00+00:00,,10.850000381469727,10.850000381469727,,0.0,0.0,0.0,0.0,insufficient_history,completed
BENF,2026-04-27 14:30:00+00:00,,3.434799909591675,3.434799909591675,,0.0,0.0,0.0,0.0,insufficient_history,completed
BENF,2026-02-18 00:02:00,,,,,,,,,,no_previous_day
ADVB,2026-02-18 07:00:00,,,,,,,,,,no_previous_day
CISS,2026-02-19 09:10:00,,,,,,,,,,no_previous_day
BJDX,2026-02-20 06:30:00,,,,,,,,,,no_previous_day
CISS,2026-02-20 08:30:00,,,,,,,,,,no_previous_day
AEMD,2026-02-23 08:01:00,,,,,,,,,,no_previous_day
BGLC,2026-02-23 08:30:00,,,,,,,,,,no_previous_day
ABTS,2026-02-23 09:00:00,,,,,,,,,,no_previous_day
ABTS,2026-02-24 09:11:00,,,,,,,,,,no_previous_day
ALGS,2026-02-26 08:00:00,,,,,,,,,,no_previous_day
APWC,2026-02-26 09:15:00,,,,,,,,,,no_previous_day
AIRE,2026-02-27 08:30:00,,,,,,,,,,no_previous_day
BH,2026-02-28 09:44:00,,,,,,,,,,no_previous_day
AERT,2026-03-02 08:00:00,,,,,,,,,,no_previous_day
BH,2026-03-03 00:58:00,,,,,,,,,,no_previous_day
ADV,2026-03-03 07:00:00,,,,,,,,,,no_previous_day
CLWT,2026-03-03 07:00:00,,,,,,,,,,no_previous_day
AEHL,2026-03-03 10:19:00,,,,,,,,,,no_previous_day
ADV,2026-03-03 11:18:00,,,,,,,,,,no_previous_day
ADV,2026-03-03 12:31:00,,,,,,,,,,no_previous_day
AERT,2026-03-04 08:00:00,,,,,,,,,,no_previous_day
AXIL,2026-03-04 08:00:00,,,,,,,,,,no_previous_day
BH,2026-03-04 11:01:00,,,,,,,,,,no_previous_day
BELFA,2026-04-27 14:45:00+00:00,,237.4949951171875,237.4949951171875,,0.0,0.0,0.0,0.0,insufficient_history,completed
BJDX,2026-03-06 06:30:00,,,,,,,,,,no_previous_day
ADIL,2026-03-06 08:00:00,,,,,,,,,,no_previous_day
AMCI,2026-03-06 08:30:00,,,,,,,,,,no_previous_day
ADV,2026-03-09 10:51:00,,,,,,,,,,no_previous_day
BNAI,2026-03-09 13:28:00,,,,,,,,,,no_previous_day
AZI,2026-04-27 14:30:00+00:00,,1.3600000143051147,1.3600000143051147,,0.0,0.0,0.0,0.0,insufficient_history,completed
AZI,2026-03-09 21:19:00,,,,,,,,,,no_previous_day
BGLC,2026-03-11 08:45:00,,,,,,,,,,no_previous_day
BJDX,2026-03-12 06:30:00,,,,,,,,,,no_previous_day
BKTI,2026-03-12 07:05:00,,,,,,,,,,no_previous_day
BENF,2026-03-12 07:30:00,,,,,,,,,,no_previous_day
AXIL,2026-03-12 08:00:00,,,,,,,,,,no_previous_day
CETX,2026-03-12 08:00:00,,,,,,,,,,no_previous_day
BNRG,2026-03-12 08:07:00,,,,,,,,,,no_previous_day
BKTI,2026-03-12 12:49:00,,,,,,,,,,no_previous_day
BTTC,2026-03-13 10:00:00,,,,,,,,,,no_previous_day
AEMD,2026-03-13 12:02:00,,,,,,,,,,no_previous_day
CIIT,2026-04-27 15:00:00+00:00,,1.440000057220459,1.440000057220459,,0.0,0.0,0.0,0.0,insufficient_history,completed
CHR,2026-04-27 14:30:00+00:00,,1.659999966621399,1.659999966621399,,0.0,0.0,0.0,0.0,insufficient_history,completed
BKTI,2026-04-27 14:30:00+00:00,,94.52999877929688,94.52999877929688,,0.0,0.0,0.0,0.0,insufficient_history,completed
AHMA,2026-03-18 06:00:00,,,,,,,,,,no_previous_day
BNZI,2026-03-18 08:31:00,,,,,,,,,,no_previous_day
AZI,2026-04-27 14:30:00+00:00,,1.3600000143051147,1.3600000143051147,,0.0,0.0,0.0,0.0,insufficient_history,completed
BARK,2026-03-20 08:55:00,,,,,,,,,,no_previous_day
CHR,2026-03-23 08:00:00,,,,,,,,,,no_previous_day
BTBD,2026-03-24 07:00:00,,,,,,,,,,no_previous_day
BTBD,2026-04-27 14:30:00+00:00,,1.809999942779541,1.809999942779541,,0.0,0.0,0.0,0.0,insufficient_history,completed
BNRG,2026-04-27 14:45:00+00:00,,3.0450000762939453,3.0450000762939453,,0.0,0.0,0.0,0.0,insufficient_history,completed
BLRX,2026-03-25 21:01:00,,,,,,,,,,no_previous_day
ARTL,2026-03-27 10:30:00,,,,,,,,,,no_previous_day
ARTL,2026-03-27 10:40:00,,,,,,,,,,no_previous_day
AZI,2026-03-29 10:00:00,,,,,,,,,,no_previous_day
AMBO,2026-03-30 08:30:00,,,,,,,,,,no_previous_day
BGMS,2026-04-27 14:30:00+00:00,,0.9950000047683716,0.9950000047683716,,0.0,0.0,0.0,0.0,insufficient_history,completed
ARTL,2026-04-27 14:30:00+00:00,,4.010000228881836,4.010000228881836,,0.0,0.0,0.0,0.0,insufficient_history,completed
ANNA,2026-04-27 14:30:00+00:00,,3.809999942779541,3.809999942779541,,0.0,0.0,0.0,0.0,insufficient_history,completed
BNZI,2026-04-27 14:30:00+00:00,,9.055999755859375,9.055999755859375,,0.0,0.0,0.0,0.0,insufficient_history,completed
BKTI,2026-04-27 14:30:00+00:00,,94.52999877929688,94.52999877929688,,0.0,0.0,0.0,0.0,insufficient_history,completed
BCG,2026-04-27 14:30:00+00:00,,1.9199999570846558,1.9199999570846558,,0.0,0.0,0.0,0.0,insufficient_history,completed
AXIL,2026-04-01 08:00:00,,,,,,,,,,no_previous_day
AQMS,2026-04-01 08:30:00,,,,,,,,,,no_previous_day
BCG,2026-04-01 10:30:00,,,,,,,,,,no_previous_day
CHR,2026-04-02 08:00:00,,,,,,,,,,no_previous_day
AIOS,2026-04-27 15:15:00+00:00,,7.409999847412109,7.409999847412109,,0.0,0.0,0.0,0.0,insufficient_history,completed
BBGI,2026-04-27 14:30:00+00:00,,22.799999237060547,22.799999237060547,,0.0,0.0,0.0,0.0,insufficient_history,completed
CHR,2026-04-06 08:00:00,,,,,,,,,,no_previous_day
AQMS,2026-04-06 11:00:00,,,,,,,,,,no_previous_day
CETX,2026-04-07 10:30:00,,,,,,,,,,no_previous_day
BLRX,2026-04-08 02:30:00,,,,,,,,,,no_previous_day
BBGI,2026-04-08 07:00:00,,,,,,,,,,no_previous_day
AXIL,2026-04-08 08:10:00,,,,,,,,,,no_previous_day
BBGI,2026-04-27 14:30:00+00:00,,22.799999237060547,22.799999237060547,,0.0,0.0,0.0,0.0,insufficient_history,completed
BCG,2026-04-27 14:30:00+00:00,,1.9199999570846558,1.9199999570846558,,0.0,0.0,0.0,0.0,insufficient_history,completed
BENF,2026-04-10 07:30:00,,,,,,,,,,no_previous_day
BQ,2026-04-27 14:30:00+00:00,,0.7599999904632568,0.7599999904632568,,0.0,0.0,0.0,0.0,insufficient_history,completed
CHR,2026-04-14 08:00:00,,,,,,,,,,no_previous_day
BTBD,2026-04-14 10:30:00,,,,,,,,,,no_previous_day
BTTC,2026-04-15 10:00:00,,,,,,,,,,no_previous_day
BELFA,2026-04-27 14:45:00+00:00,,237.4949951171875,237.4949951171875,,0.0,0.0,0.0,0.0,insufficient_history,completed
BTOG,2026-04-16 10:30:00,,,,,,,,,,no_previous_day
ACXP,2026-04-27 14:30:00+00:00,,2.0,2.0,,0.0,0.0,0.0,0.0,insufficient_history,completed
CABO,2026-04-27 14:30:00+00:00,,100.99500274658203,100.99500274658203,,0.0,0.0,0.0,0.0,insufficient_history,completed
ASBP,2026-04-17 08:00:00,,,,,,,,,,no_previous_day
BDSX,2026-04-20 06:00:00,,,,,,,,,,no_previous_day
ACXP,2026-04-20 08:00:00,,,,,,,,,,no_previous_day
BKTI,2026-04-20 08:10:00,,,,,,,,,,no_previous_day
BKTI,2026-04-20 10:10:00,,,,,,,,,,no_previous_day
ARTL,2026-04-20 10:30:00,,,,,,,,,,no_previous_day
BNBX,2026-04-20 10:30:00,,,,,,,,,,no_previous_day
AMCI,2026-04-27 14:30:00+00:00,,6.920000076293945,6.920000076293945,,0.0,0.0,0.0,0.0,insufficient_history,completed
BIYA,2026-04-21 10:30:00,,,,,,,,,,no_previous_day
ADV,2026-04-22 07:00:00,,,,,,,,,,no_previous_day
BTTC,2026-04-23 00:00:00,,,,,,,,,,no_previous_day
AIHS,2026-04-23 08:00:00,,,,,,,,,,no_previous_day
BDSX,2026-04-23 12:33:00,,,,,,,,,,no_previous_day
ALGS,2026-04-24 08:00:00,,,,,,,,,,no_previous_day
ACXP,2026-04-27 08:00:00,,,,,,,,,,no_previous_day
ASBP,2026-04-27 08:30:00,,,,,,,,,,no_previous_day
ADTX,2026-04-27 10:30:00,,,,,,,,,,no_previous_day
CHSN,2026-04-27 10:30:00,,,,,,,,,,no_previous_day
AIRE,2026-04-27 19:45:00+00:00,,6.660000324249268,5.916248968669346,6.742499828338623,-0.7437513555799216,-11.167437227771595,1.0,-100.0,trailing_stop_atr,completed
AIRE,2026-04-27 19:45:00+00:00,,6.660000324249268,5.916248968669346,6.742499828338623,-0.7437513555799216,-11.167437227771595,1.0,-100.0,trailing_stop_atr,completed
BIYA,2026-04-27 19:45:00+00:00,,0.7570000290870667,1.7799999713897705,1.9299999475479126,1.0229999423027039,135.13869260169383,1.0,87.21227735847033,hit_sqrt_t_target,completed
CHSN,2026-04-27 19:45:00+00:00,,5.299999713897705,3.8071424620492116,5.600000381469727,-1.4928572518484935,-28.16711947991073,11.0,-100.0,trailing_stop_atr,completed
BBGI,2026-04-28 19:45:00+00:00,,22.540000915527344,20.83075087411063,23.0,-1.7092500414167127,-7.583185323826874,12.0,-100.0,trailing_stop_atr,completed
ACXP,2026-04-28 19:45:00+00:00,,2.049999952316284,2.1449999809265137,2.1600000858306885,0.09500002861022949,4.634147844876262,19.0,86.36355754767283,hit_sqrt_t_target,completed
APWC,2026-04-28 19:45:00+00:00,,1.5800000429153442,1.5800000429153442,,0.0,0.0,0.0,0.0,insufficient_history,completed
CHSN,2026-04-28 19:45:00+00:00,,3.819999933242798,3.3307137489318848,4.0,-0.4892861843109131,-12.808539080144907,15.0,-100.0,trailing_stop_atr,completed
BELFA,2026-04-29 18:00:00+00:00,,227.5,229.22000122070312,229.22000122070312,1.720001220703125,0.7560444926167582,2.0,100.0,hit_sqrt_t_target,completed
BKTI,2026-04-29 19:45:00+00:00,,91.22000122070312,92.55000305175781,92.55000305175781,1.3300018310546875,1.4580155812942839,1.0,100.0,hit_sqrt_t_target,completed
CHSN,2026-04-29 19:45:00+00:00,,3.2900002002716064,2.600714462144034,3.3500001430511475,-0.6892857381275723,-20.95093301424931,5.0,-100.0,trailing_stop_atr,completed
BIYA,2026-04-29 19:45:00+00:00,,1.8849999904632568,2.199899911880493,2.380000114440918,0.31489992141723633,16.70556620744845,1.0,63.616129807564946,hit_sqrt_t_target,completed
CABO,2026-04-29 19:45:00+00:00,,90.06999969482422,94.15989685058594,94.40499877929688,4.089897155761719,4.540798456333003,1.0,94.34597507554598,hit_sqrt_t_target,completed
ALGS,2026-04-30 16:30:00+00:00,,6.050000190734863,6.059999942779541,6.090000152587891,0.009999752044677734,0.1652851525524186,1.0,24.999403952983812,hit_sqrt_t_target,completed
AHMA,2026-04-30 16:45:00+00:00,,1.1309000253677368,1.1485999822616577,1.1485999822616577,0.0176999568939209,1.5651212748151961,1.0,100.0,hit_sqrt_t_target,completed
CABO,2026-04-30 16:45:00+00:00,,92.63999938964844,93.68000030517578,93.68000030517578,1.0400009155273438,1.122626211549342,2.0,100.0,hit_sqrt_t_target,completed
AHMA,2026-04-30 16:45:00+00:00,,1.1309000253677368,1.1485999822616577,1.1485999822616577,0.0176999568939209,1.5651212748151961,1.0,100.0,hit_sqrt_t_target,completed
BIYA,2026-04-30 16:45:00+00:00,,2.0,2.050100088119507,2.0999999046325684,0.050100088119506836,2.505004405975342,7.0,50.100135898719685,hit_sqrt_t_target,completed
CLWT,2026-05-01 14:45:00+00:00,,1.2000000476837158,1.2000000476837158,,0.0,0.0,0.0,0.0,insufficient_history,completed
BESS,2026-04-30 19:45:00+00:00,,2.509999990463257,2.5999999046325684,2.634999990463257,0.08999991416931152,3.585653964592276,1.0,71.99993133544922,hit_sqrt_t_target,completed
AIRE,2026-04-30 19:45:00+00:00,,3.059999942779541,3.200000047683716,3.200000047683716,0.1400001049041748,4.575166912487134,1.0,100.0,hit_sqrt_t_target,completed
BELFA,2026-04-30 19:45:00+00:00,,244.2899932861328,252.8300018310547,253.02000427246094,8.540008544921875,3.4958486960696358,1.0,97.82357156590285,hit_sqrt_t_target,completed
CABO,2026-04-30 19:45:00+00:00,,91.62999725341797,81.47257014683315,95.00250244140625,-10.15742710658482,-11.085264008567815,1.0,-100.0,trailing_stop_atr,completed
APWC,2026-04-30 19:45:00+00:00,,1.5299999713897705,1.5700000524520874,1.5700000524520874,0.040000081062316895,2.6143844320456395,1.0,100.0,hit_sqrt_t_target,completed
BDSX,2026-04-30 19:45:00+00:00,,11.083000183105469,11.34000015258789,11.34000015258789,0.2569999694824219,2.318866419168552,1.0,100.0,hit_sqrt_t_target,completed
CHSN,2026-04-30 19:45:00+00:00,,2.8299999237060547,3.1599998474121094,3.200000047683716,0.3299999237060547,11.660775003622614,1.0,89.18913868417475,hit_sqrt_t_target,completed
BNAI,2026-05-01 18:45:00+00:00,,27.899999618530273,27.975000381469727,28.0,0.07500076293945312,0.26881994252659436,1.0,0.0,hit_sqrt_t_target,completed
CABO,2026-05-04 14:30:00+00:00,,72.0,72.625,72.90799713134766,0.625,0.8680555555555556,1.0,68.83281658306235,hit_sqrt_t_target,completed
ACXP,2026-05-01 19:45:00+00:00,,2.1449999809265137,2.210099935531616,2.2200000286102295,0.06509995460510254,3.0349629456398968,1.0,86.79988428758985,hit_sqrt_t_target,completed
CHSN,2026-05-01 19:45:00+00:00,,2.930000066757202,3.0,3.0999999046325684,0.06999993324279785,2.3890761654579333,1.0,41.17647058823529,hit_sqrt_t_target,completed
BDSX,2026-05-04 16:30:00+00:00,,11.279999732971191,11.630000114440918,11.630000114440918,0.35000038146972656,3.102840334709257,1.0,100.0,hit_sqrt_t_target,completed
BARK,2026-05-04 16:45:00+00:00,,9.305000305175781,9.34000015258789,9.385000228881836,0.034999847412109375,0.37614020703084966,1.0,43.74985098824595,hit_sqrt_t_target,completed
BDSX,2026-05-05 14:30:00+00:00,,14.720000267028809,15.010000228881836,15.274999618530273,0.28999996185302734,1.9701084007627063,15.0,52.25230643395841,hit_sqrt_t_target,completed
BODI,2026-05-04 19:45:00+00:00,,13.5,14.229900360107422,14.229900360107422,0.7299003601074219,5.406669334129051,1.0,100.0,hit_sqrt_t_target,completed
CHSN,2026-05-04 19:45:00+00:00,,2.990000009536743,2.3971429211752753,3.0399999618530273,-0.5928570883614679,-19.827996203027517,1.0,-100.0,trailing_stop_atr,completed
BIYA,2026-05-04 19:45:00+00:00,,1.149899959564209,1.6749999523162842,1.7999999523162842,0.5250999927520752,45.6648413963836,1.0,80.77218867964663,hit_sqrt_t_target,completed
CHSN,2026-05-04 19:45:00+00:00,,2.990000009536743,2.3971429211752753,3.0399999618530273,-0.5928570883614679,-19.827996203027517,1.0,-100.0,trailing_stop_atr,completed
ADV,2026-05-05 19:45:00+00:00,,38.04999923706055,39.380001068115234,39.380001068115234,1.3300018310546875,3.4954056707556282,1.0,100.0,hit_sqrt_t_target,completed
BNZI,2026-05-05 19:45:00+00:00,,5.644000053405762,4.399714265550886,5.809999465942383,-1.244285787854876,-22.04616895961998,1.0,-100.0,trailing_stop_atr,completed
CHSN,2026-05-05 19:45:00+00:00,,2.180000066757202,1.8407142077173506,2.200000047683716,-0.33928585903985153,-15.56357103899298,1.0,-100.0,trailing_stop_atr,completed
ADV,2026-05-06 17:15:00+00:00,,40.720001220703125,41.470001220703125,41.470001220703125,0.75,1.8418467031348715,1.0,100.0,hit_sqrt_t_target,completed
ASBP,2026-05-06 19:45:00+00:00,,0.19050000607967377,0.21879999339580536,0.23000000417232513,0.028299987316131592,14.855635912313591,1.0,71.64554096876414,hit_sqrt_t_target,completed
ASBP,2026-05-06 19:45:00+00:00,,0.19050000607967377,0.21879999339580536,0.23000000417232513,0.028299987316131592,14.855635912313591,1.0,71.64554096876414,hit_sqrt_t_target,completed
BJDX,2026-05-07 16:30:00+00:00,,1.7100000381469727,1.7899999618530273,1.8700000047683716,0.07999992370605469,4.678358007099575,1.0,49.99996274708924,hit_sqrt_t_target,completed
BBGI,2026-05-07 16:30:00+00:00,,16.774999618530273,17.270000457763672,17.505300521850586,0.49500083923339844,2.9508247421156573,1.0,67.78039531142267,hit_sqrt_t_target,completed
AQMS,2026-05-07 16:45:00+00:00,,5.130000114440918,5.110000133514404,5.289999961853027,-0.019999980926513672,-0.38986316725829795,1.0,-12.5,hit_sqrt_t_target,completed
CCHH,2026-05-07 18:00:00+00:00,,0.4699000120162964,0.4257571314062391,0.4699000120162964,-0.04414288061005728,-9.394100762126897,8.0,0.0,trailing_stop_atr,completed
BH,2026-05-08 16:45:00+00:00,,301.7900085449219,303.0,303.2799987792969,1.209991455078125,0.400938208959299,3.0,0.0,hit_sqrt_t_target,completed
AIMD,2026-05-08 19:45:00+00:00,,1.7000000476837158,1.75,1.75,0.04999995231628418,2.941173583166078,1.0,100.0,hit_sqrt_t_target,completed
ADIL,2026-05-08 19:30:00+00:00,,1.440000057220459,1.4607000350952148,1.4700000286102295,0.02069997787475586,1.4374984064036578,1.0,68.99999205270645,hit_sqrt_t_target,completed
AMBO,2026-05-11 17:15:00+00:00,,2.2300000190734863,2.109999895095825,2.305000066757202,-0.12000012397766113,-5.3811714327930105,4.0,-100.0,hit_sqrt_t_target,completed
AIFA,2026-05-27 14:30:00+00:00,,3.697199821472168,3.697199821472168,,0.0,0.0,0.0,0.0,insufficient_history,completed
ACXP,2026-05-11 19:45:00+00:00,,2.1600000858306885,1.9957500355584281,2.190000057220459,-0.16425005027226036,-7.604168691923611,1.0,-100.0,trailing_stop_atr,completed
ACXP,2026-05-11 19:45:00+00:00,,2.1600000858306885,1.9957500355584281,2.190000057220459,-0.16425005027226036,-7.604168691923611,1.0,-100.0,trailing_stop_atr,completed
BODI,2026-05-12 16:30:00+00:00,,12.279999732971191,12.324999809265137,12.515000343322754,0.04500007629394531,0.3664501406553156,1.0,19.148918901370042,hit_sqrt_t_target,completed
BELFA,2026-05-12 17:30:00+00:00,,266.54998779296875,267.9700012207031,267.9700012207031,1.420013427734375,0.5327381327202722,2.0,100.0,hit_sqrt_t_target,completed
BNZI,2026-05-12 18:30:00+00:00,,4.815000057220459,4.840000152587891,4.900000095367432,0.02500009536743164,0.5192127740464322,2.0,29.411863703171807,hit_sqrt_t_target,completed
ALGS,2026-05-12 19:45:00+00:00,,6.53000020980835,6.559999942779541,6.559999942779541,0.029999732971191406,0.45941396642117216,1.0,0.0,hit_sqrt_t_target,completed
BBGI,2026-05-12 19:45:00+00:00,,16.18000030517578,16.530000686645508,16.530000686645508,0.35000038146972656,2.163166717356401,1.0,100.0,hit_sqrt_t_target,completed
ASTC,2026-05-12 19:45:00+00:00,,2.700000047683716,2.759999990463257,2.759999990463257,0.059999942779541016,2.222220063700145,21.0,100.0,hit_sqrt_t_target,completed
BODI,2026-05-14 14:45:00+00:00,,12.920000076293945,13.149999618530273,13.149999618530273,0.22999954223632812,1.7801822049392946,1.0,100.0,hit_sqrt_t_target,completed
BELFA,2026-05-12 19:45:00+00:00,,268.7099914550781,249.27609252929688,269.2550048828125,-19.43389892578125,-7.232294869478322,1.0,0.0,trailing_stop_atr,completed
BODI,2026-05-13 19:45:00+00:00,,12.640000343322754,12.920000076293945,12.930000305175781,0.2799997329711914,2.215187700679968,1.0,96.55164475955894,hit_sqrt_t_target,completed
ADTX,2026-05-13 19:45:00+00:00,,2.273400068283081,1.8471862418310983,2.2950000762939453,-0.4262138264519828,-18.74785843451955,1.0,-100.0,trailing_stop_atr,completed
AQMS,2026-05-13 19:45:00+00:00,,5.019999980926514,4.69935713495527,5.130000114440918,-0.3206428459712436,-6.387307712938763,11.0,-100.0,trailing_stop_atr,completed
CISS,2026-05-13 19:00:00+00:00,,3.2100000381469727,3.2291998863220215,3.255000114440918,0.019199848175048828,0.5981261042642314,3.0,42.66625694061798,hit_sqrt_t_target,completed
APWC,2026-05-11 19:15:00+00:00,,1.4500000476837158,1.4200999736785889,1.465000033378601,-0.029900074005126953,-2.0620740015071344,1.0,-100.0,hit_sqrt_t_target,completed
BARK,2026-05-14 16:30:00+00:00,,9.350000381469727,9.02618476322719,9.420000076293945,-0.323815618242536,-3.4632685030076487,17.0,-100.0,trailing_stop_atr,completed
ARTL,2026-05-14 16:45:00+00:00,,2.319999933242798,2.3399999141693115,2.3399999141693115,0.019999980926513672,0.862068168189925,3.0,100.0,hit_sqrt_t_target,completed
BGMS,2026-05-14 16:45:00+00:00,,1.0199999809265137,1.034999966621399,1.034999966621399,0.014999985694885254,1.4705868603311214,1.0,100.0,hit_sqrt_t_target,completed
ANNA,2026-05-14 16:45:00+00:00,,3.630000114440918,3.6500000953674316,3.724299907684326,0.019999980926513672,0.5509636445175157,1.0,21.208934016312618,hit_sqrt_t_target,completed
BTBD,2026-05-14 16:45:00+00:00,,1.1100000143051147,1.1299999952316284,1.1299999952316284,0.019999980926513672,1.8018000602490185,1.0,100.0,hit_sqrt_t_target,completed
AQMS,2026-05-14 19:45:00+00:00,,4.650000095367432,4.267464297158377,4.6585001945495605,-0.38253579820905426,-8.226576136851179,1.0,0.0,trailing_stop_atr,completed
BCG,2026-05-15 16:30:00+00:00,,1.899999976158142,1.7211428710392542,1.899999976158142,-0.17885710511888786,-9.413531966486778,9.0,0.0,trailing_stop_atr,completed
BNZI,2026-05-15 16:30:00+00:00,,5.910099983215332,5.989999771118164,5.989999771118164,0.07989978790283203,1.351919394422213,1.0,100.0,hit_sqrt_t_target,completed
CETX,2026-05-15 16:30:00+00:00,,7.9830002784729,7.662285906927926,7.9830002784729,-0.32071437154497406,-4.017466621037433,14.0,0.0,trailing_stop_atr,completed
CDTG,2026-05-15 17:30:00+00:00,,8.304999351501465,8.850000381469727,8.850000381469727,0.5450010299682617,6.5623247745315085,1.0,100.0,hit_sqrt_t_target,completed
CHNR,2026-05-15 18:00:00+00:00,,4.0,4.15500020980835,4.15500020980835,0.1550002098083496,3.8750052452087402,1.0,100.0,hit_sqrt_t_target,completed
AIFA,2026-05-18 09:00:00,,,,,,,,,,no_previous_day
AKTX,2026-05-15 19:45:00+00:00,,3.490000009536743,3.6666998863220215,3.6666998863220215,0.17669987678527832,5.063033704940682,2.0,100.0,hit_sqrt_t_target,completed
AMCI,2026-05-15 19:45:00+00:00,,5.0,4.543464694704328,5.085000038146973,-0.456535305295672,-9.13070610591344,2.0,-100.0,trailing_stop_atr,completed
AMBO,2026-05-18 19:45:00+00:00,,2.4644999504089355,2.819999933242798,2.8399999141693115,0.3554999828338623,14.424832216972616,1.0,94.67377287437594,hit_sqrt_t_target,completed
CDIO,2026-05-19 16:00:00+00:00,,1.340000033378601,1.350000023841858,1.375,0.009999990463256836,0.7462679264300778,1.0,28.57142857142857,hit_sqrt_t_target,completed
BLRX,2026-05-19 19:45:00+00:00,,2.680000066757202,2.869999885559082,2.869999885559082,0.18999981880187988,7.089545301085738,1.0,100.0,hit_sqrt_t_target,completed
BNZI,2026-05-19 19:45:00+00:00,,3.8299999237060547,3.3672857454844882,3.8299999237060547,-0.46271417822156646,-12.08131037699412,23.0,0.0,trailing_stop_atr,completed
BDSX,2026-05-20 19:45:00+00:00,,14.399999618530273,14.833200454711914,14.833200454711914,0.4332008361816406,3.0083392198440557,1.0,100.0,hit_sqrt_t_target,completed
AEMD,2026-05-20 19:45:00+00:00,,2.059999942779541,2.0799999237060547,2.109999895095825,0.019999980926513672,0.9708728874782327,1.0,40.0,hit_sqrt_t_target,completed
AKTX,2026-05-20 19:45:00+00:00,,3.430000066757202,3.509999990463257,3.6050000190734863,0.07999992370605469,2.3323592463276066,1.0,45.71425457389139,hit_sqrt_t_target,completed
BESS,2026-05-20 19:45:00+00:00,,4.150000095367432,4.75,4.929999828338623,0.5999999046325684,14.457828695048397,1.0,76.92309103068999,hit_sqrt_t_target,completed
AIFA,2026-05-21 22:30:00,,,,,,,,,,no_previous_day
BQ,2026-05-21 19:45:00+00:00,,0.7200999855995178,0.7315000295639038,0.7315000295639038,0.011400043964385986,1.5831195934401947,1.0,100.0,hit_sqrt_t_target,completed
BLRX,2026-05-21 17:15:00+00:00,,2.805000066757202,2.990000009536743,2.9902000427246094,0.18499994277954102,6.595363221984352,1.0,99.89199070527881,hit_sqrt_t_target,completed
BIYA,2026-05-22 17:30:00+00:00,,1.2450000047683716,1.2549999952316284,1.3200000524520874,0.009999990463256836,0.8032120823258392,2.0,13.33331214058422,hit_sqrt_t_target,completed
AIFA,2026-05-26 09:00:00,,,,,,,,,,no_previous_day
BLRX,2026-05-26 19:45:00+00:00,,3.1600000858306885,3.1826000213623047,3.1826000213623047,0.02259993553161621,0.7151878138533413,1.0,100.0,hit_sqrt_t_target,completed
BIYA,2026-05-26 19:45:00+00:00,,1.659999966621399,1.2147499067442757,1.75,-0.4452500598771232,-26.822293303013822,12.0,-100.0,trailing_stop_atr,completed
ASTC,2026-05-26 19:45:00+00:00,,2.5,7.295899868011475,7.579899787902832,4.795899868011475,191.83599472045898,1.0,94.40934011006145,hit_sqrt_t_target,completed
ACON,2026-05-27 19:45:00+00:00,,3.130000114440918,3.319999933242798,3.369999885559082,0.18999981880187988,6.070281528913545,1.0,79.16666666666666,hit_sqrt_t_target,completed
ASBP,2026-05-27 19:45:00+00:00,,4.639999866485596,5.139999866485596,5.139999866485596,0.5,10.775862379037251,1.0,100.0,hit_sqrt_t_target,completed
CDTG,2026-05-27 19:45:00+00:00,,9.0,9.274999618530273,9.7475004196167,0.27499961853027344,3.055551317003038,1.0,36.789225974118764,hit_sqrt_t_target,completed
ACON,2026-05-28 15:15:00+00:00,,3.319999933242798,3.4100000858306885,3.440000057220459,0.09000015258789062,2.710848024023401,1.0,75.00004967048599,hit_sqrt_t_target,completed
AKTX,2026-05-28 19:00:00+00:00,,23.610000610351562,23.510000228881836,25.644100189208984,-0.10000038146972656,-0.42355094826165496,1.0,-4.916198917159108,hit_sqrt_t_target,completed
AZI,2026-05-28 19:45:00+00:00,,1.2100000381469727,1.1612857580184937,1.215000033378601,-0.048714280128479004,-4.0259734374125635,3.0,0.0,trailing_stop_atr,completed
ADTX,2026-05-29 19:45:00+00:00,,0.11389999836683273,0.1412000060081482,0.14190000295639038,0.02730000764131546,23.968400379946907,19.0,97.50001130891512,hit_sqrt_t_target,completed
AIRE,2026-05-29 19:45:00+00:00,,2.505000114440918,2.600100040435791,2.6500000953674316,0.09509992599487305,3.7964040578935485,1.0,65.5861644858215,hit_sqrt_t_target,completed
AEMD,2026-06-01 19:45:00+00:00,,2.4149999618530273,2.129642810140337,2.4200000762939453,-0.28535715171269027,-11.816031313463707,8.0,0.0,trailing_stop_atr,completed
BJDX,2026-06-01 19:45:00+00:00,,2.119999885559082,5.809999942779541,6.099999904632568,3.690000057220459,174.0566158685117,1.0,92.71356883258164,hit_sqrt_t_target,completed
CABO,2026-06-05 19:45:00+00:00,,43.68000030517578,41.475746154785156,44.51499938964844,-2.204254150390625,-5.046369356662838,24.0,-100.0,trailing_stop_atr,completed
BJDX,2026-06-08 14:30:00+00:00,,5.260000228881836,5.389999866485596,5.440000057220459,0.12999963760375977,2.471475892528524,16.0,72.22208976732973,hit_sqrt_t_target,completed
AERT,2026-06-05 19:45:00+00:00,,6.379199981689453,6.600800037384033,6.600800037384033,0.22160005569458008,3.4737906999412176,1.0,100.0,hit_sqrt_t_target,completed
ACON,2026-06-05 19:45:00+00:00,,3.569999933242798,3.4601429530552457,3.5899999141693115,-0.10985698018755219,-3.0772263933283592,2.0,-100.0,trailing_stop_atr,completed
AMBO,2026-06-05 19:30:00+00:00,,2.2899999618530273,2.335900068283081,2.335900068283081,0.04590010643005371,2.004371493216627,1.0,100.0,hit_sqrt_t_target,completed
AIMD,2026-06-05 19:45:00+00:00,,1.9299999475479126,2.049299955368042,2.049299955368042,0.1193000078201294,6.181347723439135,1.0,100.0,hit_sqrt_t_target,completed
BARK,2026-06-05 19:45:00+00:00,,9.154999732971191,9.949999809265137,10.0,0.7950000762939453,8.683780442186135,1.0,94.08281953440392,hit_sqrt_t_target,completed
AIFA,2026-06-05 19:45:00+00:00,,2.075399875640869,2.2693282706396922,2.5493998527526855,0.19392839499882308,9.344146025784035,1.0,40.913165477448,trailing_stop_atr,completed
BARK,2026-06-09 16:30:00+00:00,,9.90999984741211,9.960000038146973,9.989999771118164,0.05000019073486328,0.5045428002495913,1.0,62.500298023508094,hit_sqrt_t_target,completed
BODI,2026-06-09 16:30:00+00:00,,10.0,9.562857151031494,10.135000228881836,-0.43714284896850586,-4.371428489685059,12.0,-100.0,trailing_stop_atr,completed
BARK,2026-06-10 14:30:00+00:00,,9.610099792480469,9.686200141906738,9.994999885559082,0.07610034942626953,0.7918788677492726,1.0,19.77145518921102,hit_sqrt_t_target,completed
ADTX,2026-06-09 19:45:00+00:00,,0.028200000524520874,0.020414287490504127,0.028999999165534973,-0.007785713034016747,-27.608910954617894,7.0,-100.0,trailing_stop_atr,completed
ACON,2026-06-09 19:45:00+00:00,,3.2300000190734863,3.2799999713897705,3.2799999713897705,0.04999995231628418,1.5479861306820204,2.0,100.0,hit_sqrt_t_target,completed
AEMD,2026-06-10 16:30:00+00:00,,2.0450000762939453,2.1287999153137207,2.130000114440918,0.08379983901977539,4.097791486230249,7.0,98.58800166051454,hit_sqrt_t_target,completed
AUUD,2026-06-10 19:45:00+00:00,,1.2999999523162842,1.315000057220459,1.316499948501587,0.015000104904174805,1.153854265721184,1.0,90.90974770973615,hit_sqrt_t_target,completed
BYAH,2026-06-12 15:15:00+00:00,,2.360100030899048,2.331700086593628,2.450000047683716,-0.028399944305419922,-1.2033364659802726,1.0,-31.590588434977246,hit_sqrt_t_target,completed
BNAI,2026-06-12 19:45:00+00:00,,21.325000762939453,19.555928094046457,21.3700008392334,-1.7690726688929956,-8.295768373276932,13.0,0.0,trailing_stop_atr,completed
CDIO,2026-06-12 19:45:00+00:00,,1.9738999605178833,2.0199999809265137,2.028899908065796,0.04610002040863037,2.335479068378689,1.0,83.81829886014135,hit_sqrt_t_target,completed
BYAH,2026-06-15 16:45:00+00:00,,1.510699987411499,1.358321453843798,1.559999942779541,-0.15237853356770104,-10.086617782316477,38.0,-100.0,trailing_stop_atr,completed
BARK,2026-06-15 19:45:00+00:00,,8.550000190734863,8.640000343322754,8.640000343322754,0.09000015258789062,1.0526333401187353,1.0,100.0,hit_sqrt_t_target,completed
CIIT,2026-06-15 19:45:00+00:00,,1.4700000286102295,0.6494642666407995,1.5499000549316406,-0.82053576196943,-55.81875823126226,1.0,-100.0,trailing_stop_atr,completed
ADV,2026-06-15 19:45:00+00:00,,38.790000915527344,38.79999923706055,39.20000076293945,0.009998321533203125,0.02577551249605893,1.0,2.438615915667247,hit_sqrt_t_target,completed
BNKK,2026-06-16 19:45:00+00:00,,1.340000033378601,1.4300999641418457,1.5099999904632568,0.09009993076324463,6.7238752626051586,1.0,52.99997265197961,hit_sqrt_t_target,completed
BIAF,2026-06-16 19:45:00+00:00,,0.949999988079071,0.8148570997374398,0.954800009727478,-0.13514288834163124,-14.225567372363265,1.0,-100.0,trailing_stop_atr,completed
BIAF,2026-06-16 19:45:00+00:00,,0.949999988079071,0.8148570997374398,0.954800009727478,-0.13514288834163124,-14.225567372363265,1.0,-100.0,trailing_stop_atr,completed
AIFA,2026-06-16 19:45:00+00:00,,2.200000047683716,2.259999990463257,2.3299999237060547,0.059999942779541016,2.7272700672307866,1.0,46.15384615384615,hit_sqrt_t_target,completed
CDIO,2026-06-17 15:15:00+00:00,,2.0244998931884766,2.0350000858306885,2.0350000858306885,0.010500192642211914,0.518656122311505,1.0,100.0,hit_sqrt_t_target,completed
CIIT,2026-06-17 17:15:00+00:00,,0.6438000202178955,0.6589000225067139,0.6700000166893005,0.01510000228881836,2.3454491790335346,1.0,57.63360428425505,hit_sqrt_t_target,completed
BGMS,2026-06-17 19:45:00+00:00,,0.8148000240325928,0.7212999846254077,0.8148000240325928,-0.0935000394071851,-11.47521313811903,23.0,0.0,trailing_stop_atr,completed
BIAF,2026-06-17 19:45:00+00:00,,0.838699996471405,0.8500000238418579,0.859499990940094,0.01130002737045288,1.3473265074513625,13.0,54.32706911275024,hit_sqrt_t_target,completed
CIIT,2026-06-22 17:15:00+00:00,,0.48559999465942383,0.49900001287460327,0.49900001287460327,0.013400018215179443,2.7594765985484746,2.0,100.0,hit_sqrt_t_target,completed
CDIO,2026-06-23 15:10:00,,,,,,,,,,no_bars_after_news
