ticker,entry_time,exit_time,entry_price,exit_price,pnl,pnl_pct,peak_price,status
BAOS,2021-12-15 09:01:00,,,,,,,no_previous_day
BAOS,2026-04-27 14:30:00+00:00,2026-06-04 14:30:00+00:00,2.6700000762939453,3.7313452176333053,1.06134514133936,39.75075322142105,3.819999933242798,peak_exit
BAOS,2026-04-27 14:30:00+00:00,2026-06-04 14:30:00+00:00,2.6700000762939453,3.6685589950079738,0.9985589187140285,37.399209370063524,3.819999933242798,peak_exit
BAOS,2026-04-27 14:30:00+00:00,2026-06-04 14:30:00+00:00,2.6700000762939453,3.694329642502842,1.0243295662088965,38.36440213255358,3.819999933242798,peak_exit
BAOS,2022-12-21 08:00:00,,,,,,,no_previous_day
BAOS,2023-03-21 13:00:00,,,,,,,no_previous_day
BAOS,2024-05-31 01:30:00,,,,,,,no_previous_day
AIHS,2024-06-27 21:52:00,,,,,,,no_previous_day
CHNR,2024-07-11 08:10:00,,,,,,,no_previous_day
CCTG,2026-04-27 14:30:00+00:00,2026-06-09 14:30:00+00:00,0.6150000095367432,3.9489048415182944,3.333904831981551,542.0983382574025,4.5,peak_exit
CHNR,2024-12-31 07:55:00,,,,,,,no_previous_day
BGI,2026-04-27 15:15:00+00:00,2026-04-28 17:30:00+00:00,0.6899999976158142,0.7078502550615251,0.017850257445710893,2.5869938416506715,0.7099999785423279,peak_exit
ADVB,2025-03-06 09:02:00,,,,,,,no_previous_day
ADVB,2025-03-07 12:29:00,,,,,,,no_previous_day
AIOS,2026-04-27 15:15:00+00:00,2026-05-01 15:30:00+00:00,7.409999847412109,31.80160297786113,24.39160313044902,329.1714390381211,33.86989974975586,peak_exit
AIOS,2025-04-29 22:10:00,,,,,,,no_previous_day
CLWT,2026-04-27 19:00:00+00:00,2026-06-17 14:30:00+00:00,1.2649999856948853,2.103955881545163,0.8389558958502779,66.32062492786714,2.25,peak_exit
CDTG,2025-05-15 07:15:00,,,,,,,no_previous_day
ATXG,2025-05-15 09:20:00,,,,,,,no_previous_day
CHNR,2026-04-27 16:45:00+00:00,2026-05-04 15:00:00+00:00,4.070000171661377,5.228119844716565,1.1581196730551877,28.455027621840184,5.329999923706055,peak_exit
BGI,2026-04-27 15:15:00+00:00,2026-04-28 17:30:00+00:00,0.6899999976158142,0.707766319052131,0.017766321436316845,2.5748292025660224,0.7099999785423279,peak_exit
ATXG,2025-05-21 10:00:00,,,,,,,no_previous_day
CHNR,2026-04-27 16:45:00+00:00,2026-05-04 15:00:00+00:00,4.070000171661377,5.254019567677746,1.1840193960163692,29.091384424513468,5.329999923706055,peak_exit
BGI,2025-06-09 07:30:00,,,,,,,no_previous_day
CHNR,2026-04-27 16:45:00+00:00,2026-05-04 15:00:00+00:00,4.070000171661377,5.1452885225915015,1.0752883509301245,26.41986008789752,5.329999923706055,peak_exit
BGI,2026-04-27 15:15:00+00:00,2026-04-28 17:30:00+00:00,0.6899999976158142,0.7070898301838295,0.01708983256801533,2.4767873372560203,0.7099999785423279,peak_exit
BGI,2025-07-09 07:47:00,,,,,,,no_previous_day
BGMS,2025-07-16 09:00:00,,,,,,,no_previous_day
CCTG,2026-04-27 14:30:00+00:00,2026-06-09 14:30:00+00:00,0.6150000095367432,4.026586292018044,3.4115862824813012,554.7294682240937,4.5,peak_exit
BQ,2025-07-21 09:00:00,,,,,,,no_previous_day
AIHS,2025-07-24 09:00:00,,,,,,,no_previous_day
BGI,2026-04-27 15:15:00+00:00,2026-04-28 17:30:00+00:00,0.6899999976158142,0.708592631084804,0.01859263346898976,2.6945845700338644,0.7099999785423279,peak_exit
BBGI,2025-08-13 03:10:00,,,,,,,no_previous_day
BTOG,2025-08-13 10:30:00,,,,,,,no_previous_day
BGMS,2026-04-27 14:30:00+00:00,2026-06-05 18:15:00+00:00,0.9950000047683716,2.164592586779248,1.1695925820108766,117.54699260359791,2.240000009536743,peak_exit
BTOG,2026-04-27 14:30:00+00:00,2026-05-04 15:00:00+00:00,2.049999952316284,2.242982892167853,0.19298293985156878,9.41380216294729,2.2625999450683594,peak_exit
APWC,2026-04-27 14:30:00+00:00,2026-06-22 19:45:00+00:00,1.382699966430664,2.2199586354688168,0.8372586690381527,60.55244733964036,2.26990008354187,peak_exit
AIHS,2025-09-03 10:30:00,,,,,,,no_previous_day
BGMS,2025-09-12 06:00:00,,,,,,,no_previous_day
CCTG,2025-10-01 08:42:00,,,,,,,no_previous_day
CCTG,2026-04-27 14:30:00+00:00,2026-06-09 14:30:00+00:00,0.6150000095367432,4.131578772186023,3.5165787626492797,571.801415954154,4.5,peak_exit
CIIT,2026-04-27 15:00:00+00:00,2026-06-10 14:30:00+00:00,1.440000057220459,3.2048336611305417,1.7648336039100827,122.55788429040963,3.4200000762939453,peak_exit
ABTS,2025-10-10 08:00:00,,,,,,,no_previous_day
BTOG,2025-10-14 07:00:00,,,,,,,no_previous_day
CLIK,2025-10-14 09:00:00,,,,,,,no_previous_day
ACCL,2025-10-17 10:50:00,,,,,,,no_previous_day
ACCL,2026-04-27 14:30:00+00:00,2026-06-04 15:30:00+00:00,1.4019999504089355,2.085371451983945,0.6833715015750093,48.742619525463134,2.1600000858306885,peak_exit
AHMA,2026-04-27 14:30:00+00:00,2026-06-09 15:45:00+00:00,1.0700000524520874,4.876188028363609,3.806187975911522,355.7184849840889,5.400000095367432,peak_exit
BYAH,2025-10-24 09:26:00,,,,,,,no_previous_day
BQ,2025-11-03 12:36:00,,,,,,,no_previous_day
BBGI,2026-04-27 14:30:00+00:00,2026-06-22 14:45:00+00:00,22.799999237060547,24.81291337413788,2.0129141370773347,8.828571072078889,24.989999771118164,peak_exit
BQ,2026-04-27 14:30:00+00:00,2026-06-11 19:30:00+00:00,0.7599999904632568,1.223534279979392,0.4635342895161352,60.99135464904264,1.2999999523162842,peak_exit
AHMA,2025-11-05 05:00:00,,,,,,,no_previous_day
CHR,2025-11-05 12:42:00,,,,,,,no_previous_day
BBGI,2025-11-10 07:00:00,,,,,,,no_previous_day
ANNA,2025-11-12 07:00:00,,,,,,,no_previous_day
BGMS,2026-04-27 14:30:00+00:00,2026-06-05 18:00:00+00:00,0.9950000047683716,2.0703971761045445,1.075397171336173,108.08011720427251,2.240000009536743,peak_exit
BCG,2026-04-27 14:30:00+00:00,2026-05-06 16:00:00+00:00,1.9199999570846558,2.469800630715299,0.5498006736306431,28.63545239164823,2.5,peak_exit
APWC,2025-11-14 08:00:00,,,,,,,no_previous_day
AIHS,2025-11-14 09:15:00,,,,,,,no_previous_day
CHR,2025-11-18 08:00:00,,,,,,,no_previous_day
ACCL,2026-04-27 14:30:00+00:00,2026-06-04 15:30:00+00:00,1.4019999504089355,2.083782267551839,0.6817823171429036,48.62926827807956,2.1600000858306885,peak_exit
AIHS,2026-04-27 18:15:00+00:00,2026-06-12 14:45:00+00:00,1.2200000286102295,1.5196811267529973,0.2996810981427678,24.56402386188067,1.5399999618530273,peak_exit
CHR,2026-04-27 14:30:00+00:00,2026-06-02 14:30:00+00:00,1.659999966621399,2.703817914978732,1.0438179483573329,62.88060056301191,2.880000114440918,peak_exit
ABTS,2025-11-24 08:00:00,,,,,,,no_previous_day
BCG,2025-11-25 12:30:00,,,,,,,no_previous_day
CDTG,2025-11-28 09:00:00,,,,,,,no_previous_day
APWC,2026-04-27 14:30:00+00:00,2026-06-18 18:15:00+00:00,1.382699966430664,2.1516219927900444,0.7689220263593803,55.610186231818226,2.26990008354187,peak_exit
CIIT,2026-04-27 15:00:00+00:00,2026-06-10 14:45:00+00:00,1.440000057220459,3.289544850746003,1.8495447935255438,128.44060555772498,3.4200000762939453,peak_exit
APWC,2025-12-18 08:00:00,,,,,,,no_previous_day
CHR,2025-12-19 07:00:00,,,,,,,no_previous_day
CCTG,2026-04-27 14:30:00+00:00,2026-06-09 14:30:00+00:00,0.6150000095367432,4.103830693548364,3.4888306840116208,567.2895333188089,4.5,peak_exit
CDTG,2025-12-23 09:03:00,,,,,,,no_previous_day
CCTG,2026-04-27 14:30:00+00:00,2026-06-09 14:30:00+00:00,0.6150000095367432,4.027802372248218,3.412802362711475,554.9272048438199,4.5,peak_exit
CCHH,2025-12-31 01:24:00,,,,,,,no_previous_day
CCHH,2025-12-31 01:27:00,,,,,,,no_previous_day
CCHH,2025-12-31 01:31:00,,,,,,,no_previous_day
CHNR,2025-12-31 08:00:00,,,,,,,no_previous_day
ADVB,2025-12-31 10:25:00,,,,,,,no_previous_day
BQ,2026-04-27 14:30:00+00:00,2026-06-11 19:45:00+00:00,0.7599999904632568,1.2407759736962272,0.4807759832329703,63.259998587620245,1.2999999523162842,peak_exit
CDTG,2026-01-06 08:00:00,,,,,,,no_previous_day
BTBD,2026-01-06 11:00:00,,,,,,,no_previous_day
CDTG,2026-01-07 08:22:00,,,,,,,no_previous_day
AMCI,2026-01-09 07:30:00,,,,,,,no_previous_day
BTOG,2026-01-15 11:30:00,,,,,,,no_previous_day
ANNA,2026-01-20 07:00:00,,,,,,,no_previous_day
AGMH,2026-01-20 08:00:00,,,,,,,no_previous_day
CCTG,2026-04-27 14:30:00+00:00,2026-06-09 14:30:00+00:00,0.6150000095367432,3.9581151620779775,3.3431151525412344,543.5959513333146,4.5,peak_exit
BENF,2026-01-21 07:00:00,,,,,,,no_previous_day
AMCI,2026-01-21 10:00:00,,,,,,,no_previous_day
BH,2026-01-23 05:46:00,,,,,,,no_previous_day
AGMH,2026-04-27 14:30:00+00:00,2026-05-29 15:30:00+00:00,0.8615000247955322,1.382095078874329,0.5205950540787967,60.42890761406006,1.4500000476837158,peak_exit
BJDX,2026-01-27 08:00:00,,,,,,,no_previous_day
APWC,2026-01-28 09:00:00,,,,,,,no_previous_day
BYAH,2026-04-27 14:30:00+00:00,2026-06-08 18:00:00+00:00,1.1100000143051147,5.89031574788432,4.780315733579205,430.6590695471109,6.489999771118164,peak_exit
ATPC,2026-01-29 08:27:00,,,,,,,no_previous_day
AIOS,2026-04-27 15:15:00+00:00,2026-05-01 15:30:00+00:00,7.409999847412109,32.32509982891689,24.91509998150478,336.2361740156608,33.86989974975586,peak_exit
AHMA,2026-02-05 07:30:00,,,,,,,no_previous_day
BNBX,2026-02-05 08:00:00,,,,,,,no_previous_day
ATPC,2026-02-05 09:00:00,,,,,,,no_previous_day
ATPC,2026-02-06 11:00:00,,,,,,,no_previous_day
BGDE,2026-02-07 10:30:00,,,,,,,no_previous_day
AIRE,2026-02-09 08:30:00,,,,,,,no_previous_day
CCHH,2026-02-10 00:03:00,,,,,,,no_previous_day
AIOS,2026-02-10 06:15:00,,,,,,,no_previous_day
BNKK,2026-02-10 08:50:00,,,,,,,no_previous_day
AXIL,2026-04-27 15:15:00+00:00,2026-05-07 14:45:00+00:00,6.769999980926514,7.197430532642326,0.4274305517158119,6.313597532053694,7.25,peak_exit
BTTC,2026-02-11 00:00:00,,,,,,,no_previous_day
AXIL,2026-02-11 04:56:00,,,,,,,no_previous_day
BENF,2026-04-27 14:30:00+00:00,2026-05-28 19:45:00+00:00,3.434799909591675,3.823643446167985,0.3888435365763101,11.32070416941799,3.869999885559082,peak_exit
AMBO,2026-04-27 14:30:00+00:00,2026-05-19 15:30:00+00:00,2.299999952316284,2.8426270392120245,0.5426270868957404,23.59248252806577,2.880000114440918,peak_exit
CISS,2026-02-16 08:15:00,,,,,,,no_previous_day
CETX,2026-04-27 14:30:00+00:00,2026-04-30 19:00:00+00:00,10.850000381469727,11.505219104833243,0.6552187233635163,6.038882030663682,11.549999237060547,peak_exit
BENF,2026-04-27 14:30:00+00:00,2026-05-28 19:45:00+00:00,3.434799909591675,3.8366485127892087,0.4018486031975339,11.699330784170925,3.869999885559082,peak_exit
BENF,2026-02-18 00:02:00,,,,,,,no_previous_day
ADVB,2026-02-18 07:00:00,,,,,,,no_previous_day
CISS,2026-02-19 09:10:00,,,,,,,no_previous_day
BJDX,2026-02-20 06:30:00,,,,,,,no_previous_day
CISS,2026-02-20 08:30:00,,,,,,,no_previous_day
AEMD,2026-02-23 08:01:00,,,,,,,no_previous_day
BGLC,2026-02-23 08:30:00,,,,,,,no_previous_day
ABTS,2026-02-23 09:00:00,,,,,,,no_previous_day
ABTS,2026-02-24 09:11:00,,,,,,,no_previous_day
ALGS,2026-02-26 08:00:00,,,,,,,no_previous_day
APWC,2026-02-26 09:15:00,,,,,,,no_previous_day
AIRE,2026-02-27 08:30:00,,,,,,,no_previous_day
BH,2026-02-28 09:44:00,,,,,,,no_previous_day
AERT,2026-03-02 08:00:00,,,,,,,no_previous_day
BH,2026-03-03 00:58:00,,,,,,,no_previous_day
ADV,2026-03-03 07:00:00,,,,,,,no_previous_day
CLWT,2026-03-03 07:00:00,,,,,,,no_previous_day
AEHL,2026-03-03 10:19:00,,,,,,,no_previous_day
ADV,2026-03-03 11:18:00,,,,,,,no_previous_day
ADV,2026-03-03 12:31:00,,,,,,,no_previous_day
AERT,2026-03-04 08:00:00,,,,,,,no_previous_day
AXIL,2026-03-04 08:00:00,,,,,,,no_previous_day
BH,2026-03-04 11:01:00,,,,,,,no_previous_day
BELFA,2026-04-27 14:45:00+00:00,2026-05-11 15:30:00+00:00,237.4949951171875,272.0107960887203,34.515800971532826,14.533275092597908,276.2049865722656,peak_exit
BJDX,2026-03-06 06:30:00,,,,,,,no_previous_day
ADIL,2026-03-06 08:00:00,,,,,,,no_previous_day
AMCI,2026-03-06 08:30:00,,,,,,,no_previous_day
ADV,2026-03-09 10:51:00,,,,,,,no_previous_day
BNAI,2026-03-09 13:28:00,,,,,,,no_previous_day
AZI,2026-04-27 14:30:00+00:00,2026-06-09 16:15:00+00:00,1.3600000143051147,6.287838804662874,4.927838790357759,362.3410837150332,6.989999771118164,peak_exit
AZI,2026-03-09 21:19:00,,,,,,,no_previous_day
BGLC,2026-03-11 08:45:00,,,,,,,no_previous_day
BJDX,2026-03-12 06:30:00,,,,,,,no_previous_day
BKTI,2026-03-12 07:05:00,,,,,,,no_previous_day
BENF,2026-03-12 07:30:00,,,,,,,no_previous_day
AXIL,2026-03-12 08:00:00,,,,,,,no_previous_day
CETX,2026-03-12 08:00:00,,,,,,,no_previous_day
BNRG,2026-03-12 08:07:00,,,,,,,no_previous_day
BKTI,2026-03-12 12:49:00,,,,,,,no_previous_day
BTTC,2026-03-13 10:00:00,,,,,,,no_previous_day
AEMD,2026-03-13 12:02:00,,,,,,,no_previous_day
CIIT,2026-04-27 15:00:00+00:00,2026-06-10 14:45:00+00:00,1.440000057220459,3.3149626169543556,1.8749625597338966,130.20572814094317,3.4200000762939453,peak_exit
CHR,2026-04-27 14:30:00+00:00,2026-06-02 14:30:00+00:00,1.659999966621399,2.776462300468118,1.116462333846719,67.25676845157153,2.880000114440918,peak_exit
BKTI,2026-04-27 14:30:00+00:00,2026-05-11 18:30:00+00:00,94.52999877929688,97.57724898976441,3.0472502104675385,3.2235800802051005,97.80999755859375,peak_exit
AHMA,2026-03-18 06:00:00,,,,,,,no_previous_day
BNZI,2026-03-18 08:31:00,,,,,,,no_previous_day
AZI,2026-04-27 14:30:00+00:00,2026-06-09 16:15:00+00:00,1.3600000143051147,6.60518781819576,5.245187803890645,385.67556975877295,6.989999771118164,peak_exit
BARK,2026-03-20 08:55:00,,,,,,,no_previous_day
CHR,2026-03-23 08:00:00,,,,,,,no_previous_day
BTBD,2026-03-24 07:00:00,,,,,,,no_previous_day
BTBD,2026-04-27 14:30:00+00:00,2026-04-29 16:15:00+00:00,1.809999942779541,2.2515101574109706,0.4415102146314296,24.39283030879111,2.309999942779541,peak_exit
BNRG,2026-04-27 14:45:00+00:00,2026-05-06 14:30:00+00:00,3.0450000762939453,3.3758494066374993,0.330849330343554,10.865330773529212,3.4000000953674316,peak_exit
BLRX,2026-03-25 21:01:00,,,,,,,no_previous_day
ARTL,2026-03-27 10:30:00,,,,,,,no_previous_day
ARTL,2026-03-27 10:40:00,,,,,,,no_previous_day
AZI,2026-03-29 10:00:00,,,,,,,no_previous_day
AMBO,2026-03-30 08:30:00,,,,,,,no_previous_day
BGMS,2026-04-27 14:30:00+00:00,2026-06-05 18:00:00+00:00,0.9950000047683716,2.0690686818595903,1.0740686770912187,107.94660019536921,2.240000009536743,peak_exit
ARTL,2026-04-27 14:30:00+00:00,2026-04-27 14:45:00+00:00,4.010000228881836,4.105098852887084,0.09509862400524849,2.3715366228736143,4.119999885559082,peak_exit
ANNA,2026-04-27 14:30:00+00:00,2026-04-29 15:45:00+00:00,3.809999942779541,4.059025394481322,0.24902545170178136,6.536101192697336,4.099899768829346,peak_exit
BNZI,2026-04-27 14:30:00+00:00,2026-04-27 14:45:00+00:00,9.055999755859375,9.104394811227026,0.048395055367651096,0.5343977106043839,9.107999801635742,peak_exit
BKTI,2026-04-27 14:30:00+00:00,2026-05-01 14:30:00+00:00,94.52999877929688,97.48038171657781,2.950382937280935,3.1211075588494577,97.80999755859375,peak_exit
BCG,2026-04-27 14:30:00+00:00,2026-05-06 16:00:00+00:00,1.9199999570846558,2.454459060928613,0.5344591038439575,27.83641228073175,2.5,peak_exit
AXIL,2026-04-01 08:00:00,,,,,,,no_previous_day
AQMS,2026-04-01 08:30:00,,,,,,,no_previous_day
BCG,2026-04-01 10:30:00,,,,,,,no_previous_day
CHR,2026-04-02 08:00:00,,,,,,,no_previous_day
AIOS,2026-04-27 15:15:00+00:00,2026-05-01 15:30:00+00:00,7.409999847412109,31.96761824453374,24.55761839712163,331.41186103665314,33.86989974975586,peak_exit
BBGI,2026-04-27 14:30:00+00:00,2026-06-22 14:45:00+00:00,22.799999237060547,24.687159641782856,1.8871604047223087,8.277019595925248,24.989999771118164,peak_exit
CHR,2026-04-06 08:00:00,,,,,,,no_previous_day
AQMS,2026-04-06 11:00:00,,,,,,,no_previous_day
CETX,2026-04-07 10:30:00,,,,,,,no_previous_day
BLRX,2026-04-08 02:30:00,,,,,,,no_previous_day
BBGI,2026-04-08 07:00:00,,,,,,,no_previous_day
AXIL,2026-04-08 08:10:00,,,,,,,no_previous_day
BBGI,2026-04-27 14:30:00+00:00,2026-06-22 14:45:00+00:00,22.799999237060547,24.848424392408734,2.0484251553481876,8.984321157425958,24.989999771118164,peak_exit
BCG,2026-04-27 14:30:00+00:00,2026-05-06 16:00:00+00:00,1.9199999570846558,2.457402038420221,0.5374020813355651,27.989692361845727,2.5,peak_exit
BENF,2026-04-10 07:30:00,,,,,,,no_previous_day
BQ,2026-04-27 14:30:00+00:00,2026-06-11 19:30:00+00:00,0.7599999904632568,1.2248592982975282,0.4648593078342713,61.1656991667746,1.2999999523162842,peak_exit
CHR,2026-04-14 08:00:00,,,,,,,no_previous_day
BTBD,2026-04-14 10:30:00,,,,,,,no_previous_day
BTTC,2026-04-15 10:00:00,,,,,,,no_previous_day
BELFA,2026-04-27 14:45:00+00:00,2026-05-11 16:30:00+00:00,237.4949951171875,272.6017894383913,35.10679432120378,14.78211964167118,276.2049865722656,peak_exit
BTOG,2026-04-16 10:30:00,,,,,,,no_previous_day
ACXP,2026-04-27 14:30:00+00:00,2026-04-30 17:15:00+00:00,2.0,2.277758311508163,0.2777583115081632,13.887915575408162,2.2999000549316406,peak_exit
CABO,2026-04-27 14:30:00+00:00,2026-04-27 15:30:00+00:00,100.99500274658203,104.37076536312259,3.3757626165405554,3.3425046039268524,104.55000305175781,peak_exit
ASBP,2026-04-17 08:00:00,,,,,,,no_previous_day
BDSX,2026-04-20 06:00:00,,,,,,,no_previous_day
ACXP,2026-04-20 08:00:00,,,,,,,no_previous_day
BKTI,2026-04-20 08:10:00,,,,,,,no_previous_day
BKTI,2026-04-20 10:10:00,,,,,,,no_previous_day
ARTL,2026-04-20 10:30:00,,,,,,,no_previous_day
BNBX,2026-04-20 10:30:00,,,,,,,no_previous_day
AMCI,2026-04-27 14:30:00+00:00,2026-04-28 14:30:00+00:00,6.920000076293945,7.1894805936689234,0.26948051737497813,3.8942270867618305,7.21999979019165,peak_exit
BIYA,2026-04-21 10:30:00,,,,,,,no_previous_day
ADV,2026-04-22 07:00:00,,,,,,,no_previous_day
BTTC,2026-04-23 00:00:00,,,,,,,no_previous_day
AIHS,2026-04-23 08:00:00,,,,,,,no_previous_day
BDSX,2026-04-23 12:33:00,,,,,,,no_previous_day
ALGS,2026-04-24 08:00:00,,,,,,,no_previous_day
ACXP,2026-04-27 08:00:00,,,,,,,no_previous_day
ASBP,2026-04-27 08:30:00,,,,,,,no_previous_day
ADTX,2026-04-27 10:30:00,,,,,,,no_previous_day
CHSN,2026-04-27 10:30:00,,,,,,,no_previous_day
AIRE,2026-04-27 19:45:00+00:00,2026-04-29 14:30:00+00:00,6.660000324249268,6.660000324249268,0.0,0.0,6.660000324249268,went_down
AIRE,2026-04-27 19:45:00+00:00,2026-04-29 14:30:00+00:00,6.660000324249268,6.660000324249268,0.0,0.0,6.660000324249268,went_down
BIYA,2026-04-27 19:45:00+00:00,2026-04-30 14:30:00+00:00,0.7570000290870667,2.1920812862706125,1.4350812571835458,189.57479551410816,2.380000114440918,peak_exit
CHSN,2026-04-27 19:45:00+00:00,2026-04-29 14:30:00+00:00,5.299999713897705,5.299999713897705,0.0,0.0,5.299999713897705,went_down
BBGI,2026-04-28 19:45:00+00:00,2026-06-22 14:45:00+00:00,22.540000915527344,24.738619897628222,2.1986189821008786,9.754298548347862,24.989999771118164,peak_exit
ACXP,2026-04-28 19:45:00+00:00,2026-05-01 16:00:00+00:00,2.049999952316284,2.204889108700089,0.15488915638380485,7.555568779833209,2.2200000286102295,peak_exit
APWC,2026-04-28 19:45:00+00:00,2026-06-18 18:15:00+00:00,1.5800000429153442,2.167701249023266,0.5877012061079219,37.196277857279185,2.26990008354187,peak_exit
CHSN,2026-04-28 19:45:00+00:00,2026-05-01 14:30:00+00:00,3.819999933242798,3.819999933242798,0.0,0.0,3.819999933242798,went_down
BELFA,2026-04-29 18:00:00+00:00,2026-05-11 14:30:00+00:00,227.5,271.4910620182412,43.99106201824122,19.33673055746867,276.2049865722656,peak_exit
BKTI,2026-04-29 19:45:00+00:00,2026-05-11 16:45:00+00:00,91.22000122070312,96.8906025393501,5.670601318646973,6.21640127468008,97.80999755859375,peak_exit
CHSN,2026-04-29 19:45:00+00:00,2026-05-05 14:30:00+00:00,3.2900002002716064,3.2900002002716064,0.0,0.0,3.2900002002716064,went_down
BIYA,2026-04-29 19:45:00+00:00,2026-05-26 18:45:00+00:00,1.8849999904632568,1.9934313133255306,0.10843132286227375,5.752324849382397,2.0,peak_exit
CABO,2026-04-29 19:45:00+00:00,2026-05-04 19:30:00+00:00,90.06999969482422,90.06999969482422,0.0,0.0,90.06999969482422,went_down
ALGS,2026-04-30 16:30:00+00:00,2026-05-13 15:30:00+00:00,6.050000190734863,6.7552586937102115,0.7052585029753482,11.657164970926786,6.849999904632568,peak_exit
AHMA,2026-04-30 16:45:00+00:00,2026-06-09 15:45:00+00:00,1.1309000253677368,5.051848207656171,3.9209481822884342,346.71041598159417,5.400000095367432,peak_exit
CABO,2026-04-30 16:45:00+00:00,2026-04-30 19:30:00+00:00,92.63999938964844,95.30707888575454,2.6670794961060977,2.878971841189494,95.55999755859375,peak_exit
AHMA,2026-04-30 16:45:00+00:00,2026-06-09 15:45:00+00:00,1.1309000253677368,5.1190327278869,3.988132702519163,352.65121700057745,5.400000095367432,peak_exit
BIYA,2026-04-30 16:45:00+00:00,2026-04-30 19:00:00+00:00,2.0,2.123638156195256,0.12363815619525598,6.181907809762799,2.140000104904175,peak_exit
CLWT,2026-05-01 14:45:00+00:00,2026-06-17 14:30:00+00:00,1.2000000476837158,2.1612343975901824,0.9612343499064666,80.1028593092039,2.25,peak_exit
BESS,2026-04-30 19:45:00+00:00,2026-06-18 18:45:00+00:00,2.509999990463257,5.76511310741408,3.255113116950823,129.68578204456665,6.199999809265137,peak_exit
AIRE,2026-04-30 19:45:00+00:00,2026-05-07 15:00:00+00:00,3.059999942779541,3.059999942779541,0.0,0.0,3.059999942779541,went_down
BELFA,2026-04-30 19:45:00+00:00,2026-05-11 16:30:00+00:00,244.2899932861328,273.9067802973102,29.616787011177394,12.123618578386772,276.2049865722656,peak_exit
CABO,2026-04-30 19:45:00+00:00,2026-05-06 18:30:00+00:00,91.62999725341797,91.62999725341797,0.0,0.0,91.62999725341797,went_down
APWC,2026-04-30 19:45:00+00:00,2026-06-18 18:15:00+00:00,1.5299999713897705,2.172336036046395,0.6423360646566243,41.98275010901866,2.26990008354187,peak_exit
BDSX,2026-04-30 19:45:00+00:00,2026-06-22 18:15:00+00:00,11.083000183105469,17.711917509919186,6.628917326813717,59.81157824862805,18.219999313354492,peak_exit
CHSN,2026-04-30 19:45:00+00:00,2026-05-07 14:30:00+00:00,2.8299999237060547,2.8299999237060547,0.0,0.0,2.8299999237060547,went_down
BNAI,2026-05-01 18:45:00+00:00,2026-06-05 15:00:00+00:00,27.899999618530273,30.72732788000941,2.827328261479135,10.133793190453362,30.899900436401367,peak_exit
CABO,2026-05-04 14:30:00+00:00,2026-05-04 15:15:00+00:00,72.0,74.41108343286639,2.4110834328663913,3.34872699009221,74.6500015258789,peak_exit
ACXP,2026-05-01 19:45:00+00:00,2026-05-11 19:45:00+00:00,2.1449999809265137,2.185755338033045,0.04075535710653133,1.9000166652182169,2.190000057220459,peak_exit
CHSN,2026-05-01 19:45:00+00:00,2026-05-11 14:30:00+00:00,2.930000066757202,2.930000066757202,0.0,0.0,2.930000066757202,went_down
BDSX,2026-05-04 16:30:00+00:00,2026-06-22 18:15:00+00:00,11.279999732971191,17.600226503149244,6.320226770178053,56.030380494639275,18.219999313354492,peak_exit
BARK,2026-05-04 16:45:00+00:00,2026-06-11 16:00:00+00:00,9.305000305175781,10.54768887350011,1.2426885683243292,13.355062091003914,10.710000038146973,peak_exit
BDSX,2026-05-05 14:30:00+00:00,2026-06-22 18:45:00+00:00,14.720000267028809,17.940971335514885,3.220971068486076,21.881596535705906,18.219999313354492,peak_exit
BODI,2026-05-04 19:45:00+00:00,2026-05-14 16:00:00+00:00,13.5,13.508854767015599,0.008854767015598952,0.06559086678221446,13.510000228881836,peak_exit
CHSN,2026-05-04 19:45:00+00:00,2026-05-13 14:45:00+00:00,2.990000009536743,2.990000009536743,0.0,0.0,2.990000009536743,went_down
BIYA,2026-05-04 19:45:00+00:00,2026-05-26 18:45:00+00:00,1.149899959564209,1.9437728871391795,0.7938729275749705,69.038434254388,2.0,peak_exit
CHSN,2026-05-04 19:45:00+00:00,2026-05-13 14:45:00+00:00,2.990000009536743,2.990000009536743,0.0,0.0,2.990000009536743,went_down
ADV,2026-05-05 19:45:00+00:00,2026-05-26 19:15:00+00:00,38.04999923706055,43.149549075327556,5.099549838267009,13.402233746433478,43.5,peak_exit
BNZI,2026-05-05 19:45:00+00:00,2026-05-15 19:45:00+00:00,5.644000053405762,7.905889542907429,2.2618894895016677,40.076000497852135,8.175000190734863,peak_exit
CHSN,2026-05-05 19:45:00+00:00,2026-05-15 14:45:00+00:00,2.180000066757202,2.180000066757202,0.0,0.0,2.180000066757202,went_down
ADV,2026-05-06 17:15:00+00:00,2026-05-07 18:15:00+00:00,40.720001220703125,44.90794517232272,4.187943951619594,10.284734346938903,45.625,peak_exit
ASBP,2026-05-06 19:45:00+00:00,2026-05-19 16:15:00+00:00,0.19050000607967377,6.032520929421248,5.8420209233415745,3066.6775521772097,6.980000019073486,peak_exit
ASBP,2026-05-06 19:45:00+00:00,2026-05-19 16:15:00+00:00,0.19050000607967377,6.131729564967875,5.941229558888201,3118.7555744241663,6.980000019073486,peak_exit
BJDX,2026-05-07 16:30:00+00:00,2026-06-02 14:30:00+00:00,1.7100000381469727,5.746701073679217,4.036701035532245,236.0643827766567,6.20989990234375,peak_exit
BBGI,2026-05-07 16:30:00+00:00,2026-06-10 17:45:00+00:00,16.774999618530273,23.877257046103097,7.102257427572823,42.338346283641116,24.989999771118164,peak_exit
AQMS,2026-05-07 16:45:00+00:00,2026-05-11 18:15:00+00:00,5.130000114440918,5.198679030000814,0.06867891555989569,1.3387702539531134,5.210000038146973,peak_exit
CCHH,2026-05-07 18:00:00+00:00,2026-06-11 14:30:00+00:00,0.4699000120162964,0.853939183600017,0.3840391715837206,81.72784885359864,0.8799999952316284,peak_exit
BH,2026-05-08 16:45:00+00:00,2026-06-12 14:30:00+00:00,301.7900085449219,343.1189105295975,41.32890198467561,13.694589222467165,348.6600036621094,peak_exit
AIMD,2026-05-08 19:45:00+00:00,2026-05-26 19:30:00+00:00,1.7000000476837158,3.7567816854281557,2.05678163774444,120.98715176783944,3.8798999786376953,peak_exit
ADIL,2026-05-08 19:30:00+00:00,2026-06-11 16:30:00+00:00,1.440000057220459,4.906262425316688,3.4662623680962295,240.7126548860655,5.159999847412109,peak_exit
AMBO,2026-05-11 17:15:00+00:00,2026-05-19 14:30:00+00:00,2.2300000190734863,2.797639324554563,0.5676393054810767,25.454677158115796,2.880000114440918,peak_exit
AIFA,2026-05-27 14:30:00+00:00,2026-05-27 14:45:00+00:00,3.697199821472168,3.6983024143091723,0.0011025928370043125,0.029822376129112683,3.6984000205993652,peak_exit
ACXP,2026-05-11 19:45:00+00:00,2026-05-28 17:00:00+00:00,2.1600000858306885,2.1600000858306885,0.0,0.0,2.1600000858306885,went_down
ACXP,2026-05-11 19:45:00+00:00,2026-05-28 17:00:00+00:00,2.1600000858306885,2.1600000858306885,0.0,0.0,2.1600000858306885,went_down
BODI,2026-05-12 16:30:00+00:00,2026-05-13 14:45:00+00:00,12.279999732971191,13.807886452350209,1.5278867193790173,12.442074532597237,13.920000076293945,peak_exit
BELFA,2026-05-12 17:30:00+00:00,2026-06-17 16:30:00+00:00,266.54998779296875,272.8977948646303,6.3478070716615775,2.3814696538616853,273.7550048828125,peak_exit
BNZI,2026-05-12 18:30:00+00:00,2026-05-15 19:45:00+00:00,4.815000057220459,7.726919383534869,2.9119193263144103,60.475997750981655,8.175000190734863,peak_exit
ALGS,2026-05-12 19:45:00+00:00,2026-05-29 19:30:00+00:00,6.53000020980835,6.53000020980835,0.0,0.0,6.53000020980835,went_down
BBGI,2026-05-12 19:45:00+00:00,2026-06-10 18:00:00+00:00,16.18000030517578,24.18084145301833,8.00084114784255,49.44895548168303,24.989999771118164,peak_exit
ASTC,2026-05-12 19:45:00+00:00,2026-05-29 15:45:00+00:00,2.700000047683716,63.146399000235114,60.4463989525514,2238.7554772233184,68.8499984741211,peak_exit
BODI,2026-05-14 14:45:00+00:00,2026-05-14 16:00:00+00:00,12.920000076293945,13.428697013678192,0.5086969373842471,3.9372827738416314,13.510000228881836,peak_exit
BELFA,2026-05-12 19:45:00+00:00,2026-06-17 16:30:00+00:00,268.7099914550781,273.09101427682015,4.381022821742022,1.6303907413410879,273.7550048828125,peak_exit
BODI,2026-05-13 19:45:00+00:00,2026-06-05 17:00:00+00:00,12.640000343322754,12.640000343322754,0.0,0.0,12.640000343322754,went_down
ADTX,2026-05-13 19:45:00+00:00,2026-06-03 15:00:00+00:00,2.273400068283081,2.273400068283081,0.0,0.0,2.273400068283081,went_down
AQMS,2026-05-13 19:45:00+00:00,2026-06-02 17:30:00+00:00,5.019999980926514,5.019999980926514,0.0,0.0,5.019999980926514,went_down
CISS,2026-05-13 19:00:00+00:00,2026-05-27 14:30:00+00:00,3.2100000381469727,3.2100000381469727,0.0,0.0,3.2100000381469727,went_down
APWC,2026-05-11 19:15:00+00:00,2026-06-22 19:45:00+00:00,1.4500000476837158,2.205198116230862,0.7551980685471462,52.082623704290754,2.26990008354187,peak_exit
BARK,2026-05-14 16:30:00+00:00,2026-06-11 16:00:00+00:00,9.350000381469727,10.601761259858272,1.251760878388545,13.387816334952712,10.710000038146973,peak_exit
ARTL,2026-05-14 16:45:00+00:00,2026-05-14 18:45:00+00:00,2.319999933242798,2.4084493322168687,0.08844939897407089,3.8124742034125867,2.4226999282836914,peak_exit
BGMS,2026-05-14 16:45:00+00:00,2026-06-05 18:00:00+00:00,1.0199999809265137,2.057109154912596,1.0371091739860825,101.67737189995118,2.240000009536743,peak_exit
ANNA,2026-05-14 16:45:00+00:00,2026-05-15 14:30:00+00:00,3.630000114440918,3.825263066821575,0.19526295238065705,5.379144524096823,3.838399887084961,peak_exit
BTBD,2026-05-14 16:45:00+00:00,2026-06-03 19:45:00+00:00,1.1100000143051147,1.227545181935221,0.11754516763010625,10.589654604976937,1.2400000095367432,peak_exit
AQMS,2026-05-14 19:45:00+00:00,2026-06-05 15:30:00+00:00,4.650000095367432,4.650000095367432,0.0,0.0,4.650000095367432,went_down
BCG,2026-05-15 16:30:00+00:00,2026-05-15 16:45:00+00:00,1.899999976158142,1.899999976158142,0.0,0.0,1.899999976158142,went_down
BNZI,2026-05-15 16:30:00+00:00,2026-05-15 19:45:00+00:00,5.910099983215332,7.917524934656693,2.0074249514413607,33.96600661820345,8.175000190734863,peak_exit
CETX,2026-05-15 16:30:00+00:00,2026-05-26 14:30:00+00:00,7.9830002784729,9.540045325961948,1.5570450474890478,19.504509497360324,9.779999732971191,peak_exit
CDTG,2026-05-15 17:30:00+00:00,2026-06-04 15:30:00+00:00,8.304999351501465,14.21008039596343,5.905081044461966,71.10272733970031,15.119999885559082,peak_exit
CHNR,2026-05-15 18:00:00+00:00,2026-06-04 19:30:00+00:00,4.0,4.697032337736527,0.6970323377365268,17.42580844341317,4.75,peak_exit
AIFA,2026-05-18 09:00:00,,,,,,,no_previous_day
AKTX,2026-05-15 19:45:00+00:00,2026-05-28 15:00:00+00:00,3.490000009536743,25.574890655156086,22.084890645619343,632.8048878300964,29.31999969482422,peak_exit
AMCI,2026-05-15 19:45:00+00:00,2026-06-04 15:15:00+00:00,5.0,5.541032319503068,0.541032319503068,10.82064639006136,5.592700004577637,peak_exit
AMBO,2026-05-18 19:45:00+00:00,2026-06-12 19:45:00+00:00,2.4644999504089355,2.6763528017966713,0.2118528513877358,8.596179981768023,2.700000047683716,peak_exit
CDIO,2026-05-19 16:00:00+00:00,2026-06-02 14:30:00+00:00,1.340000033378601,2.39095598892253,1.050955955543929,78.42954696755548,2.569999933242798,peak_exit
BLRX,2026-05-19 19:45:00+00:00,2026-06-12 15:15:00+00:00,2.680000066757202,3.541016538020237,0.861016471263035,32.12747947073241,3.5999999046325684,peak_exit
BNZI,2026-05-19 19:45:00+00:00,2026-06-15 15:30:00+00:00,3.8299999237060547,3.9898936735024177,0.15989374979636306,4.17477161831491,4.0,peak_exit
BDSX,2026-05-20 19:45:00+00:00,2026-06-22 19:45:00+00:00,14.399999618530273,17.360000610351562,2.960000991821289,20.555562987739854,14.399999618530273,went_down_no_cross
AEMD,2026-05-20 19:45:00+00:00,2026-06-04 16:30:00+00:00,2.059999942779541,2.195925702741362,0.13592575996182088,6.598338045505835,2.2100000381469727,peak_exit
AKTX,2026-05-20 19:45:00+00:00,2026-06-02 14:30:00+00:00,3.430000066757202,14.852346780929945,11.422346714172743,333.0130172554685,16.110000610351562,peak_exit
BESS,2026-05-20 19:45:00+00:00,2026-06-18 18:45:00+00:00,4.150000095367432,5.918444835394089,1.7684447400266574,42.613125286448536,6.199999809265137,peak_exit
AIFA,2026-05-21 22:30:00,,,,,,,no_previous_day
BQ,2026-05-21 19:45:00+00:00,2026-06-16 17:00:00+00:00,0.7200999855995178,1.0757649287575652,0.3556649431580474,49.39104989176458,1.1100000143051147,peak_exit
BLRX,2026-05-21 17:15:00+00:00,2026-06-22 14:30:00+00:00,2.805000066757202,3.285354876437528,0.48035480968032607,17.12494824414224,3.365000009536743,peak_exit
BIYA,2026-05-22 17:30:00+00:00,2026-05-26 18:45:00+00:00,1.2450000047683716,1.933636691292008,0.6886366865236364,55.31218344467036,2.0,peak_exit
AIFA,2026-05-26 09:00:00,,,,,,,no_previous_day
BLRX,2026-05-26 19:45:00+00:00,2026-06-22 19:30:00+00:00,3.1600000858306885,3.240000009536743,0.07999992370605469,2.531643086491392,3.1600000858306885,went_down_no_cross
BIYA,2026-05-26 19:45:00+00:00,2026-06-22 19:45:00+00:00,1.659999966621399,0.39660000801086426,-1.2633999586105347,-76.10843277195572,1.659999966621399,went_down_no_cross
ASTC,2026-05-26 19:45:00+00:00,2026-06-11 15:15:00+00:00,2.5,26.551827450237404,24.051827450237404,962.0730980094961,29.0,peak_exit
ACON,2026-05-27 19:45:00+00:00,2026-06-22 19:45:00+00:00,3.130000114440918,3.0299999713897705,-0.10000014305114746,-3.194892632424377,3.130000114440918,went_down_no_cross
ASBP,2026-05-27 19:45:00+00:00,2026-06-22 19:45:00+00:00,4.639999866485596,6.25,1.6100001335144043,34.69827973796564,4.639999866485596,went_down_no_cross
CDTG,2026-05-27 19:45:00+00:00,2026-06-09 16:15:00+00:00,9.0,9.0,0.0,0.0,9.0,went_down
ACON,2026-05-28 15:15:00+00:00,2026-06-04 16:45:00+00:00,3.319999933242798,3.5916103317830244,0.2716103985402265,8.181036265110162,3.6120998859405518,peak_exit
AKTX,2026-05-28 19:00:00+00:00,2026-05-28 19:15:00+00:00,23.610000610351562,24.390951704481974,0.7809510941304119,3.3077131467248324,24.44499969482422,peak_exit
AZI,2026-05-28 19:45:00+00:00,2026-06-16 19:30:00+00:00,1.2100000381469727,1.7192375731803526,0.50923753503338,42.08574537016052,1.7999999523162842,peak_exit
ADTX,2026-05-29 19:45:00+00:00,2026-06-22 19:45:00+00:00,0.11389999836683273,0.019500000402331352,-0.09439999796450138,-82.87971845308675,0.11389999836683273,went_down_no_cross
AIRE,2026-05-29 19:45:00+00:00,2026-06-22 19:45:00+00:00,2.505000114440918,2.1549999713897705,-0.35000014305114746,-13.972060960534636,2.505000114440918,went_down_no_cross
AEMD,2026-06-01 19:45:00+00:00,2026-06-22 19:45:00+00:00,2.4149999618530273,1.3949999809265137,-1.0199999809265137,-42.23602472208192,2.4149999618530273,went_down_no_cross
BJDX,2026-06-01 19:45:00+00:00,2026-06-16 19:30:00+00:00,2.119999885559082,4.686381320945484,2.5663814353864023,121.05573461904227,4.860000133514404,peak_exit
CABO,2026-06-05 19:45:00+00:00,2026-06-16 16:30:00+00:00,43.68000030517578,48.51573844126598,4.8357381360902,11.070828988792837,49.279998779296875,peak_exit
BJDX,2026-06-08 14:30:00+00:00,2026-06-08 18:45:00+00:00,5.260000228881836,5.424890799194868,0.16489057031303211,3.1348015805711156,5.440000057220459,peak_exit
AERT,2026-06-05 19:45:00+00:00,2026-06-22 17:15:00+00:00,6.379199981689453,7.309999942779541,0.9307999610900879,14.591170738679004,6.379199981689453,went_down_no_cross
ACON,2026-06-05 19:45:00+00:00,2026-06-22 19:45:00+00:00,3.569999933242798,3.0299999713897705,-0.5399999618530273,-15.126049634474924,3.569999933242798,went_down_no_cross
AMBO,2026-06-05 19:30:00+00:00,2026-06-22 19:45:00+00:00,2.2899999618530273,2.25,-0.039999961853027344,-1.7467232541200604,2.2899999618530273,went_down_no_cross
AIMD,2026-06-05 19:45:00+00:00,2026-06-22 19:45:00+00:00,1.9299999475479126,1.8899999856948853,-0.039999961853027344,-2.0725369399023954,1.9299999475479126,went_down_no_cross
BARK,2026-06-05 19:45:00+00:00,2026-06-22 19:45:00+00:00,9.154999732971191,9.029999732971191,-0.125,-1.365374152331429,9.154999732971191,went_down_no_cross
AIFA,2026-06-05 19:45:00+00:00,2026-06-18 17:15:00+00:00,2.075399875640869,2.5389391647857,0.46353928914483067,22.33493865858949,2.5799999237060547,peak_exit
BARK,2026-06-09 16:30:00+00:00,2026-06-11 16:00:00+00:00,9.90999984741211,10.61868675703045,0.7086869096183399,7.151230277802738,10.710000038146973,peak_exit
BODI,2026-06-09 16:30:00+00:00,2026-06-09 19:00:00+00:00,10.0,10.065501119327578,0.0655011193275783,0.6550111932757829,10.069999694824219,peak_exit
BARK,2026-06-10 14:30:00+00:00,2026-06-11 16:00:00+00:00,9.610099792480469,10.628482683508789,1.0183828910283204,10.597006410122459,10.710000038146973,peak_exit
ADTX,2026-06-09 19:45:00+00:00,2026-06-22 19:45:00+00:00,0.028200000524520874,0.019500000402331352,-0.008700000122189522,-30.851063689252673,0.028200000524520874,went_down_no_cross
ACON,2026-06-09 19:45:00+00:00,2026-06-22 19:45:00+00:00,3.2300000190734863,3.0299999713897705,-0.20000004768371582,-6.191951904108196,3.2300000190734863,went_down_no_cross
AEMD,2026-06-10 16:30:00+00:00,2026-06-10 18:30:00+00:00,2.0450000762939453,2.1891504016008394,0.1441503253068941,7.0489153999510235,2.2100000381469727,peak_exit
AUUD,2026-06-10 19:45:00+00:00,2026-06-22 19:45:00+00:00,1.2999999523162842,1.3799999952316284,0.08000004291534424,6.153849680748341,1.2999999523162842,went_down_no_cross
BYAH,2026-06-12 15:15:00+00:00,2026-06-12 15:30:00+00:00,2.360100030899048,2.4407382464964473,0.08063821559739948,3.4167287208873707,2.450000047683716,peak_exit
BNAI,2026-06-12 19:45:00+00:00,2026-06-22 19:45:00+00:00,21.325000762939453,19.485000610351562,-1.8400001525878906,-8.628370864049918,21.325000762939453,went_down_no_cross
CDIO,2026-06-12 19:45:00+00:00,2026-06-22 19:45:00+00:00,1.9738999605178833,2.009999990463257,0.036100029945373535,1.82886826422055,1.9738999605178833,went_down_no_cross
BYAH,2026-06-15 16:45:00+00:00,2026-06-16 19:00:00+00:00,1.510699987411499,1.5547240563031945,0.04402406889169552,2.9141503447768167,1.559999942779541,peak_exit
BARK,2026-06-15 19:45:00+00:00,2026-06-22 19:45:00+00:00,8.550000190734863,9.029999732971191,0.4799995422363281,5.61402960851949,8.550000190734863,went_down_no_cross
CIIT,2026-06-15 19:45:00+00:00,2026-06-22 19:45:00+00:00,1.4700000286102295,0.4869999885559082,-0.9830000400543213,-66.8707497226154,1.4700000286102295,went_down_no_cross
ADV,2026-06-15 19:45:00+00:00,2026-06-22 19:45:00+00:00,38.790000915527344,35.93000030517578,-2.8600006103515625,-7.373035686644508,38.790000915527344,went_down_no_cross
BNKK,2026-06-16 19:45:00+00:00,2026-06-22 19:45:00+00:00,1.340000033378601,1.5399999618530273,0.19999992847442627,14.92536742481697,1.340000033378601,went_down_no_cross
BIAF,2026-06-16 19:45:00+00:00,2026-06-22 19:45:00+00:00,0.949999988079071,0.8346999883651733,-0.1152999997138977,-12.136842227444426,0.949999988079071,went_down_no_cross
BIAF,2026-06-16 19:45:00+00:00,2026-06-22 19:45:00+00:00,0.949999988079071,0.8346999883651733,-0.1152999997138977,-12.136842227444426,0.949999988079071,went_down_no_cross
AIFA,2026-06-16 19:45:00+00:00,2026-06-22 19:45:00+00:00,2.200000047683716,2.3499999046325684,0.14999985694885254,6.818175168076966,2.200000047683716,went_down_no_cross
CDIO,2026-06-17 15:15:00+00:00,2026-06-17 17:45:00+00:00,2.0244998931884766,2.0804182157194986,0.055918322531022024,2.762080784452585,2.0899999141693115,peak_exit
CIIT,2026-06-17 17:15:00+00:00,2026-06-17 17:30:00+00:00,0.6438000202178955,0.6682235154798767,0.024423495261981176,3.7936462402898017,0.6700000166893005,peak_exit
BGMS,2026-06-17 19:45:00+00:00,2026-06-22 19:45:00+00:00,0.8148000240325928,0.6801000237464905,-0.1347000002861023,-16.531663759586998,0.8148000240325928,went_down_no_cross
BIAF,2026-06-17 19:45:00+00:00,2026-06-22 19:45:00+00:00,0.838699996471405,0.8346999883651733,-0.0040000081062316895,-0.47692954847509256,0.838699996471405,went_down_no_cross
CIIT,2026-06-22 17:15:00+00:00,2026-06-22 17:45:00+00:00,0.48559999465942383,0.4978083964135989,0.012208401754175091,2.514086056104154,0.49900001287460327,peak_exit
CDIO,2026-06-23 15:10:00,,,,,,,no_bars_after_news
