ticker,entry_time,exit_time,entry_price,exit_price,peak_price,pnl,pnl_pct,peak_capture,vpin_at_entry,exit_reason,status
BAOS,2021-12-15 09:01:00,,,,,,,,,,no_previous_day
BAOS,2026-04-27 14:30:00+00:00,,2.6700000762939453,,,,,,0.0,,low_vpin
BAOS,2026-04-27 14:30:00+00:00,,2.6700000762939453,,,,,,0.0,,low_vpin
BAOS,2026-04-27 14:30:00+00:00,,2.6700000762939453,,,,,,0.0,,low_vpin
BAOS,2022-12-21 08:00:00,,,,,,,,,,no_previous_day
BAOS,2023-03-21 13:00:00,,,,,,,,,,no_previous_day
BAOS,2024-05-31 01:30:00,,,,,,,,,,no_previous_day
AIHS,2024-06-27 21:52:00,,,,,,,,,,no_previous_day
CHNR,2024-07-11 08:10:00,,,,,,,,,,no_previous_day
CCTG,2026-04-27 14:30:00+00:00,,0.6150000095367432,0.6198999881744385,4.5,0.0048999786376953125,0.7967444815791604,0.12612557656946163,1.0,volume_divergence,completed
CHNR,2024-12-31 07:55:00,,,,,,,,,,no_previous_day
BGI,2026-04-27 15:15:00+00:00,,0.6899999976158142,,,,,,0.0,,low_vpin
ADVB,2025-03-06 09:02:00,,,,,,,,,,no_previous_day
ADVB,2025-03-07 12:29:00,,,,,,,,,,no_previous_day
AIOS,2026-04-27 15:15:00+00:00,,7.409999847412109,,,,,,0.0,,low_vpin
AIOS,2025-04-29 22:10:00,,,,,,,,,,no_previous_day
CLWT,2026-04-27 19:00:00+00:00,,1.2649999856948853,,,,,,0.0,,low_vpin
CDTG,2025-05-15 07:15:00,,,,,,,,,,no_previous_day
ATXG,2025-05-15 09:20:00,,,,,,,,,,no_previous_day
CHNR,2026-04-27 16:45:00+00:00,,4.070000171661377,,,,,,0.0,,low_vpin
BGI,2026-04-27 15:15:00+00:00,,0.6899999976158142,,,,,,0.0,,low_vpin
ATXG,2025-05-21 10:00:00,,,,,,,,,,no_previous_day
CHNR,2026-04-27 16:45:00+00:00,,4.070000171661377,,,,,,0.0,,low_vpin
BGI,2025-06-09 07:30:00,,,,,,,,,,no_previous_day
CHNR,2026-04-27 16:45:00+00:00,,4.070000171661377,,,,,,0.0,,low_vpin
BGI,2026-04-27 15:15:00+00:00,,0.6899999976158142,,,,,,0.0,,low_vpin
BGI,2025-07-09 07:47:00,,,,,,,,,,no_previous_day
BGMS,2025-07-16 09:00:00,,,,,,,,,,no_previous_day
CCTG,2026-04-27 14:30:00+00:00,,0.6150000095367432,0.6198999881744385,4.5,0.0048999786376953125,0.7967444815791604,0.12612557656946163,1.0,volume_divergence,completed
BQ,2025-07-21 09:00:00,,,,,,,,,,no_previous_day
AIHS,2025-07-24 09:00:00,,,,,,,,,,no_previous_day
BGI,2026-04-27 15:15:00+00:00,,0.6899999976158142,,,,,,0.0,,low_vpin
BBGI,2025-08-13 03:10:00,,,,,,,,,,no_previous_day
BTOG,2025-08-13 10:30:00,,,,,,,,,,no_previous_day
BGMS,2026-04-27 14:30:00+00:00,,0.9950000047683716,0.9799000024795532,2.240000009536743,-0.01510000228881836,-1.5175881624577001,-1.2128515848180794,1.0,volume_divergence,completed
BTOG,2026-04-27 14:30:00+00:00,,2.049999952316284,2.015000104904175,2.2625999450683594,-0.034999847412109375,-1.707309669571613,-16.462769804947577,1.0,volume_divergence,completed
APWC,2026-04-27 14:30:00+00:00,,1.382699966430664,,,,,,0.0,,low_vpin
AIHS,2025-09-03 10:30:00,,,,,,,,,,no_previous_day
BGMS,2025-09-12 06:00:00,,,,,,,,,,no_previous_day
CCTG,2025-10-01 08:42:00,,,,,,,,,,no_previous_day
CCTG,2026-04-27 14:30:00+00:00,,0.6150000095367432,0.6198999881744385,4.5,0.0048999786376953125,0.7967444815791604,0.12612557656946163,1.0,volume_divergence,completed
CIIT,2026-04-27 15:00:00+00:00,,1.440000057220459,,,,,,0.0,,low_vpin
ABTS,2025-10-10 08:00:00,,,,,,,,,,no_previous_day
BTOG,2025-10-14 07:00:00,,,,,,,,,,no_previous_day
CLIK,2025-10-14 09:00:00,,,,,,,,,,no_previous_day
ACCL,2025-10-17 10:50:00,,,,,,,,,,no_previous_day
ACCL,2026-04-27 14:30:00+00:00,,1.4019999504089355,1.409999966621399,2.1600000858306885,0.008000016212463379,0.5706145859798306,1.0554109212674683,0.6000047683761294,volume_divergence,completed
AHMA,2026-04-27 14:30:00+00:00,,1.0700000524520874,,,,,,0.0,,low_vpin
BYAH,2025-10-24 09:26:00,,,,,,,,,,no_previous_day
BQ,2025-11-03 12:36:00,,,,,,,,,,no_previous_day
BBGI,2026-04-27 14:30:00+00:00,,22.799999237060547,22.010000228881836,24.989999771118164,-0.7899990081787109,-3.464908046552024,-36.07300527525473,0.5605948975606667,momentum_reversal,completed
BQ,2026-04-27 14:30:00+00:00,,0.7599999904632568,0.7655500173568726,1.2999999523162842,0.005550026893615723,0.7302667056920241,1.0277828306821775,1.0,volume_divergence,completed
AHMA,2025-11-05 05:00:00,,,,,,,,,,no_previous_day
CHR,2025-11-05 12:42:00,,,,,,,,,,no_previous_day
BBGI,2025-11-10 07:00:00,,,,,,,,,,no_previous_day
ANNA,2025-11-12 07:00:00,,,,,,,,,,no_previous_day
BGMS,2026-04-27 14:30:00+00:00,,0.9950000047683716,0.9799000024795532,2.240000009536743,-0.01510000228881836,-1.5175881624577001,-1.2128515848180794,1.0,volume_divergence,completed
BCG,2026-04-27 14:30:00+00:00,,1.9199999570846558,,,,,,0.3019200402773646,,low_vpin
APWC,2025-11-14 08:00:00,,,,,,,,,,no_previous_day
AIHS,2025-11-14 09:15:00,,,,,,,,,,no_previous_day
CHR,2025-11-18 08:00:00,,,,,,,,,,no_previous_day
ACCL,2026-04-27 14:30:00+00:00,,1.4019999504089355,1.409999966621399,2.1600000858306885,0.008000016212463379,0.5706145859798306,1.0554109212674683,0.6000047683761294,volume_divergence,completed
AIHS,2026-04-27 18:15:00+00:00,,1.2200000286102295,1.25,1.5399999618530273,0.029999971389770508,2.459013990675489,9.374993015079234,1.0,momentum_reversal,completed
CHR,2026-04-27 14:30:00+00:00,,1.659999966621399,1.6699999570846558,2.880000114440918,0.009999990463256836,0.6024090761646119,0.8196712501330111,1.0,volume_divergence,completed
ABTS,2025-11-24 08:00:00,,,,,,,,,,no_previous_day
BCG,2025-11-25 12:30:00,,,,,,,,,,no_previous_day
CDTG,2025-11-28 09:00:00,,,,,,,,,,no_previous_day
APWC,2026-04-27 14:30:00+00:00,,1.382699966430664,,,,,,0.0,,low_vpin
CIIT,2026-04-27 15:00:00+00:00,,1.440000057220459,,,,,,0.0,,low_vpin
APWC,2025-12-18 08:00:00,,,,,,,,,,no_previous_day
CHR,2025-12-19 07:00:00,,,,,,,,,,no_previous_day
CCTG,2026-04-27 14:30:00+00:00,,0.6150000095367432,0.6198999881744385,4.5,0.0048999786376953125,0.7967444815791604,0.12612557656946163,1.0,volume_divergence,completed
CDTG,2025-12-23 09:03:00,,,,,,,,,,no_previous_day
CCTG,2026-04-27 14:30:00+00:00,,0.6150000095367432,0.6198999881744385,4.5,0.0048999786376953125,0.7967444815791604,0.12612557656946163,1.0,volume_divergence,completed
CCHH,2025-12-31 01:24:00,,,,,,,,,,no_previous_day
CCHH,2025-12-31 01:27:00,,,,,,,,,,no_previous_day
CCHH,2025-12-31 01:31:00,,,,,,,,,,no_previous_day
CHNR,2025-12-31 08:00:00,,,,,,,,,,no_previous_day
ADVB,2025-12-31 10:25:00,,,,,,,,,,no_previous_day
BQ,2026-04-27 14:30:00+00:00,,0.7599999904632568,0.7655500173568726,1.2999999523162842,0.005550026893615723,0.7302667056920241,1.0277828306821775,1.0,volume_divergence,completed
CDTG,2026-01-06 08:00:00,,,,,,,,,,no_previous_day
BTBD,2026-01-06 11:00:00,,,,,,,,,,no_previous_day
CDTG,2026-01-07 08:22:00,,,,,,,,,,no_previous_day
AMCI,2026-01-09 07:30:00,,,,,,,,,,no_previous_day
BTOG,2026-01-15 11:30:00,,,,,,,,,,no_previous_day
ANNA,2026-01-20 07:00:00,,,,,,,,,,no_previous_day
AGMH,2026-01-20 08:00:00,,,,,,,,,,no_previous_day
CCTG,2026-04-27 14:30:00+00:00,,0.6150000095367432,0.6198999881744385,4.5,0.0048999786376953125,0.7967444815791604,0.12612557656946163,1.0,volume_divergence,completed
BENF,2026-01-21 07:00:00,,,,,,,,,,no_previous_day
AMCI,2026-01-21 10:00:00,,,,,,,,,,no_previous_day
BH,2026-01-23 05:46:00,,,,,,,,,,no_previous_day
AGMH,2026-04-27 14:30:00+00:00,,0.8615000247955322,0.8626000285148621,1.4500000476837158,0.001100003719329834,0.12768469967147222,0.18691651258250458,1.0,volume_divergence,completed
BJDX,2026-01-27 08:00:00,,,,,,,,,,no_previous_day
APWC,2026-01-28 09:00:00,,,,,,,,,,no_previous_day
BYAH,2026-04-27 14:30:00+00:00,,1.1100000143051147,,,,,,0.0,,low_vpin
ATPC,2026-01-29 08:27:00,,,,,,,,,,no_previous_day
AIOS,2026-04-27 15:15:00+00:00,,7.409999847412109,,,,,,0.0,,low_vpin
AHMA,2026-02-05 07:30:00,,,,,,,,,,no_previous_day
BNBX,2026-02-05 08:00:00,,,,,,,,,,no_previous_day
ATPC,2026-02-05 09:00:00,,,,,,,,,,no_previous_day
ATPC,2026-02-06 11:00:00,,,,,,,,,,no_previous_day
BGDE,2026-02-07 10:30:00,,,,,,,,,,no_previous_day
AIRE,2026-02-09 08:30:00,,,,,,,,,,no_previous_day
CCHH,2026-02-10 00:03:00,,,,,,,,,,no_previous_day
AIOS,2026-02-10 06:15:00,,,,,,,,,,no_previous_day
BNKK,2026-02-10 08:50:00,,,,,,,,,,no_previous_day
AXIL,2026-04-27 15:15:00+00:00,,6.769999980926514,,,,,,0.0,,low_vpin
BTTC,2026-02-11 00:00:00,,,,,,,,,,no_previous_day
AXIL,2026-02-11 04:56:00,,,,,,,,,,no_previous_day
BENF,2026-04-27 14:30:00+00:00,,3.434799909591675,3.4100000858306885,3.869999885559082,-0.024799823760986328,-0.7220165486709386,-5.698489230349503,0.5200152588036145,volume_divergence,completed
AMBO,2026-04-27 14:30:00+00:00,,2.299999952316284,,,,,,0.0,,low_vpin
CISS,2026-02-16 08:15:00,,,,,,,,,,no_previous_day
CETX,2026-04-27 14:30:00+00:00,,10.850000381469727,10.850000381469727,11.549999237060547,0.0,0.0,0.0,1.0,momentum_reversal,completed
BENF,2026-04-27 14:30:00+00:00,,3.434799909591675,3.4100000858306885,3.869999885559082,-0.024799823760986328,-0.7220165486709386,-5.698489230349503,0.5200152588036145,volume_divergence,completed
BENF,2026-02-18 00:02:00,,,,,,,,,,no_previous_day
ADVB,2026-02-18 07:00:00,,,,,,,,,,no_previous_day
CISS,2026-02-19 09:10:00,,,,,,,,,,no_previous_day
BJDX,2026-02-20 06:30:00,,,,,,,,,,no_previous_day
CISS,2026-02-20 08:30:00,,,,,,,,,,no_previous_day
AEMD,2026-02-23 08:01:00,,,,,,,,,,no_previous_day
BGLC,2026-02-23 08:30:00,,,,,,,,,,no_previous_day
ABTS,2026-02-23 09:00:00,,,,,,,,,,no_previous_day
ABTS,2026-02-24 09:11:00,,,,,,,,,,no_previous_day
ALGS,2026-02-26 08:00:00,,,,,,,,,,no_previous_day
APWC,2026-02-26 09:15:00,,,,,,,,,,no_previous_day
AIRE,2026-02-27 08:30:00,,,,,,,,,,no_previous_day
BH,2026-02-28 09:44:00,,,,,,,,,,no_previous_day
AERT,2026-03-02 08:00:00,,,,,,,,,,no_previous_day
BH,2026-03-03 00:58:00,,,,,,,,,,no_previous_day
ADV,2026-03-03 07:00:00,,,,,,,,,,no_previous_day
CLWT,2026-03-03 07:00:00,,,,,,,,,,no_previous_day
AEHL,2026-03-03 10:19:00,,,,,,,,,,no_previous_day
ADV,2026-03-03 11:18:00,,,,,,,,,,no_previous_day
ADV,2026-03-03 12:31:00,,,,,,,,,,no_previous_day
AERT,2026-03-04 08:00:00,,,,,,,,,,no_previous_day
AXIL,2026-03-04 08:00:00,,,,,,,,,,no_previous_day
BH,2026-03-04 11:01:00,,,,,,,,,,no_previous_day
BELFA,2026-04-27 14:45:00+00:00,,237.4949951171875,234.4199981689453,276.2049865722656,-3.0749969482421875,-1.2947628419390007,-7.943677672496095,1.0,volume_divergence,completed
BJDX,2026-03-06 06:30:00,,,,,,,,,,no_previous_day
ADIL,2026-03-06 08:00:00,,,,,,,,,,no_previous_day
AMCI,2026-03-06 08:30:00,,,,,,,,,,no_previous_day
ADV,2026-03-09 10:51:00,,,,,,,,,,no_previous_day
BNAI,2026-03-09 13:28:00,,,,,,,,,,no_previous_day
AZI,2026-04-27 14:30:00+00:00,,1.3600000143051147,,,,,,0.0,,low_vpin
AZI,2026-03-09 21:19:00,,,,,,,,,,no_previous_day
BGLC,2026-03-11 08:45:00,,,,,,,,,,no_previous_day
BJDX,2026-03-12 06:30:00,,,,,,,,,,no_previous_day
BKTI,2026-03-12 07:05:00,,,,,,,,,,no_previous_day
BENF,2026-03-12 07:30:00,,,,,,,,,,no_previous_day
AXIL,2026-03-12 08:00:00,,,,,,,,,,no_previous_day
CETX,2026-03-12 08:00:00,,,,,,,,,,no_previous_day
BNRG,2026-03-12 08:07:00,,,,,,,,,,no_previous_day
BKTI,2026-03-12 12:49:00,,,,,,,,,,no_previous_day
BTTC,2026-03-13 10:00:00,,,,,,,,,,no_previous_day
AEMD,2026-03-13 12:02:00,,,,,,,,,,no_previous_day
CIIT,2026-04-27 15:00:00+00:00,,1.440000057220459,,,,,,0.0,,low_vpin
CHR,2026-04-27 14:30:00+00:00,,1.659999966621399,1.6699999570846558,2.880000114440918,0.009999990463256836,0.6024090761646119,0.8196712501330111,1.0,volume_divergence,completed
BKTI,2026-04-27 14:30:00+00:00,,94.52999877929688,94.19499969482422,97.80999755859375,-0.33499908447265625,-0.354383887441692,-10.213390522799804,1.0,momentum_reversal,completed
AHMA,2026-03-18 06:00:00,,,,,,,,,,no_previous_day
BNZI,2026-03-18 08:31:00,,,,,,,,,,no_previous_day
AZI,2026-04-27 14:30:00+00:00,,1.3600000143051147,,,,,,0.0,,low_vpin
BARK,2026-03-20 08:55:00,,,,,,,,,,no_previous_day
CHR,2026-03-23 08:00:00,,,,,,,,,,no_previous_day
BTBD,2026-03-24 07:00:00,,,,,,,,,,no_previous_day
BTBD,2026-04-27 14:30:00+00:00,,1.809999942779541,,,,,,0.0,,low_vpin
BNRG,2026-04-27 14:45:00+00:00,,3.0450000762939453,,,,,,0.0,,low_vpin
BLRX,2026-03-25 21:01:00,,,,,,,,,,no_previous_day
ARTL,2026-03-27 10:30:00,,,,,,,,,,no_previous_day
ARTL,2026-03-27 10:40:00,,,,,,,,,,no_previous_day
AZI,2026-03-29 10:00:00,,,,,,,,,,no_previous_day
AMBO,2026-03-30 08:30:00,,,,,,,,,,no_previous_day
BGMS,2026-04-27 14:30:00+00:00,,0.9950000047683716,0.9799000024795532,2.240000009536743,-0.01510000228881836,-1.5175881624577001,-1.2128515848180794,1.0,volume_divergence,completed
ARTL,2026-04-27 14:30:00+00:00,,4.010000228881836,,,,,,2.3841880647523794e-05,,low_vpin
ANNA,2026-04-27 14:30:00+00:00,,3.809999942779541,3.9149999618530273,4.099899768829346,0.10500001907348633,2.755906053817019,36.21941430742609,0.6917782214111624,momentum_divergence,completed
BNZI,2026-04-27 14:30:00+00:00,,9.055999755859375,,,,,,0.14832365590171223,,low_vpin
BKTI,2026-04-27 14:30:00+00:00,,94.52999877929688,94.19499969482422,97.80999755859375,-0.33499908447265625,-0.354383887441692,-10.213390522799804,1.0,momentum_reversal,completed
BCG,2026-04-27 14:30:00+00:00,,1.9199999570846558,,,,,,0.3019200402773646,,low_vpin
AXIL,2026-04-01 08:00:00,,,,,,,,,,no_previous_day
AQMS,2026-04-01 08:30:00,,,,,,,,,,no_previous_day
BCG,2026-04-01 10:30:00,,,,,,,,,,no_previous_day
CHR,2026-04-02 08:00:00,,,,,,,,,,no_previous_day
AIOS,2026-04-27 15:15:00+00:00,,7.409999847412109,,,,,,0.0,,low_vpin
BBGI,2026-04-27 14:30:00+00:00,,22.799999237060547,22.010000228881836,24.989999771118164,-0.7899990081787109,-3.464908046552024,-36.07300527525473,0.5605948975606667,momentum_reversal,completed
CHR,2026-04-06 08:00:00,,,,,,,,,,no_previous_day
AQMS,2026-04-06 11:00:00,,,,,,,,,,no_previous_day
CETX,2026-04-07 10:30:00,,,,,,,,,,no_previous_day
BLRX,2026-04-08 02:30:00,,,,,,,,,,no_previous_day
BBGI,2026-04-08 07:00:00,,,,,,,,,,no_previous_day
AXIL,2026-04-08 08:10:00,,,,,,,,,,no_previous_day
BBGI,2026-04-27 14:30:00+00:00,,22.799999237060547,22.010000228881836,24.989999771118164,-0.7899990081787109,-3.464908046552024,-36.07300527525473,0.5605948975606667,momentum_reversal,completed
BCG,2026-04-27 14:30:00+00:00,,1.9199999570846558,,,,,,0.3019200402773646,,low_vpin
BENF,2026-04-10 07:30:00,,,,,,,,,,no_previous_day
BQ,2026-04-27 14:30:00+00:00,,0.7599999904632568,0.7655500173568726,1.2999999523162842,0.005550026893615723,0.7302667056920241,1.0277828306821775,1.0,volume_divergence,completed
CHR,2026-04-14 08:00:00,,,,,,,,,,no_previous_day
BTBD,2026-04-14 10:30:00,,,,,,,,,,no_previous_day
BTTC,2026-04-15 10:00:00,,,,,,,,,,no_previous_day
BELFA,2026-04-27 14:45:00+00:00,,237.4949951171875,234.4199981689453,276.2049865722656,-3.0749969482421875,-1.2947628419390007,-7.943677672496095,1.0,volume_divergence,completed
BTOG,2026-04-16 10:30:00,,,,,,,,,,no_previous_day
ACXP,2026-04-27 14:30:00+00:00,,2.0,,,,,,0.3333333333333333,,low_vpin
CABO,2026-04-27 14:30:00+00:00,,100.99500274658203,103.9000015258789,104.55000305175781,2.904998779296875,2.8763787319122467,81.71585175583364,1.0,momentum_divergence,completed
ASBP,2026-04-17 08:00:00,,,,,,,,,,no_previous_day
BDSX,2026-04-20 06:00:00,,,,,,,,,,no_previous_day
ACXP,2026-04-20 08:00:00,,,,,,,,,,no_previous_day
BKTI,2026-04-20 08:10:00,,,,,,,,,,no_previous_day
BKTI,2026-04-20 10:10:00,,,,,,,,,,no_previous_day
ARTL,2026-04-20 10:30:00,,,,,,,,,,no_previous_day
BNBX,2026-04-20 10:30:00,,,,,,,,,,no_previous_day
AMCI,2026-04-27 14:30:00+00:00,,6.920000076293945,7.0671000480651855,7.21999979019165,0.14709997177124023,2.1257221119861702,49.033370685613015,1.0,volume_divergence,completed
BIYA,2026-04-21 10:30:00,,,,,,,,,,no_previous_day
ADV,2026-04-22 07:00:00,,,,,,,,,,no_previous_day
BTTC,2026-04-23 00:00:00,,,,,,,,,,no_previous_day
AIHS,2026-04-23 08:00:00,,,,,,,,,,no_previous_day
BDSX,2026-04-23 12:33:00,,,,,,,,,,no_previous_day
ALGS,2026-04-24 08:00:00,,,,,,,,,,no_previous_day
ACXP,2026-04-27 08:00:00,,,,,,,,,,no_previous_day
ASBP,2026-04-27 08:30:00,,,,,,,,,,no_previous_day
ADTX,2026-04-27 10:30:00,,,,,,,,,,no_previous_day
CHSN,2026-04-27 10:30:00,,,,,,,,,,no_previous_day
AIRE,2026-04-27 19:45:00+00:00,,6.660000324249268,4.619999885559082,6.742499828338623,-2.0400004386901855,-30.63063572628489,-2472.742668223381,0.8359449850075478,momentum_reversal,completed
AIRE,2026-04-27 19:45:00+00:00,,6.660000324249268,4.619999885559082,6.742499828338623,-2.0400004386901855,-30.63063572628489,-2472.742668223381,0.8359449850075478,momentum_reversal,completed
BIYA,2026-04-27 19:45:00+00:00,,0.7570000290870667,1.5700000524520874,2.380000114440918,0.8130000233650208,107.39762115273489,50.09242024702469,0.6271159508065356,momentum_reversal,completed
CHSN,2026-04-27 19:45:00+00:00,,5.299999713897705,3.869999885559082,5.600000381469727,-1.429999828338623,-26.981130293061433,-476.6655487509278,0.4414363780716203,momentum_reversal,completed
BBGI,2026-04-28 19:45:00+00:00,,22.540000915527344,21.25,24.989999771118164,-1.2900009155273438,-5.723162658075531,-52.65312318753138,0.6345203858946555,momentum_reversal,completed
ACXP,2026-04-28 19:45:00+00:00,,2.049999952316284,1.9950000047683716,2.2999000549316406,-0.0549999475479126,-2.68292433303564,-22.008773494810416,0.6015197415985425,momentum_divergence,completed
APWC,2026-04-28 19:45:00+00:00,,1.5800000429153442,,,,,,0.27272745334722176,,low_vpin
CHSN,2026-04-28 19:45:00+00:00,,3.819999933242798,3.1700000762939453,4.0,-0.6499998569488525,-17.01570335884974,-361.11089771184476,0.4924988618718529,momentum_reversal,completed
BELFA,2026-04-29 18:00:00+00:00,,227.5,230.05999755859375,276.2049865722656,2.55999755859375,1.125273652129121,5.256130303609416,0.4590322898208309,momentum_divergence,completed
BKTI,2026-04-29 19:45:00+00:00,,91.22000122070312,92.55000305175781,97.80999755859375,1.3300018310546875,1.4580155812942839,20.182133082647574,0.4,volume_divergence,completed
CHSN,2026-04-29 19:45:00+00:00,,3.2900002002716064,2.820000171661377,3.3500001430511475,-0.4700000286102295,-14.285714285714285,-783.3341280626883,0.5184292835441733,momentum_reversal,completed
BIYA,2026-04-29 19:45:00+00:00,,1.8849999904632568,2.130000114440918,2.380000114440918,0.24500012397766113,12.997354122927607,49.49496214443731,0.4842237043037529,momentum_reversal,completed
CABO,2026-04-29 19:45:00+00:00,,90.06999969482422,94.15989685058594,95.55999755859375,4.089897155761719,4.540798456333003,74.49724493979168,0.5741376788215244,volume_divergence,completed
ALGS,2026-04-30 16:30:00+00:00,,6.050000190734863,6.079999923706055,6.849999904632568,0.029999732971191406,0.495863339262928,3.7499679624919757,0.5853041047928372,volume_divergence,completed
AHMA,2026-04-30 16:45:00+00:00,,1.1309000253677368,1.1349999904632568,5.400000095367432,0.0040999650955200195,0.3625400126935912,0.09603815858831138,0.6543107171145264,momentum_reversal,completed
CABO,2026-04-30 16:45:00+00:00,,92.63999938964844,92.58499908447266,95.55999755859375,-0.05500030517578125,-0.059369932575719514,-1.8835732761999322,0.4139922524733041,volume_divergence,completed
AHMA,2026-04-30 16:45:00+00:00,,1.1309000253677368,1.1349999904632568,5.400000095367432,0.0040999650955200195,0.3625400126935912,0.09603815858831138,0.6543107171145264,momentum_reversal,completed
BIYA,2026-04-30 16:45:00+00:00,,2.0,,,,,,0.3580614167497187,,low_vpin
CLWT,2026-05-01 14:45:00+00:00,,1.2000000476837158,,,,,,0.25,,low_vpin
BESS,2026-04-30 19:45:00+00:00,,2.509999990463257,2.5999999046325684,6.199999809265137,0.08999991416931152,3.585653964592276,2.439022183977612,0.5558822828179981,volume_divergence,completed
AIRE,2026-04-30 19:45:00+00:00,,3.059999942779541,3.3125,3.4800000190734863,0.252500057220459,8.251636011179182,60.119050322205624,0.7683366517250307,momentum_reversal,completed
BELFA,2026-04-30 19:45:00+00:00,,244.2899932861328,252.8300018310547,276.2049865722656,8.540008544921875,3.4958486960696358,26.75860987453988,0.43688646548762716,volume_divergence,completed
CABO,2026-04-30 19:45:00+00:00,,91.62999725341797,75.05000305175781,95.00250244140625,-16.579994201660156,-18.094504745869884,-491.6224965557493,0.5576912241810619,momentum_reversal,completed
APWC,2026-04-30 19:45:00+00:00,,1.5299999713897705,,,,,,0.250000099340972,,low_vpin
BDSX,2026-04-30 19:45:00+00:00,,11.083000183105469,11.34000015258789,18.219999313354492,0.2569999694824219,2.318866419168552,3.600952792514277,0.6430683847904513,volume_divergence,completed
CHSN,2026-04-30 19:45:00+00:00,,2.8299999237060547,3.2900002002716064,3.3500001430511475,0.46000027656555176,16.25442717196804,88.46155433259104,0.562505632140616,momentum_divergence,completed
BNAI,2026-05-01 18:45:00+00:00,,27.899999618530273,27.309999465942383,30.899900436401367,-0.5900001525878906,-2.1146959163255032,-19.667321968550596,0.6488961812397545,momentum_reversal,completed
CABO,2026-05-04 14:30:00+00:00,,72.0,74.29000091552734,74.6500015258789,2.2900009155273438,3.1805568271213107,86.4150791297313,0.6048226784088143,volume_divergence,completed
ACXP,2026-05-01 19:45:00+00:00,,2.1449999809265137,2.170099973678589,2.2200000286102295,0.025099992752075195,1.1701628426697457,33.466635725252964,0.7145123992725535,momentum_reversal,completed
CHSN,2026-05-01 19:45:00+00:00,,2.930000066757202,2.9700000286102295,3.0999999046325684,0.039999961853027344,1.3651863802616762,23.52941176470588,0.4846992344959542,momentum_reversal,completed
BDSX,2026-05-04 16:30:00+00:00,,11.279999732971191,11.444999694824219,18.219999313354492,0.16499996185302734,1.462765653892137,2.3775212079179155,0.6925770387121175,momentum_reversal,completed
BARK,2026-05-04 16:45:00+00:00,,9.305000305175781,9.380000114440918,10.710000038146973,0.07499980926513672,0.806016193502101,5.3380657309117465,0.4483354869399113,volume_divergence,completed
BDSX,2026-05-05 14:30:00+00:00,,14.720000267028809,14.425000190734863,18.219999313354492,-0.2950000762939453,-2.0040765689027413,-8.428575905003113,0.6809316792738994,momentum_reversal,completed
BODI,2026-05-04 19:45:00+00:00,,13.5,14.229900360107422,15.260000228881836,0.7299003601074219,5.406669334129051,41.471605976502765,0.623195621724259,volume_divergence,completed
CHSN,2026-05-04 19:45:00+00:00,,2.990000009536743,2.0799999237060547,3.0399999618530273,-0.9100000858306885,-30.434785382214084,-1820.0019073504518,0.5306645213021992,momentum_reversal,completed
BIYA,2026-05-04 19:45:00+00:00,,1.149899959564209,1.6299999952316284,2.0,0.48010003566741943,41.75146121836273,56.47571024950232,0.6940384054836295,momentum_reversal,completed
CHSN,2026-05-04 19:45:00+00:00,,2.990000009536743,2.0799999237060547,3.0399999618530273,-0.9100000858306885,-30.434785382214084,-1820.0019073504518,0.5306645213021992,momentum_reversal,completed
ADV,2026-05-05 19:45:00+00:00,,38.04999923706055,39.380001068115234,45.625,1.3300018310546875,3.4954056707556282,17.557778179530967,0.587214737972283,volume_divergence,completed
BNZI,2026-05-05 19:45:00+00:00,,5.644000053405762,4.375999927520752,8.175000190734863,-1.2680001258850098,-22.466337949799627,-50.098777443097944,0.518011861113844,momentum_reversal,completed
CHSN,2026-05-05 19:45:00+00:00,,2.180000066757202,1.6399999856948853,2.200000047683716,-0.5400000810623169,-24.770645161748956,-2700.002980235081,0.5275213186271656,momentum_reversal,completed
ADV,2026-05-06 17:15:00+00:00,,40.720001220703125,41.63999938964844,45.625,0.9199981689453125,2.25932745914939,18.756338387452015,0.6194144420160825,momentum_divergence,completed
ASBP,2026-05-06 19:45:00+00:00,,0.19050000607967377,0.21770000457763672,7.050000190734863,0.02719999849796295,14.278213978947047,0.39653032678400935,0.6518907580563503,momentum_reversal,completed
ASBP,2026-05-06 19:45:00+00:00,,0.19050000607967377,0.21770000457763672,7.050000190734863,0.02719999849796295,14.278213978947047,0.39653032678400935,0.6518907580563503,momentum_reversal,completed
BJDX,2026-05-07 16:30:00+00:00,,1.7100000381469727,,,,,,0.35538299419570973,,low_vpin
BBGI,2026-05-07 16:30:00+00:00,,16.774999618530273,16.860000610351562,24.989999771118164,0.08500099182128906,0.5067123323650862,1.034704689500365,0.52466300238052,momentum_reversal,completed
AQMS,2026-05-07 16:45:00+00:00,,5.130000114440918,5.150000095367432,5.289999961853027,0.019999980926513672,0.38986316725829795,12.5,0.7676242976159255,momentum_reversal,completed
CCHH,2026-05-07 18:00:00+00:00,,0.4699000120162964,,,,,,0.31969687391345575,,low_vpin
BH,2026-05-08 16:45:00+00:00,,301.7900085449219,301.20001220703125,348.6600036621094,-0.589996337890625,-0.1954989632477522,-1.2587932565716653,0.6326178874546973,volume_divergence,completed
AIMD,2026-05-08 19:45:00+00:00,,1.7000000476837158,,,,,,0.3,,low_vpin
ADIL,2026-05-08 19:30:00+00:00,,1.440000057220459,1.4501999616622925,5.159999847412109,0.010199904441833496,0.7083266692031753,0.2741909950835779,0.6097901991056677,momentum_reversal,completed
AMBO,2026-05-11 17:15:00+00:00,,2.2300000190734863,,,,,,0.15,,low_vpin
AIFA,2026-05-27 14:30:00+00:00,,3.697199821472168,3.643200159072876,3.7680001258850098,-0.05399966239929199,-1.460555690976696,-76.27038167013517,1.0,volume_divergence,completed
ACXP,2026-05-11 19:45:00+00:00,,2.1600000858306885,1.9235999584197998,2.190000057220459,-0.23640012741088867,-10.944449908203332,-788.0011761994454,0.5359988370604337,momentum_reversal,completed
ACXP,2026-05-11 19:45:00+00:00,,2.1600000858306885,1.9235999584197998,2.190000057220459,-0.23640012741088867,-10.944449908203332,-788.0011761994454,0.5359988370604337,momentum_reversal,completed
BODI,2026-05-12 16:30:00+00:00,,12.279999732971191,12.395000457763672,13.920000076293945,0.11500072479248047,0.9364880072733978,7.012237848650754,0.7862516395029303,volume_divergence,completed
BELFA,2026-05-12 17:30:00+00:00,,266.54998779296875,266.6199951171875,273.7550048828125,0.07000732421875,0.026264238388607683,0.9716468864096504,0.44721307454785925,momentum_reversal,completed
BNZI,2026-05-12 18:30:00+00:00,,4.815000057220459,4.849999904632568,8.175000190734863,0.034999847412109375,0.7268919417690233,1.0416620839684656,0.76527721672402,momentum_divergence,completed
ALGS,2026-05-12 19:45:00+00:00,,6.53000020980835,6.559999942779541,6.849999904632568,0.029999732971191406,0.45941396642117216,9.374925494122976,0.7460909222336477,volume_divergence,completed
BBGI,2026-05-12 19:45:00+00:00,,16.18000030517578,16.530000686645508,24.989999771118164,0.35000038146972656,2.163166717356401,3.972762800074562,0.44003006013031093,volume_divergence,completed
ASTC,2026-05-12 19:45:00+00:00,,2.700000047683716,,,,,,0.3,,low_vpin
BODI,2026-05-14 14:45:00+00:00,,12.920000076293945,13.149999618530273,13.510000228881836,0.22999954223632812,1.7801822049392946,38.98296317848253,0.6205459207641867,volume_divergence,completed
BELFA,2026-05-12 19:45:00+00:00,,268.7099914550781,244.14010620117188,273.7550048828125,-24.56988525390625,-9.143644090366378,-487.013277682001,0.49314819945264193,momentum_reversal,completed
BODI,2026-05-13 19:45:00+00:00,,12.640000343322754,13.149999618530273,13.510000228881836,0.5099992752075195,4.034804282872772,58.6206140567228,0.6267960697759407,momentum_divergence,completed
ADTX,2026-05-13 19:45:00+00:00,,2.273400068283081,1.817099928855896,2.2950000762939453,-0.45630013942718506,-20.071264437490424,-2112.4998620263364,0.7280961510564923,momentum_reversal,completed
AQMS,2026-05-13 19:45:00+00:00,,5.019999980926514,4.79010009765625,5.130000114440918,-0.22989988327026367,-4.579678967007332,-208.99964020512644,0.593031904729216,momentum_reversal,completed
CISS,2026-05-13 19:00:00+00:00,,3.2100000381469727,,,,,,0.251856176715212,,low_vpin
APWC,2026-05-11 19:15:00+00:00,,1.4500000476837158,,,,,,0.24499916553417736,,low_vpin
BARK,2026-05-14 16:30:00+00:00,,9.350000381469727,9.350000381469727,10.710000038146973,0.0,0.0,0.0,0.6818780787309159,volume_divergence,completed
ARTL,2026-05-14 16:45:00+00:00,,2.319999933242798,2.309999942779541,2.4226999282836914,-0.009999990463256836,-0.4310340840949625,-9.737089528850507,0.5166666666666666,volume_divergence,completed
BGMS,2026-05-14 16:45:00+00:00,,1.0199999809265137,,,,,,0.2537624326605399,,low_vpin
ANNA,2026-05-14 16:45:00+00:00,,3.630000114440918,3.6500000953674316,3.838399887084961,0.019999980926513672,0.5509636445175157,9.596930300242995,0.5916617637572148,volume_divergence,completed
BTBD,2026-05-14 16:45:00+00:00,,1.1100000143051147,1.1200000047683716,1.2400000095367432,0.009999990463256836,0.9009000301245093,7.692300638503319,0.6449991655341774,momentum_reversal,completed
AQMS,2026-05-14 19:45:00+00:00,,4.650000095367432,4.320000171661377,4.6585001945495605,-0.3299999237060547,-7.096772407269787,-3882.3067429597218,0.8042013497210961,momentum_reversal,completed
BCG,2026-05-15 16:30:00+00:00,,1.899999976158142,1.8600000143051147,1.899999976158142,-0.039999961853027344,-2.1052611765768803,0.0,0.5239998331068355,volume_divergence,completed
BNZI,2026-05-15 16:30:00+00:00,,5.910099983215332,6.179999828338623,8.175000190734863,0.269899845123291,4.566755992111907,11.916632981321476,0.6655446039189046,volume_divergence,completed
CETX,2026-05-15 16:30:00+00:00,,7.9830002784729,7.901000022888184,9.779999732971191,-0.0820002555847168,-1.0271859291529795,-4.5631764316595556,0.7833526210124152,volume_divergence,completed
CDTG,2026-05-15 17:30:00+00:00,,8.304999351501465,8.612500190734863,15.119999885559082,0.30750083923339844,3.702599196203492,4.512117610214096,0.4985594350869341,momentum_reversal,completed
CHNR,2026-05-15 18:00:00+00:00,,4.0,,,,,,0.39584451529309495,,low_vpin
AIFA,2026-05-18 09:00:00,,,,,,,,,,no_previous_day
AKTX,2026-05-15 19:45:00+00:00,,3.490000009536743,3.6666998863220215,29.31999969482422,0.17669987678527832,5.063033704940682,0.6840878007672796,0.51,volume_divergence,completed
AMCI,2026-05-15 19:45:00+00:00,,5.0,4.560800075531006,5.690000057220459,-0.43919992446899414,-8.783998489379883,-63.65215768796194,0.5065276430966977,momentum_reversal,completed
AMBO,2026-05-18 19:45:00+00:00,,2.4644999504089355,2.809999942779541,2.880000114440918,0.34549999237060547,14.0190707779595,83.15279325473652,0.5375011920940324,momentum_reversal,completed
CDIO,2026-05-19 16:00:00+00:00,,1.340000033378601,1.350000023841858,2.569999933242798,0.009999990463256836,0.7462679264300778,0.8130074209242558,0.6627641736610587,volume_divergence,completed
BLRX,2026-05-19 19:45:00+00:00,,2.680000066757202,2.869999885559082,3.950000047683716,0.18999981880187988,7.089545301085738,14.960615878377236,0.6474349176974312,volume_divergence,completed
BNZI,2026-05-19 19:45:00+00:00,,3.8299999237060547,3.4049999713897705,4.190000057220459,-0.4249999523162842,-11.096604720165058,-118.05549852644128,0.713876649761592,momentum_reversal,completed
BDSX,2026-05-20 19:45:00+00:00,,14.399999618530273,14.833200454711914,18.219999313354492,0.4332008361816406,3.0083392198440557,11.340336931664986,0.43819467808117124,volume_divergence,completed
AEMD,2026-05-20 19:45:00+00:00,,2.059999942779541,2.0899999141693115,3.180000066757202,0.029999971389770508,1.4563093312173492,2.678568577584271,0.4166666666666667,volume_divergence,completed
AKTX,2026-05-20 19:45:00+00:00,,3.430000066757202,3.615000009536743,29.31999969482422,0.18499994277954102,5.393584232622014,0.7145613960495578,0.533809519484471,volume_divergence,completed
BESS,2026-05-20 19:45:00+00:00,,4.150000095367432,4.519999980926514,6.199999809265137,0.36999988555908203,8.91565968810714,18.048777424246264,0.5881212330715535,momentum_reversal,completed
AIFA,2026-05-21 22:30:00,,,,,,,,,,no_previous_day
BQ,2026-05-21 19:45:00+00:00,,0.7200999855995178,0.7315000295639038,1.2999999523162842,0.011400043964385986,1.5831195934401947,1.965863876304372,0.6095991085926096,volume_divergence,completed
BLRX,2026-05-21 17:15:00+00:00,,2.805000066757202,3.0399999618530273,3.950000047683716,0.2349998950958252,8.377892673902974,20.52400864720255,0.4093966030570657,momentum_divergence,completed
BIYA,2026-05-22 17:30:00+00:00,,1.2450000047683716,1.2549999952316284,2.0,0.009999990463256836,0.8032120823258392,1.3245020564786776,0.5674668356851976,momentum_reversal,completed
AIFA,2026-05-26 09:00:00,,,,,,,,,,no_previous_day
BLRX,2026-05-26 19:45:00+00:00,,3.1600000858306885,3.200000047683716,3.950000047683716,0.039999961853027344,1.265821543245696,5.063286555002263,0.4877554495912807,momentum_divergence,completed
BIYA,2026-05-26 19:45:00+00:00,,1.659999966621399,1.1699999570846558,1.75,-0.49000000953674316,-29.518073457196575,-544.4442531209643,0.4879011586102143,momentum_reversal,completed
ASTC,2026-05-26 19:45:00+00:00,,2.5,10.015000343322754,68.8499984741211,7.515000343322754,300.60001373291016,11.32630070255974,0.8372592856671947,momentum_divergence,completed
ACON,2026-05-27 19:45:00+00:00,,3.130000114440918,3.2899999618530273,3.6120998859405518,0.15999984741210938,5.111816024348249,33.18811932111254,0.5409916876087377,momentum_reversal,completed
ASBP,2026-05-27 19:45:00+00:00,,4.639999866485596,5.079999923706055,6.980000019073486,0.440000057220459,9.482760126752364,18.803420022594743,0.6714402021698849,momentum_reversal,completed
CDTG,2026-05-27 19:45:00+00:00,,9.0,8.5625,15.119999885559082,-0.4375,-4.861111111111112,-7.148692944134474,0.8146660303228735,momentum_reversal,completed
ACON,2026-05-28 15:15:00+00:00,,3.319999933242798,3.375,3.6120998859405518,0.05500006675720215,1.6566285500940068,18.829193996519628,0.5909916876087377,momentum_reversal,completed
AKTX,2026-05-28 19:00:00+00:00,,23.610000610351562,22.469999313354492,25.644100189208984,-1.1400012969970703,-4.82846788448302,-56.04451762570163,0.5534750490431388,momentum_reversal,completed
AZI,2026-05-28 19:45:00+00:00,,1.2100000381469727,,,,,,0.31666666666666665,,low_vpin
ADTX,2026-05-29 19:45:00+00:00,,0.11389999836683273,0.1046999990940094,0.1518000066280365,-0.009199999272823334,-8.077260232430644,-24.274399122600947,0.5213445860780548,momentum_reversal,completed
AIRE,2026-05-29 19:45:00+00:00,,2.505000114440918,2.559999942779541,2.765000104904175,0.05499982833862305,2.1956018293794877,21.153780906155692,0.7367574490395733,momentum_reversal,completed
AEMD,2026-06-01 19:45:00+00:00,,2.4149999618530273,2.1500000953674316,2.4200000762939453,-0.2649998664855957,-10.973079530910699,-5299.876025176426,0.6571639019372091,momentum_reversal,completed
BJDX,2026-06-01 19:45:00+00:00,,2.119999885559082,5.605000019073486,6.20989990234375,3.4850001335144043,164.3868076245366,85.20991024749269,0.5674997988354421,momentum_reversal,completed
CABO,2026-06-05 19:45:00+00:00,,43.68000030517578,43.560001373291016,49.279998779296875,-0.11999893188476562,-0.27472282748712934,-2.1428386532480115,0.7806185205485727,volume_divergence,completed
BJDX,2026-06-08 14:30:00+00:00,,5.260000228881836,5.099899768829346,5.440000057220459,-0.16010046005249023,-3.043734849542472,-88.94478485351813,0.6175846652089807,momentum_reversal,completed
AERT,2026-06-05 19:45:00+00:00,,6.379199981689453,6.600800037384033,7.449999809265137,0.22160005569458008,3.4737906999412176,20.694816154041405,0.7431435180459364,volume_divergence,completed
ACON,2026-06-05 19:45:00+00:00,,3.569999933242798,3.4800000190734863,3.5899999141693115,-0.08999991416931152,-2.521006046281922,-450.0,0.5131866428876657,volume_divergence,completed
AMBO,2026-06-05 19:30:00+00:00,,2.2899999618530273,,,,,,0.28294834036965916,,low_vpin
AIMD,2026-06-05 19:45:00+00:00,,1.9299999475479126,2.049299955368042,2.359999895095825,0.1193000078201294,6.181347723439135,27.744191249427168,0.6506044586315591,volume_divergence,completed
BARK,2026-06-05 19:45:00+00:00,,9.154999732971191,9.989999771118164,10.710000038146973,0.8350000381469727,9.12069975425307,53.6977411108985,0.6179414744205396,volume_divergence,completed
AIFA,2026-06-05 19:45:00+00:00,,2.075399875640869,2.1054000854492188,2.649899959564209,0.03000020980834961,1.445514676976925,5.22196787221928,0.579664702017619,momentum_reversal,completed
BARK,2026-06-09 16:30:00+00:00,,9.90999984741211,10.010000228881836,10.710000038146973,0.10000038146972656,1.0090856004991826,12.500044703472923,0.6179034270395619,momentum_divergence,completed
BODI,2026-06-09 16:30:00+00:00,,10.0,9.960000038146973,10.135000228881836,-0.039999961853027344,-0.39999961853027344,-29.629551138049422,0.46379716032512974,volume_divergence,completed
BARK,2026-06-10 14:30:00+00:00,,9.610099792480469,9.680000305175781,10.710000038146973,0.0699005126953125,0.7273651075923993,6.355168386470816,0.6507090641503572,momentum_reversal,completed
ADTX,2026-06-09 19:45:00+00:00,,0.028200000524520874,0.01979999989271164,0.028999999165534973,-0.008400000631809235,-29.787235728967964,-1050.0018626483134,0.42760881223323466,momentum_reversal,completed
ACON,2026-06-09 19:45:00+00:00,,3.2300000190734863,3.2049999237060547,3.299999952316284,-0.02500009536743164,-0.7739967560310673,-35.7144560134332,0.7096001258845296,momentum_reversal,completed
AEMD,2026-06-10 16:30:00+00:00,,2.0450000762939453,2.0299999713897705,2.2100000381469727,-0.015000104904174805,-0.733501434941693,-9.090974770973615,0.5393968679293752,volume_divergence,completed
AUUD,2026-06-10 19:45:00+00:00,,1.2999999523162842,1.315000057220459,1.4299999475479126,0.015000104904174805,1.153854265721184,11.53854265721184,0.8144262177507917,volume_divergence,completed
BYAH,2026-06-12 15:15:00+00:00,,2.360100030899048,1.8899999856948853,2.450000047683716,-0.4701000452041626,-19.91864916950509,-522.9143019296254,0.8136109245736988,momentum_reversal,completed
BNAI,2026-06-12 19:45:00+00:00,,21.325000762939453,19.479999542236328,22.020000457763672,-1.845001220703125,-8.65182253080871,-265.4679181074702,0.7544771327863826,momentum_reversal,completed
CDIO,2026-06-12 19:45:00+00:00,,1.9738999605178833,2.0299999713897705,2.0899999141693115,0.05610001087188721,2.8420898725368278,48.32044209106115,0.6633331346509945,momentum_divergence,completed
BYAH,2026-06-15 16:45:00+00:00,,1.510699987411499,1.4896999597549438,1.559999942779541,-0.021000027656555176,-1.3900859092835212,-42.596443546008054,0.44662475787713507,momentum_reversal,completed
BARK,2026-06-15 19:45:00+00:00,,8.550000190734863,8.640000343322754,10.130000114440918,0.09000015258789062,1.0526333401187353,5.696212464161762,0.6284223756514041,volume_divergence,completed
CIIT,2026-06-15 19:45:00+00:00,,1.4700000286102295,0.5899999737739563,1.5499000549316406,-0.8800000548362732,-59.863948143473486,-1101.3764267064528,0.4855068376817425,momentum_reversal,completed
ADV,2026-06-15 19:45:00+00:00,,38.790000915527344,38.779998779296875,39.95000076293945,-0.01000213623046875,-0.025785346724405387,-0.8622532367381703,0.5794853105658213,momentum_reversal,completed
BNKK,2026-06-16 19:45:00+00:00,,1.340000033378601,1.4200999736785889,1.659999966621399,0.08009994029998779,5.9776073361750806,25.031236565669058,0.6037206647836147,momentum_reversal,completed
BIAF,2026-06-16 19:45:00+00:00,,0.949999988079071,0.8199999928474426,0.954800009727478,-0.12999999523162842,-13.684210196096148,-2708.321019234829,0.4491617462023226,momentum_reversal,completed
BIAF,2026-06-16 19:45:00+00:00,,0.949999988079071,0.8199999928474426,0.954800009727478,-0.12999999523162842,-13.684210196096148,-2708.321019234829,0.4491617462023226,momentum_reversal,completed
AIFA,2026-06-16 19:45:00+00:00,,2.200000047683716,2.25,2.649899959564209,0.04999995231628418,2.2727250560256556,11.113572373751799,0.4356736871588526,momentum_reversal,completed
CDIO,2026-06-17 15:15:00+00:00,,2.0244998931884766,2.0350000858306885,2.0899999141693115,0.010500192642211914,0.518656122311505,16.030823326429513,0.41913701061830666,volume_divergence,completed
CIIT,2026-06-17 17:15:00+00:00,,0.6438000202178955,0.6301000118255615,0.6700000166893005,-0.013700008392333984,-2.127991295759386,-52.29011541007773,0.687468158234134,momentum_reversal,completed
BGMS,2026-06-17 19:45:00+00:00,,0.8148000240325928,0.75,0.8148000240325928,-0.06480002403259277,-7.9528745853351515,0.0,0.8459201885595021,momentum_reversal,completed
BIAF,2026-06-17 19:45:00+00:00,,0.838699996471405,0.8309999704360962,0.8700000047683716,-0.007700026035308838,-0.9180906245027468,-24.600715636407955,0.6579375696301168,momentum_reversal,completed
CIIT,2026-06-22 17:15:00+00:00,,0.48559999465942383,0.4902999997138977,0.49900001287460327,0.004700005054473877,0.9678758455856721,35.07461690723484,0.6851213864622923,volume_divergence,completed
CDIO,2026-06-23 15:10:00,,,,,,,,,,no_bars_after_news
