Group,Ticker,EventDate,EventGainPct,AvgRVOL_Pre,VolumeSlope_Pre,OBVSlope_Pre,RangeContraction_Pct,ConsecutiveBuildupDays,GapPct_Event,DistFrom20dHigh_Pct
HIGH_SF,VEEE,2024-12-20,23.44,1.563,0.1282,-0.8672,30.14,0,7.81,30.59
HIGH_SF,VEEE,2024-12-31,53.63,1.827,0.0302,-0.2455,41.73,3,3.35,22.34
HIGH_SF,VEEE,2025-01-17,26.89,2.818,-0.3349,0.4873,61.23,0,0.0,30.36
HIGH_SF,VEEE,2025-04-08,43.83,1.074,0.2285,-0.756,-119.09,0,6.81,41.25
HIGH_SF,VEEE,2025-04-09,21.3,6.455,0.488,0.3152,-223.47,1,-4.44,15.5
HIGH_SF,VEEE,2025-05-08,192.16,0.265,-0.1285,0.0572,41.3,0,2.75,37.8
HIGH_SF,VEEE,2025-09-05,46.39,4.501,0.3976,-0.6345,-372.67,0,61.34,22.71
HIGH_SF,VEEE,2025-11-28,45.51,13.952,-0.2224,0.9305,11.98,0,0.0,33.08
HIGH_SF,VEEE,2026-03-03,22.81,4.852,0.2881,0.2541,-26.83,0,0.0,79.75
HIGH_SF,VEEE,2026-03-18,34.56,4.984,0.3232,-0.946,-87.27,0,-4.28,66.77
HIGH_SF,VEEE,2026-04-08,21.17,0.197,-0.0564,-0.2073,11.96,0,6.76,49.55
HIGH_SF,VEEE,2026-05-11,28.4,4.001,0.2571,0.9152,-106.7,0,1.68,30.38
HIGH_SF,VEEE,2026-07-13,415.77,5.077,0.2514,-0.0101,-77.51,1,153.94,26.19
HIGH_SF,VEEE,2026-07-14,54.91,40.522,0.5255,0.5157,-327.17,2,-22.41,0.0
HIGH_SF,VEEE,2026-07-16,36.07,41.239,0.3328,1.0336,-236.73,0,30.91,30.95
HIGH_SF,AIRS,2024-11-08,20.72,1.307,-0.0075,0.4987,-18.63,0,8.34,6.14
HIGH_SF,AIRS,2025-05-02,33.63,0.489,0.0716,0.5904,-26.84,0,26.55,0.0
HIGH_SF,AIRS,2026-03-16,51.62,1.552,0.0345,-0.1308,-9.66,0,54.86,18.14
HIGH_SF,AIRS,2026-05-01,23.88,0.689,-0.0644,0.2551,40.2,3,1.12,15.46
HIGH_SF,ARQQ,2024-09-26,25.56,2.832,0.3413,-0.6172,-193.0,3,-0.22,44.25
HIGH_SF,ARQQ,2024-10-16,39.96,0.594,0.0546,-0.2398,-31.32,3,0.21,33.38
HIGH_SF,ARQQ,2024-11-07,24.01,0.75,-0.0726,-0.3174,13.11,0,3.45,21.76
HIGH_SF,ARQQ,2024-11-21,45.37,1.154,-0.0736,0.1954,-2.73,1,3.41,24.49
HIGH_SF,ARQQ,2024-11-22,21.09,1.491,0.0728,0.1828,-22.07,2,15.75,0.0
HIGH_SF,ARQQ,2024-11-25,37.23,2.173,0.2609,0.3978,-7.92,3,15.94,0.0
HIGH_SF,ARQQ,2024-12-03,24.7,3.261,0.1222,0.8755,-75.55,1,11.01,0.0
HIGH_SF,ARQQ,2024-12-17,24.76,1.358,0.0222,0.2192,-8.87,1,6.05,1.89
HIGH_SF,ARQQ,2024-12-26,50.46,1.348,-0.0086,0.6438,-10.17,0,0.48,21.27
HIGH_SF,ARQQ,2025-01-16,37.35,0.723,0.0411,-0.4864,-56.75,1,9.18,53.02
HIGH_SF,ARQQ,2025-03-17,56.93,0.758,0.0659,-0.0666,-8.02,3,13.93,9.69
HIGH_SF,ARQQ,2025-05-16,22.06,1.35,-0.0094,0.3373,18.18,0,2.25,10.41
HIGH_SF,ARQQ,2025-05-19,31.33,1.671,0.1389,0.4234,-23.75,1,-0.6,0.0
HIGH_SF,ARQQ,2025-06-16,22.25,0.528,0.0439,0.2043,5.8,1,7.99,12.41
HIGH_SF,ARQQ,2025-06-18,22.4,0.643,0.1033,0.3403,-4.03,0,4.06,0.0
HIGH_SF,ARQQ,2025-10-13,20.09,1.351,0.0462,0.5395,-22.04,1,4.82,12.15
HIGH_SF,ARQQ,2026-05-21,25.67,1.065,-0.0721,-0.3406,13.22,0,6.61,16.52
HIGH_SF,ARQQ,2026-06-15,31.76,0.838,-0.0214,-0.3977,0.81,0,5.66,22.24
HIGH_SF,ARQQ,2026-06-23,35.57,1.95,0.2064,0.9049,-92.8,0,-1.73,12.14
HIGH_SF,TC,2025-05-09,22.22,0.409,0.0111,-0.2278,22.58,1,-3.17,3.08
HIGH_SF,TC,2025-08-11,21.67,0.806,-0.0664,-0.6926,1.98,0,5.0,25.93
HIGH_SF,TC,2025-09-10,35.76,0.774,-0.0715,0.2052,68.96,0,4.64,11.97
HIGH_SF,TC,2026-01-16,21.11,0.262,0.0051,0.879,-110.54,0,0.33,25.0
HIGH_SF,TC,2026-07-01,159.46,74.079,0.536,-0.5618,-2222.06,1,177.84,80.91
HIGH_SF,TC,2026-07-08,20.98,91.286,0.1981,0.969,-1000.04,1,27.8,78.84
HIGH_SF,PLCE,2024-09-11,85.71,0.942,0.0062,-0.4404,-0.56,0,38.98,25.42
HIGH_SF,PLCE,2024-09-12,24.62,21.139,0.5215,0.5053,-84.55,1,1.65,0.0
HIGH_SF,PLCE,2024-09-13,28.04,21.404,0.4285,0.8556,-119.23,0,2.56,0.0
HIGH_SF,PLCE,2024-09-17,42.51,21.522,0.2284,1.2754,-209.24,0,1.97,15.91
HIGH_SF,PLCE,2025-02-05,21.42,1.124,0.0922,-0.9093,-14.0,0,10.71,15.04
HIGH_SF,PLCE,2025-07-22,32.95,0.494,0.0243,0.5723,-31.06,1,15.52,1.32
HIGH_SF,PLCE,2026-05-28,22.19,0.855,0.0014,0.2975,-1.36,0,-1.97,0.0
HIGH_SF,MPLT,2025-12-03,31.26,0.839,0.0057,-0.1137,29.58,0,9.46,20.63
HIGH_SF,MPLT,2026-04-09,21.33,1.113,0.0354,0.7732,13.19,3,-1.94,0.0
HIGH_SF,RAIN,2025-04-30,23.81,1.132,0.2188,0.4972,-68.98,3,-0.56,0.0
HIGH_SF,RAIN,2025-05-06,30.98,1.696,0.0774,0.7823,-34.97,0,-3.27,18.27
HIGH_SF,RAIN,2025-06-04,22.5,0.335,-0.0916,-0.4125,32.02,2,7.14,64.21
HIGH_SF,RAIN,2025-09-08,38.86,3.025,0.2039,0.8046,-62.9,0,13.64,11.47
HIGH_SF,RAIN,2025-09-11,21.1,5.87,0.2153,0.724,-34.86,0,1.42,7.69
HIGH_SF,RAIN,2025-12-29,20.58,1.543,0.0762,0.0399,-28.3,0,-1.29,14.59
HIGH_SF,RAIN,2026-02-13,24.11,0.929,0.0654,-0.1505,22.36,2,8.93,33.33
HIGH_SF,RAIN,2026-05-20,34.67,1.818,-0.2113,-0.0527,56.49,0,0.0,40.94
HIGH_SF,RAIN,2026-05-21,21.29,1.82,-0.0659,0.2433,22.18,1,1.49,14.04
HIGH_SF,BIRD,2024-09-11,25.59,1.372,0.1209,-0.6956,-5.63,0,0.18,36.16
HIGH_SF,BIRD,2025-05-14,20.72,0.626,0.0497,0.5819,-11.07,2,0.9,0.0
HIGH_SF,BIRD,2025-06-10,21.8,1.783,0.2081,0.5526,-12.61,2,1.29,0.0
HIGH_SF,BIRD,2026-03-09,25.4,1.027,-0.0618,-0.1548,18.67,1,-1.61,29.34
HIGH_SF,BIRD,2026-04-15,582.33,2.691,-0.3982,-0.1942,55.72,0,173.9,30.25
HIGH_SF,BIRD,2026-06-17,39.09,0.607,0.0062,0.0076,13.65,2,-2.54,11.06
HIGH_SF,SHPH,2024-10-29,35.34,19.003,0.5115,0.5523,19.92,1,42.11,6.34
HIGH_SF,SHPH,2025-03-17,21.62,4.03,0.2483,-0.5501,-38.66,1,-8.11,47.14
HIGH_SF,SHPH,2025-04-23,20.32,4.519,-0.0173,-0.3226,-7.3,1,15.14,43.34
HIGH_SF,SHPH,2025-09-17,21.79,1.393,0.0002,0.3685,26.07,0,1.73,0.8
HIGH_SF,SHPH,2026-01-20,31.29,4.484,0.1292,0.2944,-44.67,1,140.49,20.1
HIGH_SF,SHPH,2026-03-31,26.92,3.521,0.3225,-1.0594,-236.3,0,0.93,48.06
HIGH_SF,SHPH,2026-07-14,40.54,1.017,0.4522,0.5952,16.36,1,48.99,32.27
HIGH_SF,SOBR,2024-10-07,165.79,5.909,0.4379,-0.6144,-450.98,1,0.0,70.22
HIGH_SF,SOBR,2024-10-18,29.06,20.455,-0.3541,0.4549,75.97,3,89.94,22.29
HIGH_SF,SOBR,2024-12-19,22.22,15.468,0.4369,-0.8598,-113.86,1,14.44,83.93
HIGH_SF,SOBR,2024-12-26,27.37,18.666,0.1313,0.2535,-95.75,0,17.89,83.04
HIGH_SF,SOBR,2025-02-14,22.52,0.158,-0.0477,-0.5401,10.49,1,10.85,17.6
HIGH_SF,SOBR,2025-03-05,42.52,0.984,-0.1993,-0.497,-53.26,0,-1.71,58.21
HIGH_SF,SOBR,2025-04-04,42.07,0.544,0.187,-0.7749,-141.71,0,-7.49,47.74
HIGH_SF,SOBR,2025-07-09,40.65,31.597,0.5298,0.5372,-80.63,2,43.62,10.61
HIGH_SF,SOBR,2025-12-05,31.58,1.372,-0.1536,-0.1289,72.36,0,0.0,47.77
HIGH_SF,SOBR,2025-12-24,82.31,1.708,0.4258,-0.5797,40.28,3,49.23,35.96
HIGH_SF,SOBR,2026-04-15,21.43,0.665,0.0643,-0.4151,-3.15,1,-6.46,39.07
HIGH_SF,SOBR,2026-05-01,79.85,5.396,-0.1058,-0.0644,36.16,1,70.33,30.8
HIGH_SF,SOBR,2026-05-05,63.53,30.299,0.4208,0.944,-126.07,0,-1.76,13.44
HIGH_SF,SOBR,2026-05-07,74.76,30.654,0.2292,1.3073,-400.98,0,16.5,25.9
HIGH_SF,SOBR,2026-06-10,30.7,0.048,0.0034,-0.7267,-27.7,0,0.54,59.46
HIGH_SF,SOBR,2026-07-13,176.5,7.852,0.5201,-0.5047,-261.83,1,22.58,56.6
HIGH_SF,SOBR,2026-07-15,76.92,50.044,0.4263,0.79,-347.55,0,43.59,2.5
HIGH_SF,WYFI,2025-09-10,28.22,1.266,0.1523,0.2066,-50.23,2,4.84,1.61
HIGH_SF,WYFI,2026-02-06,28.92,1.254,-0.0161,-0.3411,-34.0,0,4.72,35.02
HIGH_SF,WYFI,2026-05-11,26.96,1.29,0.0758,0.6674,-26.63,0,10.54,0.84
HIGH_SF,WYFI,2026-05-21,22.16,2.417,0.0026,0.3717,-16.06,0,1.49,19.34
HIGH_SF,WYFI,2026-06-15,21.38,0.452,-0.0206,-0.476,9.08,0,5.67,23.24
HIGH_SF,NXTC,2025-10-16,27.75,1.665,0.0368,0.7147,-44.4,0,-0.29,0.58
HIGH_SF,NXTC,2025-10-17,37.13,5.003,0.3456,0.5718,-50.41,1,-1.15,0.0
HIGH_SF,NXTC,2025-11-24,34.25,0.682,-0.1092,0.5935,-7.11,2,2.76,16.59
HIGH_SF,NXTC,2026-07-01,21.88,0.814,-0.0486,-0.2302,10.65,2,0.62,52.94
HIGH_SF,NXTC,2026-07-14,201.83,0.746,0.0217,0.0556,-1.26,1,323.85,0.91
HIGH_SF,SDEV,2024-09-20,48.0,0.473,0.0419,0.5192,-16.62,0,74.0,5.66
HIGH_SF,SDEV,2025-08-20,71.67,18.892,0.5208,-0.4762,7.52,1,81.67,10.45
HIGH_SF,SDEV,2025-08-27,72.22,59.805,0.1153,1.1517,-148.05,1,102.22,15.89
HIGH_SF,SDEV,2025-09-02,28.09,60.421,-0.0109,0.8781,-1.54,1,2.25,0.0
HIGH_SF,SDEV,2025-09-04,57.46,42.744,-0.2211,0.5534,-34.72,0,3.36,0.0
HIGH_SF,SDEV,2025-09-11,21.99,1.623,-0.3813,0.1877,-14.53,0,-1.66,42.89
HIGH_SF,SDEV,2025-10-20,25.0,0.628,0.1308,0.0876,-37.56,0,0.0,33.33
HIGH_SF,SDEV,2025-12-08,28.1,0.874,0.0494,0.5431,24.09,2,-0.83,0.0
HIGH_SF,SDEV,2025-12-10,33.7,3.02,0.3597,0.8451,-114.31,0,-5.52,0.0
HIGH_SF,SDEV,2025-12-19,79.66,4.567,-0.0424,0.4868,23.52,3,5.08,15.71
HIGH_SF,SDEV,2025-12-30,27.57,5.76,-0.0595,1.2156,52.0,1,-3.5,10.5
HIGH_SF,SDEV,2026-01-07,43.98,0.409,-0.0843,0.4932,-41.77,0,0.0,0.0
HIGH_SF,SDEV,2026-01-09,102.54,0.43,0.1509,0.7042,-56.49,0,4.33,11.09
HIGH_SF,SDEV,2026-04-02,22.64,0.627,-0.0911,0.5051,31.05,0,-0.63,0.0
HIGH_SF,SDEV,2026-07-02,30.77,3.978,0.4384,-0.5094,40.38,1,26.92,14.75
HIGH_SF,NUWE,2024-09-12,25.66,0.296,-0.0993,-0.1862,65.8,0,0.88,50.22
HIGH_SF,NUWE,2024-10-01,24.37,0.497,-0.1955,-0.1681,22.72,3,6.72,16.78
HIGH_SF,NUWE,2024-10-09,29.27,2.286,0.0031,0.7931,-10.31,1,-1.63,16.89
HIGH_SF,NUWE,2024-10-11,20.14,6.438,0.2865,0.7805,-14.25,0,-1.44,12.58
HIGH_SF,NUWE,2024-10-21,31.76,4.629,-0.1797,0.784,48.48,0,12.84,11.38
HIGH_SF,NUWE,2024-10-22,21.03,4.77,-0.2218,0.517,32.61,1,7.18,0.0
HIGH_SF,NUWE,2024-11-04,106.62,0.754,0.0298,-0.1706,43.89,1,63.97,42.37
HIGH_SF,NUWE,2025-06-11,60.87,26.651,0.4913,-0.3826,-219.98,4,4.35,77.0
HIGH_SF,NUWE,2025-07-16,131.16,2.579,0.4367,-0.1727,13.11,3,173.91,45.24
HIGH_SF,NUWE,2025-10-30,24.59,0.298,-0.1456,-0.1203,5.52,1,4.26,22.19
HIGH_SF,NUWE,2026-01-15,24.74,0.735,-0.057,0.0663,41.05,2,0.0,15.93
HIGH_SF,NUWE,2026-01-27,78.14,10.983,0.3766,-0.2445,29.98,1,105.58,9.28
HIGH_SF,VIVO,2024-10-14,24.94,0.273,-0.1958,0.1197,65.45,1,3.58,59.06
HIGH_SF,VIVO,2024-11-14,72.19,1.008,-0.0393,0.039,6.5,1,0.13,12.89
HIGH_SF,VIVO,2025-03-21,52.12,2.163,-0.2174,0.0954,23.31,3,55.66,0.0
HIGH_SF,VIVO,2025-03-24,149.61,27.839,0.5309,0.5461,-106.57,4,-0.39,0.0
HIGH_SF,VIVO,2025-03-26,84.96,29.527,0.3724,1.0148,-488.19,0,46.46,29.81
HIGH_SF,VIVO,2025-05-09,22.54,0.415,0.0416,0.2575,3.16,1,0.56,2.2
HIGH_SF,VIVO,2025-05-23,24.34,1.129,-0.1799,0.1151,22.32,2,0.81,0.2
HIGH_SF,VIVO,2025-06-03,20.51,3.805,0.2672,0.2612,-229.76,0,0.47,37.0
HIGH_SF,VIVO,2025-06-04,24.37,3.831,0.1864,0.3158,-208.92,1,6.77,24.08
HIGH_SF,VIVO,2025-07-07,24.73,0.485,0.0171,0.0156,5.02,2,-0.65,32.6
HIGH_SF,VIVO,2025-08-08,32.12,0.422,-0.108,-0.0211,35.0,1,11.14,43.81
HIGH_SF,VIVO,2025-12-16,22.14,1.665,0.2911,0.5146,-70.42,0,1.15,9.03
HIGH_SF,VIVO,2026-02-13,48.59,2.098,0.0287,-0.6175,23.35,1,4.93,47.79
HIGH_SF,VIVO,2026-03-25,32.41,0.622,0.0244,0.4238,-17.48,2,11.11,20.0
HIGH_SF,VIVO,2026-05-13,35.14,0.773,0.0446,0.0098,25.71,0,4.47,10.32
HIGH_SF,VMAR,2024-09-19,24.54,21.86,0.1925,-1.2081,-318.8,1,22.89,89.95
HIGH_SF,VMAR,2024-10-14,44.1,0.434,0.2121,-0.8876,-188.42,0,0.0,55.05
HIGH_SF,VMAR,2025-01-10,41.45,1.238,-0.3784,0.1398,26.78,2,51.32,13.64
HIGH_SF,VMAR,2025-01-15,46.43,26.134,0.3128,1.1129,-268.65,1,45.0,34.88
HIGH_SF,VMAR,2025-02-27,29.82,2.905,0.1246,-1.382,-218.13,0,23.12,48.16
HIGH_SF,VMAR,2025-05-27,22.34,0.695,-0.1447,-0.3636,21.14,1,2.19,10.24
HIGH_SF,VMAR,2025-12-16,156.84,2.111,0.1579,-0.8294,-45.44,1,2.63,69.11
HIGH_SF,VMAR,2026-06-17,34.1,1.823,0.06,-0.6532,-26.98,2,7.28,64.44
HIGH_SF,FRMM,2024-09-04,41.24,0.487,-0.0871,0.2175,-7.62,2,-1.13,13.66
HIGH_SF,FRMM,2024-10-16,325.66,1.516,0.017,0.4807,6.95,1,837.5,25.12
HIGH_SF,FRMM,2024-12-24,55.08,1.607,-0.191,-0.6291,-9.35,0,42.25,21.43
HIGH_SF,FRMM,2025-04-11,23.01,5.349,0.2502,-1.1003,-114.23,0,4.2,38.85
HIGH_SF,FRMM,2025-05-01,49.44,0.239,0.0104,-0.2561,29.29,3,3.37,11.0
HIGH_SF,FRMM,2025-07-17,107.95,2.13,-0.0145,-0.4909,54.04,0,2.27,5.27
HIGH_SF,FRMM,2025-07-21,49.47,80.707,0.4197,0.9292,-91.47,0,17.55,0.0
HIGH_SF,FRMM,2025-07-25,40.85,80.133,0.0264,1.3412,-79.84,0,31.46,24.2
HIGH_SF,FRMM,2025-08-12,206.59,0.54,-0.0007,0.1001,47.41,0,79.04,6.7
HIGH_SF,FRMM,2026-04-17,81.01,2.134,0.0986,-0.0568,21.06,0,26.16,20.74
HIGH_SF,VTAK,2024-10-18,106.82,4.689,0.4849,0.5872,-54.67,3,197.73,16.98
HIGH_SF,VTAK,2025-06-11,160.87,6.972,0.5035,0.5355,2.73,2,208.7,25.81
HIGH_SF,VTAK,2025-08-18,62.84,0.627,0.1092,-0.1434,-34.18,3,55.56,42.76
HIGH_SF,VTAK,2025-12-08,23.95,1.733,0.0782,0.6795,-5.92,0,2.1,1.65
HIGH_SF,VTAK,2026-03-10,25.55,0.107,0.0097,-0.6982,-16.88,0,47.45,29.74
HIGH_SF,VTAK,2026-04-09,40.7,0.034,0.011,-1.0508,-12.48,0,1.16,46.25
HIGH_SF,VTAK,2026-06-24,29.35,57.819,0.4903,0.7109,-59.21,3,57.61,16.36
HIGH_SF,VTAK,2026-07-08,92.96,5.584,-0.3264,0.2386,55.52,3,70.42,41.32
HIGH_SF,FXHO,2024-11-11,24.76,0.596,0.1116,-0.8118,-41.77,0,-0.63,32.13
HIGH_SF,FXHO,2024-12-12,32.7,1.065,0.0647,-0.4601,16.67,0,-1.59,19.23
HIGH_SF,FXHO,2025-04-11,61.65,1.503,-0.1305,0.1575,1.41,0,-6.77,43.88
HIGH_SF,FXHO,2025-04-25,28.12,2.714,-0.2848,0.2555,35.85,1,3.75,25.58
HIGH_SF,FXHO,2025-05-19,23.04,0.333,0.0464,0.2663,-20.68,0,-4.19,13.57
HIGH_SF,FXHO,2025-06-16,20.47,0.215,-0.0933,0.1154,-1.21,0,6.43,63.62
HIGH_SF,FXHO,2025-11-17,25.0,2.753,0.3111,0.0499,-122.63,3,45.83,67.57
HIGH_SF,FXHO,2025-12-31,61.14,0.533,0.0021,-0.517,6.65,3,-3.0,48.11
HIGH_SF,FXHO,2026-02-03,83.03,0.142,-0.0796,-0.414,37.04,1,-0.17,28.79
HIGH_SF,FXHO,2026-02-05,38.36,4.405,0.3733,0.4383,-15.65,0,-9.59,33.64
HIGH_SF,FXHO,2026-02-19,26.14,1.431,-0.2593,0.2872,-8.67,0,0.0,52.0
HIGH_SF,FXHO,2026-05-22,22.83,0.116,0.2245,0.3907,-113.66,0,-2.17,59.47
HIGH_SF,FXHO,2026-07-01,34.45,0.191,-0.0251,0.1,35.95,0,-1.82,33.27
HIGH_SF,FXHO,2026-07-06,171.53,0.201,-0.0265,0.1474,-53.53,2,81.46,31.43
HIGH_SF,FXHO,2026-07-09,28.79,2.308,0.2853,1.125,-241.08,0,-2.0,25.73
HIGH_SF,FXHO,2026-07-14,33.72,2.287,-0.0513,1.2735,23.56,0,1.35,20.2
HIGH_SF,HODO,2025-06-05,51.26,0.525,-0.086,0.2334,43.95,1,0.84,7.03
HIGH_SF,HODO,2025-07-23,38.79,0.49,0.1733,0.2386,-28.41,1,-0.87,4.5
HIGH_SF,HODO,2025-07-25,34.17,2.388,0.3741,0.665,-137.47,3,4.17,0.0
HIGH_SF,HODO,2025-08-29,24.89,0.39,0.0137,-0.1784,25.33,2,-0.42,14.13
HIGH_SF,HODO,2025-09-02,23.65,1.387,0.3379,0.3456,-32.08,3,10.81,0.0
HIGH_SF,HODO,2025-10-06,22.77,0.747,0.3475,-0.3329,-5.45,1,7.2,0.29
HIGH_SF,HODO,2026-04-10,22.99,3.738,0.1179,0.5748,-62.57,0,7.22,20.43
HIGH_SF,HODO,2026-05-06,25.0,0.339,-0.1577,0.3253,-22.74,1,0.0,29.17
HIGH_SF,HODO,2026-05-14,33.59,0.588,0.0377,-0.1146,31.44,0,4.84,16.67
HIGH_SF,NVVE,2024-09-23,70.41,43.112,0.2999,1.1282,-95.65,0,82.4,22.53
HIGH_SF,NVVE,2025-02-04,24.91,6.366,0.2211,0.6916,-251.71,1,-1.13,29.89
HIGH_SF,NVVE,2025-05-09,143.86,4.915,0.3569,0.5601,-129.16,2,48.25,0.0
HIGH_SF,NVVE,2025-06-02,22.13,0.245,0.2772,0.6392,-12.41,2,11.07,56.12
HIGH_SF,NVVE,2025-08-21,21.96,0.519,-0.0225,-0.0516,1.85,2,0.47,43.01
HIGH_SF,NVVE,2025-11-13,205.13,21.135,0.1293,-1.1051,51.79,2,162.82,33.62
HIGH_SF,NVVE,2025-11-21,56.1,5.679,-0.0378,0.8951,-20.43,1,61.59,65.55
HIGH_SF,NVVE,2026-01-07,59.55,0.687,0.0105,-0.7915,21.23,1,2.27,69.61
HIGH_SF,NVVE,2026-01-08,34.19,33.672,0.5324,0.517,-41.48,2,36.47,51.52
HIGH_SF,NVVE,2026-03-04,23.3,0.259,-0.0987,0.0417,34.06,0,3.88,42.46
HIGH_SF,NVVE,2026-04-10,21.74,0.548,0.0546,-0.5547,23.22,1,3.26,38.32
HIGH_SF,NVVE,2026-07-08,63.58,3.352,0.3384,-0.4737,-121.89,0,-0.96,27.37
HIGH_SF,NVVE,2026-07-10,55.69,131.438,0.4241,0.938,-171.2,0,8.66,0.0
HIGH_SF,NVVE,2026-07-15,36.46,132.309,0.1487,1.401,-117.06,0,8.92,0.0
HIGH_SF,YYGH,2024-09-09,20.88,20.45,0.4091,0.9261,-413.72,0,-9.34,15.74
HIGH_SF,YYGH,2025-04-14,30.0,2.381,-0.0819,-0.6025,-91.25,0,9.47,46.93
HIGH_SF,YYGH,2025-06-11,21.53,2.123,0.2812,-0.2702,-53.92,0,2.08,10.0
HIGH_SF,YYGH,2025-09-11,21.47,4.224,0.4237,-0.6468,-298.88,1,47.65,86.72
HIGH_SF,YYGH,2026-05-05,36.86,0.39,0.0411,-0.4906,-92.77,0,7.72,54.44
HIGH_SF,YYGH,2026-06-10,32.0,8.049,0.1149,0.2094,-55.28,1,29.6,88.53
HIGH_SF,YYGH,2026-07-06,25.6,0.402,-0.1278,-0.4311,52.85,0,0.0,74.75
HIGH_SF,SHMD,2025-07-07,26.77,1.014,-0.0869,0.0913,-27.51,0,0.74,3.58
HIGH_SF,SHMD,2025-10-14,22.75,1.214,0.0147,-0.8536,-21.73,0,-1.57,22.26
HIGH_SF,SHMD,2025-10-15,27.8,1.381,0.0795,-0.5786,-14.5,1,-1.28,4.57
HIGH_SF,SHMD,2026-01-02,21.07,1.777,-0.0076,0.705,16.42,1,4.6,0.56
HIGH_SF,SHMD,2026-03-04,30.73,0.802,0.0265,-0.3907,-7.77,0,25.35,38.48
HIGH_SF,SHMD,2026-04-17,24.55,0.671,-0.0973,-0.1838,18.14,1,3.07,25.34
HIGH_SF,IBTA,2025-05-15,20.17,1.291,0.0078,0.3994,2.47,1,7.75,0.12
HIGH_SF,IBTA,2026-02-26,28.54,1.008,0.034,0.0114,8.64,1,19.61,7.49
HIGH_SF,GCTK,2024-12-20,32.43,0.706,-0.0442,-0.721,-30.45,0,3.6,22.11
HIGH_SF,GCTK,2025-01-13,28.21,11.799,0.3984,-0.9158,-59.81,0,21.37,68.63
HIGH_SF,GCTK,2025-01-21,47.06,15.349,0.1747,0.2192,-22.14,1,29.41,77.21
HIGH_SF,GCTK,2025-04-01,28.57,7.67,-0.1751,-0.6312,52.62,0,0.57,57.73
HIGH_SF,GCTK,2025-06-25,26.25,1.911,-0.1343,0.0374,38.81,0,137.44,35.31
HIGH_SF,GCTK,2025-06-27,25.67,30.54,0.4055,0.8951,-112.09,0,27.39,45.63
HIGH_SF,GCTK,2025-07-21,36.71,0.228,0.3254,-0.4443,-41.49,2,66.55,25.64
HIGH_SF,GCTK,2025-09-02,26.07,0.736,-0.0148,-0.3665,-35.06,0,29.62,29.9
HIGH_SF,GCTK,2025-09-12,117.45,24.579,-0.282,0.8428,38.29,1,130.8,15.6
HIGH_SF,GCTK,2025-11-26,23.5,0.344,-0.0035,-0.0829,7.81,0,0.29,20.4
HIGH_SF,GCTK,2026-04-01,23.08,73.582,0.3065,-1.2462,-302.82,0,1.54,56.95
HIGH_SF,GCTK,2026-04-13,32.03,73.013,-0.5151,-0.0227,72.07,0,-2.11,45.04
HIGH_SF,KUST,2024-11-20,25.86,5.709,0.4073,0.2876,-49.23,1,-1.72,50.85
HIGH_SF,KUST,2024-11-21,32.88,5.648,0.3682,0.6602,-104.89,0,2.74,38.14
HIGH_SF,KUST,2025-02-18,25.0,10.235,0.3585,-0.5258,-1.2,0,0.0,81.4
HIGH_SF,KUST,2025-03-26,25.0,0.875,0.0764,-0.3888,-196.0,3,0.0,50.0
HIGH_SF,KUST,2025-04-01,50.0,1.369,0.1256,-0.2107,-182.46,0,50.0,75.0
HIGH_SF,KUST,2025-04-03,33.33,3.949,0.3604,-0.026,-210.55,2,0.0,62.5
HIGH_SF,KUST,2025-04-29,33.33,0.622,0.2957,0.0,-200.0,1,33.33,25.0
HIGH_SF,KUST,2025-05-27,66.0,1.754,0.13,-0.4763,49.8,1,9.6,96.88
HIGH_SF,KUST,2025-06-09,21.86,1.888,-0.3252,-0.0824,63.84,0,10.53,40.48
HIGH_SF,KUST,2025-11-25,23.88,2.919,0.1683,-0.155,-45.25,2,5.22,26.37
HIGH_SF,KUST,2026-01-23,28.43,8.782,-0.2018,-0.1796,20.68,1,71.08,28.17
HIGH_SF,KUST,2026-04-14,21.13,1.152,0.1194,-0.355,-7.78,1,-1.41,25.26
HIGH_SF,KUST,2026-05-06,20.48,2.346,-0.2766,-0.0217,35.55,0,0.9,22.79
HIGH_SF,KUST,2026-06-29,33.68,18.106,0.4189,0.9159,-200.7,0,13.68,70.03
HIGH_SF,KUST,2026-07-01,23.15,18.746,0.2488,1.2381,-247.77,0,5.56,54.62
HIGH_SF,KUST,2026-07-15,29.7,0.805,-0.3021,0.4563,50.11,1,47.52,38.04
HIGH_SF,KUST,2026-07-22,46.87,1.092,0.0772,1.3025,-150.72,2,21.87,32.87
HIGH_SF,BETR,2025-04-14,20.62,1.04,0.0498,0.1407,-22.0,2,-0.78,26.31
HIGH_SF,BETR,2025-08-13,23.55,1.196,0.0648,0.4393,-40.94,2,-0.42,2.92
HIGH_SF,BETR,2025-09-22,46.61,1.761,0.2579,0.5932,-112.68,3,-2.49,0.0
HIGH_SF,BETR,2025-09-23,35.55,8.343,0.4953,0.6012,-628.2,4,37.64,0.0
HIGH_SF,BETR,2025-10-20,28.48,0.562,-0.0011,-0.3633,-15.49,0,2.04,6.49
HIGH_SF,BETR,2025-10-23,30.55,0.627,0.0355,-0.1547,-15.49,1,0.11,18.99
HIGH_SF,MNPR,2024-09-12,64.58,0.099,-0.1313,0.1673,38.34,0,114.58,13.04
HIGH_SF,MNPR,2024-10-24,605.4,0.132,-0.0426,-0.0085,-56.68,1,10.58,31.61
HIGH_SF,MNPR,2025-01-28,24.76,1.321,0.0827,0.5332,-55.74,0,3.82,19.15
HIGH_SF,BJDX,2024-11-05,87.67,0.869,-0.2181,-0.0474,-0.18,1,1.37,39.67
HIGH_SF,BJDX,2024-12-05,59.38,0.105,0.0875,0.5075,35.23,3,68.12,27.96
HIGH_SF,BJDX,2024-12-31,26.49,0.067,-0.0141,-0.5657,3.45,3,22.6,37.9
HIGH_SF,BJDX,2025-04-07,112.46,5.089,0.4308,0.3814,-105.16,2,133.71,19.75
HIGH_SF,BJDX,2025-06-06,48.03,4.793,0.4588,-0.4551,-3.68,1,42.11,21.24
HIGH_SF,BJDX,2025-08-11,34.29,2.885,0.3759,-0.4603,-26.92,1,28.57,14.63
HIGH_SF,BJDX,2025-10-07,38.06,1.21,0.2903,0.4562,19.84,1,26.77,4.91
HIGH_SF,BJDX,2025-10-09,75.4,29.558,0.4192,0.9427,-191.07,0,102.67,12.62
HIGH_SF,BJDX,2025-10-14,22.81,34.097,0.2342,1.2931,-385.13,0,7.02,13.11
HIGH_SF,BJDX,2026-01-22,24.68,1.378,0.0605,0.4715,21.4,1,1.28,8.72
HIGH_SF,BJDX,2026-06-02,100.0,3.111,0.1918,0.925,14.67,0,182.03,0.46
HIGH_SF,BJDX,2026-07-07,25.0,6.388,0.4769,0.2799,-143.95,1,31.9,77.82
LOW_SF,FGNX,2024-10-29,24.33,1.114,-0.0672,-0.0153,32.02,1,-1.82,13.61
LOW_SF,FGNX,2024-11-13,32.63,7.434,-0.0594,-0.602,30.33,1,-0.78,42.62
LOW_SF,FGNX,2024-11-14,21.21,7.624,-0.0123,-0.2402,18.02,2,-1.59,23.9
LOW_SF,FGNX,2025-07-21,52.07,0.31,0.0521,0.0249,21.49,0,16.25,0.0
LOW_SF,FGNX,2025-08-01,84.22,15.496,0.3702,-0.6909,17.37,0,-3.22,25.7
LOW_SF,FGNX,2025-09-17,27.02,1.26,0.0884,-0.1527,46.67,0,24.23,57.17
LOW_SF,FGNX,2026-04-08,28.13,1.097,0.1076,-0.8634,-17.61,1,10.17,43.22
LOW_SF,ASPS,2024-10-23,23.01,1.367,0.0242,0.0296,3.52,1,0.88,6.61
LOW_SF,ASPS,2025-01-08,23.38,0.715,-0.0929,-0.0806,25.25,1,3.9,2.53
LOW_SF,ASPS,2025-02-05,22.54,0.464,0.0943,-0.1473,-4.52,1,1.41,25.26
LOW_SF,ASPS,2026-02-04,21.66,1.044,0.0632,-0.4669,-54.81,0,1.61,38.7
LOW_SF,ASPS,2026-02-23,26.79,0.635,-0.0864,-0.2823,2.28,1,-0.75,11.22
LOW_SF,ASPS,2026-02-25,20.76,1.242,0.1632,0.4301,-37.41,0,1.69,0.0
LOW_SF,IPDN,2024-10-02,62.22,0.996,-0.0593,0.3006,17.52,1,0.0,8.16
LOW_SF,IPDN,2024-10-03,36.99,22.721,0.5194,0.5379,-202.04,2,4.11,0.0
LOW_SF,IPDN,2024-11-14,26.76,0.297,0.0495,-0.7546,-44.84,0,-5.63,26.8
LOW_SF,IPDN,2025-03-17,21.83,1.397,-0.0699,0.0116,-47.72,0,0.0,52.29
LOW_SF,IPDN,2025-04-09,25.49,10.898,0.4233,-0.9446,-299.8,0,-2.94,63.44
LOW_SF,IPDN,2025-06-30,93.14,1.05,-0.1918,0.3317,-11.55,0,98.29,2.23
LOW_SF,IPDN,2025-08-06,24.86,0.059,-0.1917,-0.6892,28.98,0,25.97,38.64
LOW_SF,IPDN,2025-08-29,246.63,0.013,-0.1045,-0.4017,-10.24,0,56.99,14.6
LOW_SF,IPDN,2025-09-03,29.64,17.276,0.428,0.9548,-572.31,0,24.46,0.0
LOW_SF,IPDN,2025-09-23,66.43,0.061,0.1176,0.3345,64.97,1,46.85,68.26
LOW_SF,IPDN,2025-10-13,33.45,0.031,-0.0671,-0.6355,-0.89,2,-1.35,38.33
LOW_SF,VIVS,2024-12-31,27.78,0.582,0.0336,-0.3095,30.23,3,0.0,26.53
LOW_SF,VIVS,2025-02-25,243.24,1.029,0.0367,0.083,-20.35,0,237.84,5.13
LOW_SF,VIVS,2025-08-29,30.48,0.62,0.0518,0.7545,-26.41,0,-2.14,11.37
LOW_SF,VIVS,2025-10-30,29.57,1.942,0.1287,0.5672,16.87,1,18.7,33.53
LOW_SF,VIVS,2026-01-30,71.76,58.936,0.5374,-0.5421,-97.53,2,73.53,23.77
LOW_SF,FRD,2026-06-12,31.61,1.015,0.1002,0.7526,20.32,0,18.27,0.0
LOW_SF,TKLF,2024-12-26,23.89,0.853,0.0794,-1.1136,-4.66,0,1.91,20.1
LOW_SF,IQST,2024-12-02,45.08,1.535,0.0318,0.5533,-30.07,3,0.52,0.0
LOW_SF,IQST,2025-01-06,27.15,1.082,0.1809,0.5391,-48.49,0,7.62,5.63
LOW_SF,IQST,2025-05-08,26.71,2.829,0.2761,-0.7101,-354.36,0,1.69,38.62
LOW_SF,IQST,2025-05-13,21.64,3.281,0.1103,-0.3439,-12.97,0,4.17,22.86
LOW_SF,IQST,2025-05-14,26.55,3.483,0.0671,-0.1407,-12.84,1,73.74,6.16
LOW_SF,IQST,2025-06-02,35.3,0.937,0.1917,0.1172,-41.6,3,2.75,26.09
LOW_SF,IQST,2026-04-09,25.14,0.884,0.0641,0.3506,4.64,1,-2.23,7.01
LOW_SF,IQST,2026-06-25,47.22,0.257,-0.0883,0.4907,-30.63,1,38.89,22.86
LOW_SF,IQST,2026-07-16,38.48,0.089,-0.0547,-0.3042,-39.02,0,29.97,44.59
LOW_SF,CUE,2024-09-27,49.56,1.025,0.094,-0.1723,-38.41,1,0.22,37.21
LOW_SF,CUE,2024-10-04,41.64,3.479,0.0822,1.0023,-115.13,1,5.01,0.0
LOW_SF,CUE,2024-10-21,38.84,0.913,-0.2214,-0.3089,57.43,1,9.92,12.64
LOW_SF,CUE,2024-10-28,20.27,0.847,0.0754,0.6124,-58.2,2,-1.35,11.9
LOW_SF,CUE,2025-01-03,27.52,0.998,-0.019,-0.168,11.51,0,0.92,4.39
LOW_SF,CUE,2025-01-06,25.9,1.341,0.1481,0.1583,-77.73,1,4.32,0.0
LOW_SF,CUE,2025-07-16,22.29,0.755,-0.1535,0.3767,-43.44,1,0.0,12.06
LOW_SF,CUE,2025-12-26,34.85,3.34,0.1546,-1.2423,-77.91,0,-0.41,61.75
LOW_SF,CUE,2026-01-21,25.75,0.486,0.0473,-0.4138,5.96,0,7.02,23.92
LOW_SF,CUE,2026-04-08,45.74,3.182,0.4952,0.4071,-105.96,5,-0.53,42.15
LOW_SF,CUE,2026-04-10,71.33,3.896,0.3378,0.9997,-164.48,0,2.05,6.09
LOW_SF,CUE,2026-04-15,65.3,6.505,0.2022,1.199,-125.8,0,-4.11,12.75
LOW_SF,CUE,2026-04-20,40.26,6.758,-0.0726,1.0237,20.0,0,3.47,16.3
LOW_SF,CUE,2026-05-01,106.38,0.627,0.1688,0.2574,-55.53,1,128.97,42.2
LOW_SF,ALOT,2025-06-30,24.62,1.073,-0.1217,0.7864,36.29,1,-0.97,0.85
LOW_SF,ALOT,2026-06-17,69.86,1.376,0.0235,0.2911,-5.26,0,70.94,1.82
LOW_SF,TAOP,2024-09-10,29.27,2.262,0.197,-1.052,-71.74,0,0.0,29.31
LOW_SF,TAOP,2024-10-04,29.23,1.18,0.1344,-0.1576,-102.05,0,7.69,16.67
LOW_SF,TAOP,2024-12-20,28.12,2.694,-0.3691,0.4776,35.2,0,71.87,11.11
LOW_SF,TAOP,2025-05-12,87.5,4.869,0.4973,-0.5242,-98.08,1,37.5,38.46
LOW_SF,TAOP,2025-05-15,40.0,26.662,0.3039,0.97,-666.13,0,-5.0,33.33
LOW_SF,TAOP,2025-12-02,32.71,27.876,0.5334,-0.5175,-97.32,2,45.33,13.01
LOW_SF,XELB,2024-12-26,56.25,4.007,0.2494,-1.0562,-131.32,0,5.39,53.09
LOW_SF,XELB,2025-03-24,20.22,1.292,0.2189,0.6683,-1.99,1,-21.81,10.66
LOW_SF,XELB,2025-04-24,30.72,1.428,-0.2786,-0.271,50.92,1,1.53,38.8
LOW_SF,XELB,2025-08-06,24.78,1.398,0.47,-0.646,-219.84,1,16.37,35.3
LOW_SF,XELB,2025-10-03,37.57,23.156,0.5194,-0.4958,34.41,2,32.95,3.89
LOW_SF,XELB,2026-04-15,20.86,0.866,-0.1228,-0.0518,27.27,1,-1.23,0.61
LOW_SF,OLOX,2024-08-26,22.27,0.473,-0.092,-0.1334,34.6,0,6.36,52.99
LOW_SF,OLOX,2024-10-25,20.0,4.665,0.2467,-0.5721,-14.3,0,23.33,24.46
LOW_SF,OLOX,2024-11-29,26.51,0.049,-0.0112,-0.685,22.3,3,2.36,59.47
LOW_SF,OLOX,2024-12-02,41.91,0.617,0.4891,0.4274,-58.59,4,59.13,45.23
LOW_SF,OLOX,2025-01-15,75.0,1.886,0.0961,0.7497,-10.76,1,248.15,18.18
LOW_SF,OLOX,2025-02-06,75.23,0.06,0.0162,-0.4775,-14.51,0,-1.81,32.45
LOW_SF,OLOX,2025-05-08,40.75,0.482,0.0327,0.5115,11.23,1,3.75,5.88
LOW_SF,OLOX,2025-05-22,28.44,2.744,-0.2393,0.0971,50.53,1,0.0,23.64
LOW_SF,OLOX,2025-05-28,124.23,16.6,0.3392,1.0903,-194.49,0,117.0,7.83
LOW_SF,OLOX,2025-06-16,22.99,0.154,0.0013,-0.4701,36.24,1,-2.68,52.7
LOW_SF,OLOX,2025-06-17,29.6,0.145,0.247,-0.4355,-7.61,0,0.14,41.83
LOW_SF,OLOX,2025-08-06,90.16,6.412,0.323,-0.5924,-306.78,1,117.1,70.8
LOW_SF,OLOX,2025-08-08,38.89,76.129,0.4193,0.8751,-249.7,0,32.99,56.43
LOW_SF,OLOX,2025-09-11,24.29,0.136,0.1032,-0.9325,-137.91,1,0.61,52.66
LOW_SF,OLOX,2025-10-10,92.59,2.069,0.2223,-0.5848,45.5,2,71.3,68.85
LOW_SF,OLOX,2025-10-23,29.82,17.382,-0.1883,-0.0046,16.46,1,34.21,72.25
LOW_SF,OLOX,2025-11-12,26.46,0.06,-0.1435,-0.3855,-8.81,0,-0.53,38.64
LOW_SF,OLOX,2025-11-13,32.22,0.135,0.2123,0.0235,-80.52,1,36.4,22.4
LOW_SF,OLOX,2025-11-17,49.77,1.74,0.4003,0.8551,-199.61,0,11.16,31.96
LOW_SF,OLOX,2025-11-19,78.01,2.199,0.2631,1.1404,-320.17,0,21.7,0.0
LOW_SF,OLOX,2025-11-26,22.26,4.356,-0.0089,0.2801,-79.43,0,-3.76,47.45
LOW_SF,OLOX,2025-12-04,24.92,2.26,-0.4219,-0.2583,73.87,0,1.54,46.46
LOW_SF,OLOX,2026-03-05,27.78,1.681,-0.2819,-0.0683,39.81,0,1.11,17.43
LOW_SF,OLOX,2026-03-09,32.52,3.091,0.3826,0.7738,-154.91,0,14.63,0.0
LOW_SF,OLOX,2026-05-29,78.25,10.577,0.5042,0.4899,52.4,1,107.11,22.52
LOW_SF,SGLY,2024-08-29,35.65,13.452,0.1775,1.3227,-8.49,0,-2.78,2.7
LOW_SF,SGLY,2024-09-18,35.48,1.533,-0.2945,-0.5752,81.8,0,0.0,77.24
LOW_SF,SGLY,2025-01-16,21.49,3.133,0.0278,0.4956,14.46,0,1.65,0.82
LOW_SF,SGLY,2025-02-03,65.22,4.087,-0.0595,-0.463,39.31,1,-2.9,81.35
LOW_SF,SGLY,2025-03-21,143.48,0.391,0.0454,0.0507,5.77,3,0.0,25.81
LOW_SF,SGLY,2025-04-30,29.27,0.132,0.0126,0.4063,0.25,0,3.66,0.0
LOW_SF,SGLY,2025-05-29,24.14,0.428,-0.0048,0.1252,-32.78,0,3.45,26.89
LOW_SF,SGLY,2025-11-13,22.41,0.275,-0.0728,-0.1722,-35.52,0,-3.45,30.12
LOW_SF,ASTC,2025-10-03,22.25,3.683,0.3209,-0.1233,-29.84,1,29.94,12.23
LOW_SF,ASTC,2026-03-30,96.2,4.05,0.428,0.3382,-87.49,4,33.76,13.5
LOW_SF,ASTC,2026-05-27,459.11,0.5,0.1153,-0.4256,-32.2,3,200.4,28.61
LOW_SF,ASTC,2026-05-28,113.11,410.974,0.5445,0.544,-278.54,4,57.06,0.0
LOW_SF,ASTC,2026-05-29,69.22,411.621,0.4539,0.8624,-451.35,0,28.1,0.0
LOW_SF,ASTC,2026-06-02,28.53,411.917,0.248,1.2994,-570.1,0,-19.1,28.92
LOW_SF,ASTC,2026-06-29,30.83,0.026,-0.172,-0.5821,37.82,0,-0.75,81.31
LOW_SF,ATGL,2024-09-25,49.0,2.872,0.0862,-0.2576,14.87,1,3.95,36.99
LOW_SF,ATGL,2024-09-26,71.16,9.286,0.447,0.3992,-22.27,2,12.09,0.0
LOW_SF,ATGL,2024-09-27,21.2,15.548,0.4982,0.5921,-61.83,3,0.82,0.0
LOW_SF,ATGL,2024-09-30,52.02,16.006,0.4142,0.8849,-58.86,0,-0.22,0.0
LOW_SF,ATGL,2024-10-04,36.11,14.874,0.0164,1.317,-16.99,0,-0.19,21.98
LOW_SF,ATGL,2024-10-24,52.45,0.058,-0.0202,-0.3624,-12.42,0,3.48,12.08
LOW_SF,ATGL,2024-11-06,20.92,0.68,-0.14,0.1862,26.8,0,-0.82,20.98
LOW_SF,ATGL,2024-11-18,38.0,0.652,-0.2566,-0.1966,49.53,2,-2.16,9.84
LOW_SF,ATGL,2024-11-25,22.01,0.485,0.0306,-0.2762,-75.83,1,-0.7,0.0
LOW_SF,ATGL,2024-12-12,23.29,0.587,0.0385,-0.2991,4.49,0,0.45,35.82
LOW_SF,ATGL,2024-12-26,28.63,0.679,-0.1938,0.0838,25.67,0,0.73,22.84
LOW_SF,ATGL,2025-02-11,46.06,0.687,0.0196,0.3218,14.21,0,-4.29,0.0
LOW_SF,ATGL,2025-02-19,28.87,1.312,0.1444,0.4615,-212.53,2,8.16,0.0
LOW_SF,ATGL,2025-03-07,24.31,0.944,0.0141,-0.3039,-13.08,0,0.94,61.49
LOW_SF,ATGL,2025-08-20,51.49,1.058,0.085,0.2627,-30.61,2,6.4,0.35
LOW_SF,ATGL,2025-11-17,139.84,1.123,0.3012,-0.6804,-444.87,2,31.19,58.15
LOW_SF,ATGL,2026-01-09,46.96,0.147,-0.266,-0.0804,28.87,0,0.0,22.86
LOW_SF,ATGL,2026-01-26,25.66,10.475,-0.4751,-0.1495,61.17,1,1.06,39.16
LOW_SF,CDTG,2024-11-07,32.13,0.402,-0.0414,0.4083,4.76,1,3.93,14.08
LOW_SF,CDTG,2025-03-19,21.25,3.02,-0.0826,-0.5998,-38.81,2,-1.88,0.0
LOW_SF,CDTG,2025-06-11,22.7,0.335,-0.1152,-0.2123,24.61,0,1.59,7.35
LOW_SF,CDTG,2025-06-13,53.68,1.812,0.3337,0.5346,-73.26,0,-1.32,0.0
LOW_SF,CDTG,2025-09-09,88.41,2.572,0.2838,0.578,11.91,0,-1.81,14.15
LOW_SF,CDTG,2025-11-07,29.14,1.316,0.0365,-0.4344,-4.62,0,1.8,30.42
LOW_SF,CDTG,2025-12-01,22.05,2.522,-0.1396,0.5254,63.39,0,0.0,39.72
LOW_SF,CDTG,2026-03-04,32.08,0.233,-0.1213,0.0645,14.61,3,10.42,32.01
LOW_SF,CDTG,2026-03-05,40.38,13.516,0.5372,0.5404,-109.94,4,29.34,10.2
LOW_SF,CDTG,2026-05-27,24.57,0.403,-0.1729,-0.0345,-32.83,0,1.37,17.93
LOW_SF,CDTG,2026-06-08,26.1,23.553,0.4295,-0.8574,-211.56,0,0.31,65.15
LOW_SF,SLGL,2024-12-23,284.62,0.781,-0.1071,-0.4287,-66.11,1,-5.36,25.52
LOW_SF,SLGL,2024-12-26,24.49,34.89,0.4334,0.7331,-227.76,0,-3.06,40.61
LOW_SF,SLGL,2025-01-07,40.0,34.751,-0.3496,0.3216,50.42,1,5.0,39.39
LOW_SF,SLGL,2025-05-06,73.3,0.717,0.3379,-0.1949,-109.83,1,8.6,48.06
LOW_SF,SLGL,2025-08-21,40.22,1.205,0.1049,0.243,-0.84,3,2.72,0.0
LOW_SF,SLGL,2025-10-06,23.28,0.498,-0.0365,0.2327,-47.77,2,0.57,0.0
LOW_SF,SLGL,2026-03-24,20.86,0.917,-0.047,-0.4581,9.81,0,12.73,32.43
LOW_SF,BBGI,2025-10-22,21.64,0.129,-0.0724,-0.3479,32.53,2,1.45,19.12
LOW_SF,BBGI,2025-12-10,312.1,0.717,0.2138,0.3062,-26.53,0,49.38,11.96
LOW_SF,BBGI,2026-04-08,80.57,1.595,-0.2263,0.0741,57.32,0,67.2,21.3
LOW_SF,BBGI,2026-04-09,94.36,267.405,0.5416,0.5427,4.65,1,-4.94,0.0
LOW_SF,BBGI,2026-04-14,41.83,267.047,0.2272,1.3463,-513.33,0,-0.58,11.56
LOW_SF,BBGI,2026-04-17,53.64,266.887,-0.1237,1.2511,-25.99,1,-0.79,5.08
LOW_SF,BBGI,2026-06-02,25.34,0.47,-0.118,0.6599,48.2,1,3.71,16.46
LOW_SF,RGNT,2026-05-20,22.25,1.114,-0.0881,-0.5748,31.41,3,1.34,39.64
LOW_SF,RGNT,2026-06-09,88.28,20.054,0.5253,-0.5593,-13.95,2,96.88,43.86
LOW_SF,RGNT,2026-06-15,526.67,36.322,0.1865,1.0669,-422.09,0,13.33,37.76
LOW_SF,RGNT,2026-07-01,29.46,0.112,-0.4034,-0.2985,71.74,1,-0.85,62.45
LOW_SF,LHSW,2025-05-29,23.56,1.936,-0.2174,-0.5874,67.05,3,6.32,49.71
LOW_SF,LHSW,2025-06-25,26.67,0.487,0.0592,-0.9908,-7.81,1,0.0,37.76
LOW_SF,LHSW,2026-01-05,53.56,0.303,-0.0852,-0.7752,-13.41,1,10.97,45.84
LOW_SF,LHSW,2026-02-12,26.04,8.517,0.4558,0.1919,-249.55,5,35.42,76.87
LOW_SF,LHSW,2026-03-10,22.09,0.086,-0.0007,0.054,4.25,1,4.29,72.28
LOW_SF,LHSW,2026-04-22,38.27,1.862,-0.1138,-0.1077,4.18,0,-2.04,4.39
LOW_SF,LHSW,2026-07-06,277.78,2.812,0.1845,-0.0035,36.17,1,277.78,37.5
LOW_SF,PAPL,2025-03-27,20.44,1.355,0.0445,-0.2841,31.38,3,2.19,25.95
LOW_SF,PAPL,2025-05-19,30.43,1.734,-0.2623,-0.3815,-174.27,2,-13.04,91.9
LOW_SF,PAPL,2025-05-20,66.67,1.392,-0.3088,-0.1684,-65.59,0,10.0,89.44
LOW_SF,PAPL,2025-05-21,40.0,0.491,-0.0842,-0.338,-183.73,1,0.0,81.82
LOW_SF,PAPL,2025-06-04,32.69,0.136,-0.2514,-0.0326,51.69,0,3.85,58.06
LOW_SF,PAPL,2025-06-25,26.98,0.118,-0.1188,-0.2989,34.79,0,-47.62,10.0
LOW_SF,PAPL,2025-07-17,52.5,0.964,0.2454,0.1895,-90.59,0,-2.0,0.0
LOW_SF,PAPL,2025-07-23,70.0,11.586,0.4863,0.6548,-8.82,2,142.0,0.0
LOW_SF,PAPL,2025-07-31,73.06,52.445,-0.0583,1.339,74.87,1,27.61,50.08
LOW_SF,PAPL,2025-08-08,73.76,2.482,-0.058,1.3369,33.67,0,-1.42,52.61
LOW_SF,PAPL,2025-09-05,57.97,0.033,0.0924,-0.5388,-31.7,0,26.09,18.98
LOW_SF,PAPL,2026-01-08,56.64,4.061,0.2256,-0.4969,-162.18,0,30.77,61.04
LOW_SF,PAPL,2026-01-21,45.36,3.002,-0.1687,0.4937,47.99,2,71.13,60.57
LOW_SF,PAPL,2026-04-23,45.0,13.741,0.5018,0.5243,24.53,1,52.5,11.37
LOW_SF,PAPL,2026-04-27,50.0,34.095,0.4161,0.9739,-103.22,0,3.26,0.0
LOW_SF,PAPL,2026-04-29,28.15,34.113,0.2068,1.3754,-307.1,0,3.7,2.17
LOW_SF,PAPL,2026-07-22,31.58,17.477,0.4615,-0.7709,-81.28,0,0.0,25.49
LOW_SF,CSPI,2024-11-22,21.07,1.28,0.1518,0.269,-63.51,2,-0.92,0.0
