Symbol,SignalTimestamp,Close,Volume,RVOL,30m_pct,1h_pct,2h_pct,4h_pct,1d_pct
ACCL,2026-06-09 11:30:00-04:00,1.71,131176,10.01,-7.89,-9.36,-13.16,-13.45,-8.77
ACCL,2026-06-11 15:10:00-04:00,1.7701,57755,8.17,5.93,-6.22,-5.37,-12.32,-10.17
ADIL,2026-06-11 12:30:00-04:00,4.7499,3750888,34.94,-35.37,-38.52,-35.59,-42.94,-37.89
ADIL,2026-06-17 13:05:00-04:00,2.86,44470,9.15,-0.35,-4.55,-3.85,-5.59,-7.69
ADVB,2026-07-23 15:55:00-04:00,16.72,160219,5.06,15.4,19.59,6.16,8.25,13.46
AGMH,2026-06-08 13:25:00-04:00,1.1704,22374,5.0,-1.79,2.96,0.82,0.82,5.95
AGPU,2026-06-02 09:35:00-04:00,7.6,35935,8.99,-0.66,5.16,12.1,12.5,7.37
AGPU,2026-07-21 09:40:00-04:00,9.55,141424,13.4,-2.2,0.0,3.2,1.57,-25.55
AHMA,2026-07-01 10:35:00-04:00,2.01,358028,15.33,2.54,1.41,-1.0,13.82,20.39
AIMD,2026-05-26 11:15:00-04:00,1.91,134273,7.97,17.28,-2.62,10.99,17.28,34.55
AIMD,2026-05-26 11:50:00-04:00,2.31,1269399,18.97,-21.64,-14.72,-14.39,40.74,11.25
AIMD,2026-05-26 15:35:00-04:00,3.3499,2189002,29.71,-35.82,-33.14,-22.68,-19.7,-23.28
AIRG,2026-06-15 09:35:00-04:00,7.27,8358,5.12,-3.3,-3.3,-4.81,-5.09,-5.78
AIRG,2026-07-15 14:35:00-04:00,6.19,20936,7.36,-2.02,-0.93,-2.1,-1.62,-1.21
AIRS,2026-05-11 15:40:00-04:00,4.49,215416,5.65,-2.34,0.22,-13.37,-10.24,-7.57
AIRS,2026-06-09 14:55:00-04:00,5.25,56978,5.49,1.71,0.38,1.71,-1.9,-5.14
AKTX,2026-07-13 09:50:00-04:00,14.47,7325,6.38,-4.42,-8.64,-6.63,-14.93,-10.09
AMCI,2026-06-01 13:45:00-04:00,5.17,13922,6.32,1.55,0.77,1.74,-0.19,-0.19
AMCI,2026-07-01 09:40:00-04:00,6.25,28713,5.07,-0.16,0.64,3.04,4.32,-20.0
AMS,2026-05-27 15:55:00-04:00,1.5,26686,7.23,3.33,11.33,5.33,4.0,8.67
ANNA,2026-06-10 11:55:00-04:00,3.44,32479,5.53,2.41,2.91,0.29,3.63,-1.31
ANNA,2026-07-22 09:30:00-04:00,3.88,54426,23.47,-1.8,-3.09,-4.64,-4.51,-11.34
ANY,2026-05-14 15:00:00-04:00,2.42,48338,7.78,-1.65,-4.96,-3.1,-2.89,-4.55
ANY,2026-06-15 09:35:00-04:00,3.1584,59754,9.81,-3.7,-3.65,-4.54,-1.85,8.92
APVO,2026-07-08 10:35:00-04:00,4.77,8283,5.53,-7.75,-5.66,-20.33,-18.24,-18.45
ARQQ,2026-05-06 09:30:00-04:00,15.035,41812,12.93,-0.57,1.76,1.63,3.62,2.89
ARQQ,2026-05-21 09:35:00-04:00,15.66,127403,6.62,4.6,5.36,7.33,5.04,11.24
ARQQ,2026-06-15 09:35:00-04:00,16.77,111199,6.86,3.64,3.1,2.61,7.99,18.84
ASTC,2026-06-29 09:40:00-04:00,11.305,25730,7.66,1.46,3.05,9.86,12.87,-3.54
ASTC,2026-07-01 09:35:00-04:00,12.0,50372,10.74,4.75,2.18,-2.42,0.21,-14.25
ASTI,2026-06-02 11:30:00-04:00,9.3381,461379,6.7,-0.94,-2.44,-1.16,-1.96,-26.0
ASTI,2026-06-11 09:30:00-04:00,7.1799,118695,6.51,8.5,2.79,5.99,8.36,9.05
ATER,2026-05-14 11:35:00-04:00,1.115,126866,9.92,-1.79,-1.79,-2.24,0.45,-0.45
ATER,2026-05-14 15:40:00-04:00,1.15,51891,5.43,-4.35,-3.04,2.94,0.02,-3.48
ATER,2026-06-10 09:40:00-04:00,1.195,60040,14.61,-1.26,-0.45,-0.42,-2.11,2.93
ATPC,2026-05-28 13:05:00-04:00,7.5599,2470053,6.96,-19.18,-14.81,-16.0,-27.12,-35.58
ATPC,2026-06-03 10:00:00-04:00,4.1738,824103,15.91,2.3,0.51,-1.8,2.29,-13.51
AUUD,2026-04-30 15:20:00-04:00,1.77,56399,9.13,-0.56,-0.53,0.56,2.82,2.85
BBLG,2026-06-15 14:20:00-04:00,1.43,14018,6.86,0.69,-1.12,-2.17,-3.5,-1.4
BBLG,2026-06-18 09:30:00-04:00,1.435,305483,119.6,-1.74,2.85,4.53,1.05,-4.53
BCTX,2026-05-19 09:30:00-04:00,3.41,28064,7.48,0.59,-0.59,0.0,2.36,12.02
BESS,2026-05-13 10:00:00-04:00,2.57,33479,18.82,15.95,25.68,28.4,24.51,54.47
BESS,2026-05-22 09:35:00-04:00,4.96,44470,6.28,-5.45,-6.98,-10.28,-8.87,-8.87
BESS,2026-07-14 09:35:00-04:00,4.41,14248,8.54,0.0,-10.54,-10.43,-11.0,-11.66
BIRD,2026-06-15 09:35:00-04:00,4.0,27536,9.73,0.25,2.5,0.25,-2.63,-1.5
BIRD,2026-06-17 11:00:00-04:00,5.9076,4022407,11.6,-6.9,1.39,-0.44,-9.61,0.29
BIRD,2026-06-22 09:40:00-04:00,6.8129,721105,5.59,2.79,-6.07,-1.51,-9.68,-25.0
BIVI,2026-06-22 14:55:00-04:00,2.07,30010,5.62,-9.17,-7.73,-8.21,-12.08,-5.8
BIYA,2026-05-05 09:35:00-04:00,18.099,3338750,5.19,-9.4,-8.83,-12.98,-11.87,-34.86
BIYA,2026-05-15 09:35:00-04:00,12.655,3332623,6.72,-3.58,-1.62,-24.92,-21.97,-25.72
BIYA,2026-06-10 09:30:00-04:00,9.05,86664,9.18,-1.89,-1.66,7.2,46.95,11.61
BIYA,2026-06-10 11:50:00-04:00,13.3,3716811,27.27,0.02,-7.52,-0.59,-13.16,-24.05
BIYA,2026-06-25 15:45:00-04:00,4.161,77764,5.29,-7.47,-6.27,-15.89,-14.49,-18.43
BJDX,2026-07-06 10:40:00-04:00,1.8299,6320065,24.12,-27.59,-32.78,-36.06,-33.12,-20.21
BMGL,2026-06-03 15:10:00-04:00,7.8084,386587,9.99,15.26,-24.83,-17.35,-19.19,-26.23
BNAI,2026-06-05 11:05:00-04:00,28.9,1056372,8.64,-13.91,-24.57,-17.79,-16.61,-36.74
BNAI,2026-07-08 09:30:00-04:00,15.09,22869,8.74,-0.07,1.39,0.73,-0.4,-5.9
BNRG,2026-06-25 10:25:00-04:00,0.91,99237,6.09,-4.24,-5.49,-7.43,-6.59,-12.36
BNRG,2026-07-08 14:10:00-04:00,0.8882,65495,7.15,0.35,-1.01,-3.33,-0.92,-0.41
BNRG,2026-07-17 12:10:00-04:00,0.8212,483890,16.63,5.93,5.31,-4.88,1.11,1.68
BNZI,2026-05-07 14:05:00-04:00,5.916,365704,6.31,1.42,12.37,-5.34,-2.97,2.77
BNZI,2026-06-15 11:35:00-04:00,3.385,727441,23.52,-9.75,-10.48,-2.81,-5.61,-11.96
BOXL,2026-06-26 09:35:00-04:00,4.66,70009,8.79,-8.8,-6.87,-5.58,-3.65,-1.5
BYAH,2026-06-29 09:45:00-04:00,1.3189,289008,16.62,-4.47,-9.39,-2.95,-6.74,-25.57
BYAH,2026-07-07 11:40:00-04:00,0.9401,3766833,6.75,-12.7,-23.08,-20.22,-22.78,-22.81
CACC,2026-06-08 09:30:00-04:00,573.945,13188,9.22,-1.21,-2.03,-1.79,-1.12,-0.85
CARL,2026-07-01 09:40:00-04:00,11.18,17383,5.08,-0.66,2.43,6.44,3.35,1.61
CCHH,2026-06-16 10:15:00-04:00,5.483,84872,5.85,-0.38,6.97,6.53,6.24,-18.6
CCHH,2026-07-16 13:05:00-04:00,1.645,34132,6.8,-1.02,-1.82,-2.13,-5.17,-5.17
CCHH,2026-07-21 09:30:00-04:00,1.56,23119,6.9,0.0,1.28,-1.28,-5.77,-4.49
CCM,2026-05-04 11:00:00-04:00,6.4,71821,17.49,-15.62,-21.02,-25.78,-23.44,-24.22
CCTG,2026-06-08 15:10:00-04:00,0.5799,173973,7.42,-24.04,734.63,355.25,243.16,201.78
CCTG,2026-07-02 10:05:00-04:00,0.9868,4137814,7.47,-12.85,-16.9,-9.44,-11.62,13.5
CCTG,2026-07-06 15:00:00-04:00,1.19,927151,68.68,-6.72,-12.61,-13.45,-17.65,-19.92
CDLX,2026-05-21 13:55:00-04:00,7.402,112092,30.28,-2.01,-3.27,-0.91,-4.46,-6.3
CDTG,2026-06-04 11:35:00-04:00,15.12,135159,20.06,-45.7,-63.62,-70.17,-69.78,-77.98
CGTL,2026-05-28 13:15:00-04:00,5.52,581370,22.18,41.14,69.1,39.7,32.34,35.87
CGTL,2026-06-08 13:05:00-04:00,5.85,247825,20.21,6.62,7.1,-1.28,15.38,7.41
CGTL,2026-06-23 10:10:00-04:00,6.4305,3585194,22.29,11.45,0.7,-6.06,-2.96,-3.34
CGTL,2026-06-29 15:40:00-04:00,6.3015,168875,16.0,-7.05,-9.05,-10.66,-9.57,-9.9
CHAI,2026-06-11 12:45:00-04:00,1.56,2052458,9.21,-7.04,0.0,-5.13,-11.54,-12.18
CHAI,2026-06-30 09:40:00-04:00,0.7866,203349,8.4,-10.42,-9.17,-1.69,-4.92,-10.88
CHSN,2026-05-13 15:55:00-04:00,1.53,58852,5.96,-8.5,-9.8,-10.39,-8.82,-9.15
CHSN,2026-06-01 10:30:00-04:00,1.2707,62057,6.39,-7.89,-7.92,-8.71,-7.14,-11.86
CIIT,2026-06-12 11:20:00-04:00,23.2,1621672,58.43,-13.79,-9.87,-14.22,-20.69,-36.64
CISS,2026-06-11 12:10:00-04:00,2.27,41416,6.89,-1.32,-3.08,-1.76,4.84,-10.13
CLIK,2026-06-08 12:15:00-04:00,2.88,4841957,23.0,-1.38,-20.49,-30.55,-32.99,-44.79
CLIK,2026-07-16 09:45:00-04:00,1.73,126372,32.7,-2.31,-3.76,3.47,2.89,-12.72
CLIK,2026-07-16 11:40:00-04:00,1.9599,1323531,12.47,-11.68,-9.18,-10.16,-9.94,-22.96
CLRO,2026-06-23 13:00:00-04:00,3.855,52245,11.21,-15.43,-21.66,-22.57,-25.81,-28.92
CLWT,2026-06-30 12:15:00-04:00,1.6027,34746,5.53,-3.29,-3.29,5.45,10.75,13.56
CLWT,2026-07-21 11:15:00-04:00,1.66,10299,5.07,-1.2,-6.02,-2.4,0.0,-1.81
CNET,2026-07-24 15:20:00-04:00,1.4601,2360135,38.86,-47.2,,,,
CNEY,2026-05-26 15:50:00-04:00,2.175,180307,12.11,-4.83,-0.92,-1.38,17.24,-13.33
CNEY,2026-05-27 12:50:00-04:00,2.25,62391,7.06,11.11,14.67,-12.51,-22.22,-28.0
CNEY,2026-06-25 14:05:00-04:00,0.8207,374901,17.01,-14.16,-27.12,-33.96,-40.5,-51.85
CNEY,2026-07-14 12:20:00-04:00,0.5557,986927,18.18,9.77,37.66,13.57,18.77,75.35
CNEY,2026-07-15 13:30:00-04:00,0.9478,1919649,11.69,1.8,-7.79,2.42,-19.95,-29.54
CNSP,2026-05-13 15:30:00-04:00,5.52,15249,6.04,-5.09,-4.26,-6.16,-9.24,-7.61
CODX,2026-05-28 09:40:00-04:00,10.2301,639690,7.02,12.22,13.49,18.67,19.35,-18.13
CODX,2026-07-01 09:40:00-04:00,3.97,89081,6.11,-16.12,-15.4,-21.41,-20.65,-24.06
CPIX,2026-05-05 15:45:00-04:00,4.6525,62186,10.85,-0.38,-2.1,-5.21,-4.78,-5.53
CPIX,2026-05-15 10:40:00-04:00,5.07,18696,7.24,2.62,1.97,1.18,6.51,0.39
CPOP,2026-07-06 09:30:00-04:00,0.934,706280,39.76,-3.64,-0.96,-1.71,-2.25,8.78
CRAI,2026-06-01 09:50:00-04:00,146.9,24726,6.52,-3.49,-2.2,-1.24,-2.06,-2.21
CRAI,2026-06-23 09:30:00-04:00,147.799,19336,8.68,-3.82,-3.24,-2.57,-2.47,-2.31
CRE,2026-05-04 15:05:00-04:00,4.57,1207395,5.91,-14.99,-24.29,-23.39,-14.66,-15.75
CRE,2026-06-15 09:40:00-04:00,3.5999,118512,19.43,-0.41,-0.31,-1.67,-11.39,-8.05
CRIS,2026-06-17 15:35:00-04:00,9.284,144201,24.87,-13.57,-11.55,-12.13,-11.61,-6.25
CRIS,2026-06-26 12:50:00-04:00,5.95,6915686,41.01,11.6,12.71,-6.69,31.63,46.96
CRIS,2026-07-07 15:10:00-04:00,5.42,24841,5.19,-1.66,-7.66,-12.66,-8.3,-8.86
CRMT,2026-07-14 09:35:00-04:00,3.5301,221647,13.08,-4.54,-8.22,-14.16,12.46,22.09
CRMT,2026-07-14 12:35:00-04:00,3.85,113568,8.73,4.68,3.12,6.88,9.09,11.95
CTNT,2026-04-30 14:20:00-04:00,3.8614,192508,14.62,-19.72,-22.57,-21.01,-21.27,-22.83
CTNT,2026-05-08 15:00:00-04:00,3.1187,165677,6.55,-6.05,-11.5,-13.43,-12.77,-14.38
CTNT,2026-06-09 13:50:00-04:00,2.1079,637674,28.92,-12.0,-5.12,-8.91,-5.39,-9.39
CTNT,2026-07-24 10:10:00-04:00,1.6709,103982,6.05,5.33,8.33,1.92,3.96,
CTRM,2026-05-18 10:00:00-04:00,2.08,22132,5.7,-7.14,-4.33,-1.05,-6.01,-7.21
CUE,2026-05-04 13:35:00-04:00,33.72,127932,8.9,-9.58,-9.31,-7.74,-7.18,4.0
CUE,2026-06-18 09:30:00-04:00,27.77,101330,102.63,0.35,-3.55,-3.17,6.3,11.34
CUPR,2026-05-13 10:35:00-04:00,2.7104,1319560,9.68,-23.55,-23.05,-30.61,-31.11,-20.57
CUPR,2026-06-30 09:30:00-04:00,5.61,6108878,3472.72,-0.91,5.35,14.31,30.3,4.28
CVKD,2026-05-22 09:40:00-04:00,5.36,13926,6.48,0.86,-3.92,-4.48,-0.19,-2.05
DAIC,2026-05-29 09:35:00-04:00,3.9025,220504,9.88,-6.15,-8.46,-8.46,-9.87,15.7
DAIC,2026-07-21 14:45:00-04:00,1.43,68250,8.6,-4.2,-6.99,-8.39,-4.55,-2.8
DAIO,2026-05-28 12:20:00-04:00,3.84,46168,6.43,1.56,1.56,0.78,14.57,9.37
DAIO,2026-06-01 14:30:00-04:00,4.26,49860,11.2,-4.23,0.23,-2.0,-6.92,-3.29
DBGI,2026-06-03 11:30:00-04:00,45.4,4290705,6.37,-17.38,-18.59,-11.01,1.35,-33.73
DBGI,2026-06-09 09:30:00-04:00,39.92,627087,11.54,9.24,8.12,1.7,2.2,24.55
DBGI,2026-06-23 14:55:00-04:00,32.804,191577,5.94,-3.12,-6.76,-4.74,-2.45,-10.23
DFNS,2026-05-22 09:35:00-04:00,45.025,105700,7.54,-8.38,-6.83,-4.83,4.5,-5.58
DFNS,2026-06-04 15:15:00-04:00,42.6375,391018,6.32,6.98,-6.65,-8.65,-10.91,-8.85
DFNS,2026-07-21 09:35:00-04:00,4.3901,19930,5.28,4.1,60.13,78.36,51.25,6.38
DFNS,2026-07-21 10:45:00-04:00,6.52,176208,5.05,9.05,15.95,-7.52,3.99,-28.37
DFNS,2026-07-21 11:15:00-04:00,7.09,1070438,9.39,10.44,-16.36,-18.25,-3.39,-34.13
DFNS,2026-07-24 10:30:00-04:00,4.7,86790,6.44,-4.04,-7.55,-10.0,-8.94,
DOGZ,2026-05-15 14:20:00-04:00,1.25,21453,6.4,-2.8,-4.8,-11.19,-13.6,-10.4
DSGR,2026-07-16 09:40:00-04:00,34.4,153538,11.48,0.0,0.04,0.06,0.2,0.28
DSS,2026-06-09 13:35:00-04:00,0.6586,5091737,246.81,-13.69,-20.27,-24.07,-10.54,1.52
DSY,2026-05-22 11:45:00-04:00,2.3,25411,15.9,-13.04,-11.74,-11.74,-19.57,-17.83
DSY,2026-07-06 11:55:00-04:00,4.47,46701,5.83,1.01,2.01,3.13,1.39,0.67
DXST,2026-06-09 10:30:00-04:00,6.75,115961,8.67,-38.67,-35.41,-49.48,-47.7,-58.83
EDBL,2026-06-02 14:55:00-04:00,11.007,90386,6.53,-1.92,-2.74,-5.31,-18.27,-17.46
EDBL,2026-06-08 11:20:00-04:00,10.5795,732601,6.91,13.31,2.51,-3.49,-1.23,-7.44
EEIQ,2026-05-04 09:45:00-04:00,4.09,259388,24.97,-16.63,-14.43,-22.74,-23.72,-25.92
EEIQ,2026-06-03 13:50:00-04:00,4.86,45658,24.31,-20.78,-22.63,-23.46,-24.18,-27.37
EHGO,2026-06-08 13:55:00-04:00,1.9,49672,8.33,-17.11,-15.26,-14.21,-13.68,-17.89
EHGO,2026-06-17 15:25:00-04:00,3.335,1533140,6.47,-13.64,-22.41,-31.48,-34.03,-43.33
EHGO,2026-06-23 13:55:00-04:00,4.9999,532990,16.48,-2.96,-17.2,-21.2,-1.0,-25.8
ELAB,2026-05-12 09:30:00-04:00,1.92,48321,16.15,-1.1,0.52,-1.02,-3.49,3.13
ELAB,2026-05-22 14:35:00-04:00,1.79,28769,10.02,-1.4,-2.05,2.23,-3.35,-2.23
ELAB,2026-06-29 09:30:00-04:00,1.2087,53084,9.96,-0.22,0.93,0.93,4.24,-1.13
ELAB,2026-07-21 15:55:00-04:00,1.06,179240,10.35,-3.76,-3.3,-3.3,-3.77,-2.83
ELOG,2026-06-05 14:30:00-04:00,1.1367,879396,14.25,-1.03,6.45,4.25,4.69,0.29
ELPW,2026-05-04 09:45:00-04:00,5.9,553476,30.07,2.37,45.08,40.17,27.97,1.19
ELPW,2026-05-28 09:55:00-04:00,0.8083,92292,7.32,-3.43,-1.34,-1.63,-2.19,-1.01
ELPW,2026-07-09 09:55:00-04:00,0.7999,2000816,5.48,-13.48,-10.68,-3.68,-20.24,-62.46
ELPW,2026-07-13 12:10:00-04:00,0.4291,10327434,7.18,-11.65,-15.01,-20.76,-28.92,-29.36
ELPW,2026-07-21 14:55:00-04:00,0.2955,2685628,40.12,-5.69,-8.9,-5.25,-8.22,-11.34
ENGS,2026-07-14 09:35:00-04:00,2.95,59960,10.55,-0.25,0.0,0.58,1.38,-8.47
ENVB,2026-05-05 09:30:00-04:00,3.62,568646,114.7,0.0,2.24,6.49,0.28,-11.6
EPSM,2026-06-09 14:50:00-04:00,3.01,3210489,6.71,6.31,-16.94,-40.2,-38.54,-40.53
ERNA,2026-05-12 09:50:00-04:00,10.06,247624,13.57,24.45,37.28,37.28,15.11,20.87
ERNA,2026-05-12 10:20:00-04:00,13.9,1688364,12.38,-1.6,-9.57,-5.47,-19.93,-12.52
ERNA,2026-05-15 12:50:00-04:00,13.43,91100,8.45,-4.47,0.52,1.49,-3.2,-9.08
EVI,2026-06-09 09:35:00-04:00,17.0,6772,5.07,0.35,-0.29,1.47,3.53,2.65
EZGO,2026-05-04 10:15:00-04:00,241.5,14373,8.04,-9.32,-13.04,-21.75,-18.63,18.01
EZGO,2026-06-09 12:30:00-04:00,1.72,160304,7.82,19.81,-13.43,-0.29,-4.36,-5.81
EZGO,2026-06-30 09:40:00-04:00,1.4402,25973,9.09,-3.49,-2.79,-6.96,-11.47,-10.43
EZGO,2026-07-22 11:35:00-04:00,1.14,213501,38.89,-5.23,-3.22,-7.89,-7.02,-7.89
FCHL,2026-06-03 10:10:00-04:00,1.4673,76909,10.14,-1.18,-2.54,-6.29,-10.72,-7.99
FCHL,2026-06-08 13:00:00-04:00,1.3899,241349,28.13,-25.17,-24.45,-23.02,-12.22,-10.07
FCHL,2026-06-12 10:10:00-04:00,1.55,26457,7.39,-9.17,-6.13,-6.45,0.26,-8.39
FCHL,2026-07-06 11:20:00-04:00,1.2997,336261,13.59,-0.75,4.64,6.95,5.41,3.87
FCUV,2026-05-14 13:50:00-04:00,6.8888,2293199,24.42,-27.13,-36.93,-62.25,-48.9,-51.81
FCUV,2026-06-08 15:10:00-04:00,3.7148,150953,15.51,-26.09,-18.62,-7.4,-17.37,-11.63
FCUV,2026-06-23 10:05:00-04:00,4.7599,6072791,31.51,-12.41,11.14,11.13,-13.45,-6.93
FCUV,2026-07-01 15:30:00-04:00,4.2785,40556,7.82,-10.84,-8.85,-16.09,-18.73,-19.61
FFAI,2026-04-30 09:40:00-04:00,60.75,1383957,7.54,-0.1,-1.51,-1.23,5.56,0.02
FFAI,2026-05-29 09:40:00-04:00,50.145,1049334,7.32,0.39,-1.5,1.88,1.44,21.54
FFAI,2026-05-29 14:50:00-04:00,55.305,1398136,5.01,3.23,2.12,15.41,5.97,10.2
FFAI,2026-06-17 09:30:00-04:00,50.01,1105963,9.85,0.27,-4.89,-10.11,-8.58,-13.8
FGL,2026-07-15 10:10:00-04:00,1.5,253205,9.1,-15.0,-17.33,-16.67,-18.6,-37.34
FGL,2026-07-17 14:50:00-04:00,1.0,39176,6.96,-3.99,2.0,5.08,-2.49,0.0
FLYE,2026-06-15 09:30:00-04:00,2.1,13434,8.13,18.57,15.24,15.71,13.33,4.33
FOFO,2026-05-14 09:40:00-04:00,2.64,26648,11.18,-9.09,-7.58,-10.23,-6.82,-10.98
FOFO,2026-06-01 15:30:00-04:00,4.5,552744,7.9,-23.22,-34.0,-20.67,-11.11,-10.0
FRMM,2026-05-21 09:30:00-04:00,4.5017,39532,9.67,3.01,1.3,2.52,4.52,0.96
FTFT,2026-06-10 15:15:00-04:00,4.26,110791,13.59,-0.72,-12.88,-6.1,-13.83,-12.61
FTRK,2026-06-05 15:35:00-04:00,0.523,19651,8.89,-18.26,-12.68,-11.91,-10.94,0.25
GBR,2026-06-17 09:50:00-04:00,0.7699,33057,7.89,0.62,-0.64,-2.58,-4.31,-2.07
GBR,2026-06-22 12:45:00-04:00,0.7499,21162,10.95,-2.64,-2.83,-0.99,-3.73,-1.94
GDC,2026-05-06 09:30:00-04:00,1911.25,1130784,71.53,-30.41,-44.54,-46.3,-79.33,-98.04
GELS,2026-06-11 10:45:00-04:00,0.84,1095517,220.52,77.38,110.71,55.93,24.05,15.6
GIPR,2026-07-17 09:40:00-04:00,1.4493,1253022,6.86,-20.09,-20.31,-19.27,-19.96,-25.14
GITS,2026-05-21 15:30:00-04:00,1.7099,66933,10.1,-12.86,-11.98,-15.2,-1.64,6.15
GITS,2026-05-29 14:15:00-04:00,2.24,102455,28.94,0.67,-6.25,-3.57,14.73,11.83
GLXG,2026-07-17 10:55:00-04:00,1.37,1935103,10.12,-12.42,-26.28,-24.45,-23.36,-33.21
GMM,2026-06-08 10:20:00-04:00,5.78,24068381,21.91,-2.08,-7.09,-23.1,-25.35,-7.61
GMM,2026-07-20 13:00:00-04:00,4.235,1425972,5.06,-6.73,-6.49,-4.19,-22.1,-25.62
GOVX,2026-05-01 09:40:00-04:00,1.2699,124159,5.58,16.54,-9.09,-6.29,-8.65,-0.78
GP,2026-07-15 11:20:00-04:00,1.6611,66948,6.5,-1.87,-2.47,-0.37,-5.48,-3.08
GRAN,2026-06-08 12:15:00-04:00,1.34,163806,5.57,-4.35,-2.87,43.28,31.72,9.33
GSUN,2026-07-21 11:00:00-04:00,0.3415,785877,25.79,-10.69,-7.67,4.19,-25.3,-18.86
GSUN,2026-07-24 10:00:00-04:00,0.4561,6724602,21.03,-14.54,-7.85,-27.71,-56.59,
GV,2026-05-08 11:35:00-04:00,0.2337,2745998,10.47,-2.57,-22.76,-29.91,-26.4,-11.51
GV,2026-05-08 15:45:00-04:00,0.1822,217911,5.59,-0.38,2.36,5.93,8.51,13.5
GV,2026-05-18 09:35:00-04:00,0.2469,131054,6.44,-6.76,-6.84,-5.35,2.43,19.6
HAO,2026-06-08 13:15:00-04:00,0.9508,79582,5.1,58.81,45.14,2.02,-3.55,2.66
HAO,2026-06-08 13:55:00-04:00,2.04,645574,7.15,-42.16,-49.51,-51.99,-57.84,-52.15
HAO,2026-07-22 12:15:00-04:00,0.2449,3780955,17.08,-19.31,-24.38,-26.38,-25.6,-28.54
HCAI,2026-05-04 13:55:00-04:00,24.9474,230011,5.38,-11.23,-27.07,-26.97,-31.38,-37.79
HCAI,2026-05-18 12:55:00-04:00,13.82,683587,13.82,-2.13,-3.7,-4.7,-31.04,-28.11
HCTI,2026-07-09 15:45:00-04:00,1.8799,110660,6.47,-1.06,-0.53,-6.38,-5.85,-6.64
HCWB,2026-05-20 09:40:00-04:00,8.6994,2082695,7.9,52.42,140.02,66.56,62.42,79.32
HCWB,2026-05-28 14:45:00-04:00,13.2,118032,5.5,-1.82,-0.68,-3.64,-4.55,-7.73
HIHO,2026-06-08 11:25:00-04:00,0.8539,119991,28.29,6.34,-7.48,-17.43,-19.24,-5.01
HIHO,2026-06-09 10:20:00-04:00,0.9,308225,16.28,16.11,25.56,-12.19,-5.31,-12.58
HIHO,2026-07-21 09:30:00-04:00,1.265,38456390,7324.88,5.15,-9.89,1.58,-5.93,-10.67
HKIT,2026-05-04 14:15:00-04:00,61.65,91462,14.27,-0.22,0.97,-8.75,-11.19,-12.4
HKIT,2026-06-08 13:30:00-04:00,7.6125,996894,18.73,-6.57,0.2,11.63,-12.28,-9.03
HKIT,2026-06-08 15:05:00-04:00,13.3775,18621578,20.11,-42.96,-46.35,-49.67,-43.9,-48.23
HKIT,2026-06-11 11:20:00-04:00,18.0,12957689,9.91,3.69,-13.39,-22.53,-23.08,-30.56
HKIT,2026-06-26 10:20:00-04:00,7.6675,7008367,5.95,-15.23,11.22,-3.52,-4.66,-2.25
HKIT,2026-06-26 15:45:00-04:00,8.08,2521900,5.48,-17.79,-7.18,-2.91,-6.65,-7.24
HKIT,2026-07-15 15:05:00-04:00,4.0,28840,17.4,-0.63,-9.75,-11.51,-10.5,-11.0
HMR,2026-06-10 10:30:00-04:00,1.545,20997,12.68,-0.65,-0.36,-0.32,-4.21,-2.92
HODO,2026-07-14 11:15:00-04:00,1.7199,788629,17.78,-5.76,-13.95,-27.36,-27.61,-41.86
HOUR,2026-05-05 09:30:00-04:00,2.88,499341,24.74,2.44,-2.6,-9.37,-15.63,-21.18
HPAI,2026-06-09 12:25:00-04:00,1.2499,2805674,12.84,-12.79,-14.43,-14.39,-26.39,-27.29
HPAI,2026-07-17 14:15:00-04:00,0.6182,624340,18.03,-11.03,-3.83,-22.19,-22.36,-28.81
HQ,2026-06-02 15:45:00-04:00,13.29,56696,7.47,0.49,-0.11,1.58,2.78,-2.48
HQ,2026-06-15 09:35:00-04:00,13.705,167901,16.42,2.08,4.56,11.57,14.03,37.91
HTCO,2026-06-11 09:30:00-04:00,4.54,60627,20.85,8.81,14.65,19.4,21.15,-13.44
HUBC,2026-06-18 14:05:00-04:00,2.105,243115,8.32,-2.14,-0.67,-13.06,-18.29,-20.67
HUDI,2026-06-08 14:00:00-04:00,1.49,1202857,11.64,-25.84,-43.31,-45.48,-39.03,-44.3
HUDI,2026-07-08 12:00:00-04:00,0.9263,47886,5.07,2.55,-1.22,-9.15,-8.78,-4.74
HXHX,2026-06-04 09:55:00-04:00,0.4188,31150,9.19,0.98,-0.24,-0.93,3.39,3.27
HXHX,2026-06-05 13:40:00-04:00,0.5001,99828,25.34,-8.72,-19.42,-17.04,-19.62,-21.4
HXHX,2026-06-10 13:30:00-04:00,0.8167,2143097,7.14,-2.42,0.91,-1.02,-25.84,-28.17
HXHX,2026-06-17 09:35:00-04:00,0.518,10342,6.53,-1.97,-6.02,-7.47,-15.02,-14.83
IBG,2026-06-12 13:35:00-04:00,1.205,23652,5.96,-2.9,-1.66,1.24,1.2,0.83
ICCM,2026-06-24 09:40:00-04:00,6.91,191093,5.62,1.52,15.12,11.65,21.06,0.72
IFBD,2026-06-08 14:10:00-04:00,1.77,464883,17.3,-44.92,-38.62,-29.94,-18.08,-41.24
IMCC,2026-05-22 09:30:00-04:00,0.248,205088,96.79,1.05,2.02,-3.35,-5.65,12.94
IMCC,2026-06-30 09:55:00-04:00,0.16,123944,8.06,0.0,1.38,3.44,5.56,-2.37
IMRN,2026-05-27 15:45:00-04:00,1.15,99346,5.81,-6.52,-7.83,0.43,4.31,6.96
INDO,2026-07-13 09:35:00-04:00,2.85,27865,5.82,0.35,2.28,2.42,3.33,3.51
INDP,2026-06-04 11:30:00-04:00,2.86,19889,5.13,3.32,8.04,-3.76,68.53,27.97
INDP,2026-06-04 12:45:00-04:00,3.25,1858251,6.06,-11.38,-6.77,14.32,2.46,12.62
INDP,2026-06-11 09:35:00-04:00,2.895,91724,10.59,8.81,14.34,14.34,11.78,23.83
INEO,2026-06-09 11:00:00-04:00,0.6599,36477,5.18,-5.27,-7.55,-7.86,1.52,4.26
INEO,2026-07-20 09:40:00-04:00,0.7039,52679,24.13,-0.04,4.05,7.97,-3.4,-1.96
INLF,2026-07-06 13:50:00-04:00,8.885,379031,16.79,-17.05,-26.84,-28.76,-32.92,-40.12
INTG,2026-06-29 10:20:00-04:00,45.44,13290,5.54,2.86,4.86,10.01,7.26,8.54
IPW,2026-05-01 12:10:00-04:00,7.3936,74195,5.03,2.36,4.13,2.8,-4.72,-3.09
IPW,2026-07-02 09:45:00-04:00,2.505,85552,5.06,-12.73,-13.37,-12.97,-19.76,-24.15
IPW,2026-07-21 12:10:00-04:00,1.16,2365867,5.7,-19.35,-26.38,-21.16,-24.22,-23.75
IPW,2026-07-23 12:10:00-04:00,1.0002,965901,10.89,-9.53,-14.78,-13.75,-22.22,-33.4
IVF,2026-06-04 10:05:00-04:00,2.0299,71560,5.28,-1.47,-13.3,-12.56,-20.69,-23.64
JYD,2026-06-22 13:55:00-04:00,0.8015,501735,44.42,3.54,-3.81,2.83,9.79,16.58
JZXN,2026-05-29 11:50:00-04:00,1.16,23603,5.93,-0.29,-0.86,1.72,4.34,14.66
JZXN,2026-06-01 10:25:00-04:00,2.2209,2358574,20.43,-42.42,-44.62,-44.62,-39.89,-40.56
JZXN,2026-06-08 14:25:00-04:00,1.52,410610,6.05,-3.39,-17.43,59.91,17.76,-8.55
JZXN,2026-06-11 09:40:00-04:00,2.005,763988,9.46,-8.79,-24.19,-24.69,-28.18,-24.69
JZXN,2026-07-21 14:45:00-04:00,1.56,2571561,48.42,-13.71,13.14,-11.97,-18.35,-18.91
KIDZ,2026-06-09 09:30:00-04:00,2.42,32245,8.54,-6.2,-7.64,-5.37,-0.83,-26.86
KIDZ,2026-07-08 10:25:00-04:00,0.8051,1630892,8.04,-1.25,-3.43,3.09,0.45,-15.54
KITT,2026-05-19 12:55:00-04:00,1.815,35129,8.47,0.28,0.0,-3.58,-9.09,-8.82
KITT,2026-05-26 09:30:00-04:00,1.725,39160,16.73,2.61,1.95,-2.37,-3.77,-3.19
KLRS,2026-07-17 11:25:00-04:00,6.09,974532,8.38,-16.81,-11.33,-11.33,-23.24,-34.81
KMRK,2026-06-10 11:10:00-04:00,3.49,124085,20.83,31.52,-40.26,-42.69,-45.27,-59.03
KMRK,2026-06-22 13:05:00-04:00,1.3401,1651953,119.55,-18.66,-18.8,-20.53,-18.66,-19.41
KORE,2026-06-26 15:55:00-04:00,9.74,63660,10.61,-3.85,-3.95,-4.26,-4.31,-4.31
KRRO,2026-06-12 10:00:00-04:00,12.7899,40389,8.85,-5.36,-4.57,-10.52,-10.98,-8.99
KUST,2026-07-14 11:30:00-04:00,1.0626,98193,15.53,1.64,-1.66,-4.95,-6.11,24.36
KUST,2026-07-22 09:35:00-04:00,1.3305,1358218,8.44,23.28,1.47,-3.42,4.47,2.22
KXIN,2026-05-22 14:10:00-04:00,6.14,71085,11.32,0.81,1.63,0.65,4.24,4.07
LABT,2026-06-23 12:25:00-04:00,4.5357,50532,5.08,-6.96,-11.37,-15.78,-16.22,-18.2
LABT,2026-07-01 15:20:00-04:00,3.39,21688,8.18,-2.65,-6.19,-9.14,-15.63,-19.17
LBGJ,2026-05-06 10:50:00-04:00,1.07,1292892,10.08,-13.08,-13.55,-14.21,-5.61,-14.95
LBGJ,2026-05-14 10:40:00-04:00,1.0696,47017,5.93,-9.3,-8.05,-8.29,-7.88,-9.89
LBGJ,2026-06-12 14:35:00-04:00,1.275,161348,39.97,-0.39,-7.45,-6.61,-3.14,-2.75
LEDS,2026-07-14 10:20:00-04:00,2.57,5435601,16.21,-28.41,-10.89,-21.51,-19.26,-0.78
LEDS,2026-07-22 09:35:00-04:00,2.5992,37476,9.84,-2.67,-10.74,-4.97,-8.82,-7.28
LEGH,2026-06-16 15:55:00-04:00,25.63,24129,7.02,0.59,1.01,-0.86,-3.86,-3.71
LGCL,2026-06-30 11:55:00-04:00,1.9667,3743204,6.04,6.26,5.76,-10.26,-2.37,-6.7
LGHL,2026-06-16 13:30:00-04:00,4.8267,51951,5.05,5.03,1.16,8.15,17.45,9.71
LGHL,2026-07-14 10:00:00-04:00,5.0832,4209884,12.79,-42.16,-50.82,-48.06,-50.43,-63.41
LGPS,2026-06-04 12:50:00-04:00,0.7425,685565,23.36,-7.61,-12.46,-19.19,-18.72,-2.58
LGPS,2026-07-06 15:50:00-04:00,1.02,514376,22.69,-18.4,-19.51,-13.91,-12.77,-15.42
LHAI,2026-05-12 12:20:00-04:00,1.14,223717,8.53,-13.46,-11.4,-2.46,-15.35,-10.53
LHAI,2026-06-29 13:25:00-04:00,0.7811,70625,8.76,3.14,1.25,-3.69,-11.39,-15.5
LHAI,2026-07-20 15:55:00-04:00,1.11,40248,9.17,-0.94,-1.8,-6.27,-6.31,-7.21
LHSW,2026-06-09 13:10:00-04:00,2.624,1365949,35.77,-4.76,-1.16,1.95,-0.73,9.7
LNAI,2026-05-27 15:55:00-04:00,2.67,53272,18.14,17.23,5.99,5.62,8.61,13.86
LOBO,2026-07-22 15:45:00-04:00,0.7656,43246,5.07,-0.4,-0.37,-4.65,,-1.33
LPA,2026-05-08 15:45:00-04:00,3.7,9552,5.36,-2.97,-7.57,-5.14,-2.58,-5.14
LUCY,2026-05-06 11:20:00-04:00,1.0699,46142,6.18,-0.15,-3.26,-0.93,-0.92,-0.93
LVO,2026-06-26 15:55:00-04:00,6.235,22810,12.9,6.5,6.58,7.46,6.5,6.66
LZMH,2026-05-04 15:55:00-04:00,2.022,402988,6.26,-7.72,-7.12,-6.53,-7.42,7.81
LZMH,2026-05-05 15:45:00-04:00,2.108,604716,14.9,-10.34,-9.87,-9.68,-9.58,-3.13
LZMH,2026-05-15 14:20:00-04:00,1.896,1237463,27.23,43.99,-5.8,-14.24,-14.77,-12.87
LZMH,2026-06-08 13:05:00-04:00,1.54,2132546,7.9,-14.29,-21.43,-12.34,-6.23,-3.9
MAMO,2026-04-29 15:40:00-04:00,0.99,46000,5.96,-2.03,-1.58,1.01,1.01,2.53
MASK,2026-05-05 12:15:00-04:00,2.255,1023916,6.7,7.1,5.1,-1.55,16.63,7.54
MASK,2026-05-18 09:50:00-04:00,1.85,80520,8.61,-3.51,-4.05,-0.81,-5.95,-8.65
MDIA,2026-06-08 15:15:00-04:00,1.35,63659,8.26,-39.27,-48.81,-45.93,-48.88,-48.15
MF,2026-07-22 10:40:00-04:00,5.0294,52877,9.01,11.74,7.37,3.39,8.96,6.18
MLGO,2026-05-20 12:30:00-04:00,5.2063,197166,5.53,10.35,20.43,12.36,1.22,14.09
MNDR,2026-05-04 09:40:00-04:00,7.89,3991723,5.72,23.96,11.78,12.55,15.6,-16.73
MNDR,2026-06-12 10:50:00-04:00,4.4592,96478,10.59,0.83,-0.24,-4.43,-7.82,-8.3
MRDN,2026-05-04 09:40:00-04:00,14.5,16612,6.12,-6.97,-16.41,-16.9,-17.45,-21.79
MRNO,2026-06-10 15:55:00-04:00,0.332,113783,20.6,-4.04,-3.92,-2.71,1.6,-0.78
MRNO,2026-07-16 14:10:00-04:00,0.2698,58365,5.68,-4.52,-8.41,-11.05,-8.45,-12.6
MSGY,2026-05-08 11:00:00-04:00,0.5501,218983,8.08,3.62,1.82,-3.29,-16.18,-20.03
MSGY,2026-06-01 11:00:00-04:00,0.615,411012,15.98,-21.22,-20.34,-19.4,-16.26,-21.9
MSGY,2026-06-08 14:10:00-04:00,0.54,231260,5.45,18.48,-2.31,31.5,7.07,7.59
MSGY,2026-06-16 10:05:00-04:00,0.6001,74713,9.9,-4.18,-8.28,-7.77,-4.98,-1.18
MTEK,2026-05-01 13:20:00-04:00,1.34,27251,5.58,-0.75,-5.22,-5.22,-14.18,-14.18
MTEN,2026-06-08 13:35:00-04:00,1.97,2360235,71.69,30.96,9.64,41.62,65.99,-23.35
MTEN,2026-07-22 11:00:00-04:00,1.37,571536,6.73,-4.4,-9.48,0.73,2.91,-12.77
MTVA,2026-05-19 15:30:00-04:00,2.01,1614959,6.2,-1.0,12.89,47.78,45.77,43.83
MTVA,2026-05-27 09:35:00-04:00,3.3012,765480,14.55,8.45,4.2,1.78,-3.52,-5.19
MTVA,2026-06-25 09:40:00-04:00,1.64,51333,9.58,-1.22,-2.61,-5.49,-4.88,-12.2
MTVA,2026-07-13 09:35:00-04:00,1.865,27481,9.77,4.56,4.82,10.09,2.41,2.95
MVO,2026-07-16 15:55:00-04:00,0.6425,31509,12.23,1.15,-0.39,1.17,1.8,5.82
MWG,2026-06-08 14:10:00-04:00,1.4536,21576,6.38,-3.34,-7.13,3.88,1.25,1.13
MYSE,2026-05-14 14:25:00-04:00,1.85,43456,18.22,-2.16,-2.16,-3.24,-4.32,-2.16
NBN,2026-06-10 09:35:00-04:00,127.38,28850,7.51,0.64,0.01,-0.18,-0.93,0.86
NCI,2026-05-04 09:40:00-04:00,9.92,148945,9.32,-6.05,-4.83,-13.23,-12.5,-12.1
NCI,2026-05-11 09:40:00-04:00,9.36,1332612,21.63,-0.81,-3.42,-4.7,-5.13,-7.69
NCI,2026-06-02 09:40:00-04:00,10.3701,45831,6.37,-0.1,-0.1,-0.19,-0.0,-2.99
NCI,2026-06-03 14:15:00-04:00,11.25,340175,19.18,-12.71,-11.82,-8.31,-8.09,-6.58
NCRA,2026-06-29 09:30:00-04:00,3.063,380617,11.9,-0.1,2.25,2.45,2.35,-5.58
NEXR,2026-04-30 09:30:00-04:00,2.252,44452,7.59,7.9,11.01,16.79,10.12,-1.87
NEXR,2026-05-05 14:40:00-04:00,2.2,24884,5.51,1.82,1.36,-3.86,-10.0,-18.18
NEXR,2026-05-28 13:05:00-04:00,1.2,27270,5.75,-0.83,-1.67,-1.67,120.0,13.33
NEXR,2026-06-17 13:50:00-04:00,0.74,37258,5.22,-1.77,-0.68,-3.91,-6.82,-6.43
NIVF,2026-05-28 09:50:00-04:00,3.255,348790,6.23,4.26,-0.44,-9.17,-11.51,-15.72
NIVF,2026-06-10 14:00:00-04:00,1.7853,211742,7.53,-8.87,-11.04,-9.26,-4.18,-5.19
NIVF,2026-06-16 09:30:00-04:00,2.6235,39219862,13023.02,-19.65,-26.82,8.06,-11.95,-9.82
NIVF,2026-06-16 11:30:00-04:00,2.835,5901125,5.75,-14.06,-17.57,-18.52,-20.18,-16.55
NIVF,2026-06-26 14:45:00-04:00,1.728,187956,9.31,-3.47,-5.28,-9.25,-9.86,-11.3
NPT,2026-06-08 10:50:00-04:00,2.1401,3154529,24.4,-13.35,81.27,40.18,283.39,20.32
NPT,2026-06-18 09:30:00-04:00,2.5881,401841,83.75,7.99,13.6,9.76,10.47,-3.39
NRT,2026-07-09 14:30:00-04:00,7.35,5600,5.45,-0.14,0.54,0.0,3.95,-0.41
NTCL,2026-07-06 14:00:00-04:00,5.01,22561,7.0,0.53,-5.29,-24.75,-19.76,-14.27
NVEC,2026-07-23 09:35:00-04:00,125.765,29645,6.0,-3.49,-3.23,3.28,3.93,-6.66
NXTC,2026-06-12 09:30:00-04:00,2.5,34357,18.24,-16.0,-18.4,-14.8,-16.8,-20.8
NXTS,2026-05-07 13:30:00-04:00,5.9673,31471,9.32,-11.85,-3.81,-18.01,-17.88,-13.03
OCC,2026-06-02 09:40:00-04:00,14.84,28058,5.54,2.22,2.93,3.77,0.98,-4.65
OCC,2026-06-29 09:30:00-04:00,19.75,48377,15.07,-2.89,-5.42,-1.57,4.3,6.18
OCG,2026-05-06 09:30:00-04:00,2.03,6353609,2980.34,0.99,2.46,2.46,5.91,8.87
ONCO,2026-07-06 09:40:00-04:00,1.13,334979,17.39,-3.08,-1.77,3.19,-1.77,-7.08
ONCO,2026-07-20 15:55:00-04:00,1.005,288136,32.37,-4.6,-9.45,-12.22,-13.83,-11.76
ONEG,2026-06-11 11:30:00-04:00,1.1644,53170,9.41,27.1,-6.39,-2.95,2.2,6.49
ONEG,2026-06-11 11:50:00-04:00,1.71,860318,18.82,-31.57,-37.43,-33.33,-27.49,-27.49
OPAD,2026-06-01 09:40:00-04:00,7.905,196797,32.46,1.2,0.92,1.2,2.82,2.93
OPTX,2026-06-29 09:30:00-04:00,11.07,174561,22.47,-7.36,-6.91,-4.83,-4.71,12.33
OPY,2026-06-09 10:05:00-04:00,101.86,23937,7.19,-1.21,-3.11,-1.45,-1.37,-1.68
ORKT,2026-06-08 14:50:00-04:00,1.265,26074,7.73,0.25,-1.19,-1.31,0.4,-1.19
OXBR,2026-07-09 14:55:00-04:00,1.57,15301,5.18,-4.46,-0.19,6.37,12.1,10.19
PAPL,2026-05-07 09:30:00-04:00,1.3092,110274,53.73,-6.84,-8.34,-6.66,-8.34,-15.22
PAPL,2026-06-08 09:40:00-04:00,1.08,51399,8.43,-3.06,-2.77,0.93,-0.93,-8.33
PAVS,2026-06-08 13:55:00-04:00,212.0,1956323,19.89,3.3,-29.01,6.13,700.47,-50.94
PAVS,2026-07-23 10:20:00-04:00,5.74,205807,37.74,3.48,8.19,-7.47,-0.87,-16.72
PBM,2026-05-07 13:35:00-04:00,6.21,7616,5.92,-2.12,-1.96,-8.0,-10.95,-10.63
PCLA,2026-05-22 15:00:00-04:00,6.825,1576796,9.91,0.95,-0.22,0.37,-2.86,71.28
PCLA,2026-06-26 11:40:00-04:00,9.3,43079,5.51,-30.54,-27.85,-26.88,-39.25,-33.01
PCSA,2026-05-14 09:40:00-04:00,3.07,27478,9.05,0.0,1.63,2.97,1.63,-2.28
PCSA,2026-07-02 09:40:00-04:00,2.28,23991,7.27,0.0,-5.48,-6.95,-5.7,-7.68
PFSA,2026-07-06 15:35:00-04:00,2.8725,509684,6.25,-2.35,1.48,0.26,-3.57,-2.87
PHGE,2026-05-20 12:10:00-04:00,0.6631,10258002,7.92,-18.94,-22.47,-9.09,-7.99,9.17
PHOE,2026-05-19 10:10:00-04:00,17.235,65536,16.15,21.85,-3.57,8.3,5.13,-11.46
PHOE,2026-07-07 12:55:00-04:00,29.255,19237,8.21,-6.92,-16.68,-29.65,-37.62,-32.59
PHOE,2026-07-14 12:05:00-04:00,36.29,61354,25.59,-31.52,-25.05,-29.59,-21.3,-32.54
PLBL,2026-07-14 15:50:00-04:00,7.78,52737,6.65,-1.67,-1.29,-3.6,0.0,0.51
PLBL,2026-07-16 15:55:00-04:00,7.8,13040,5.09,0.64,1.54,-1.03,-4.42,0.51
PLCE,2026-06-30 12:55:00-04:00,3.09,19414,11.05,-0.97,-1.29,-0.32,-2.91,-2.1
PLPC,2026-07-10 09:30:00-04:00,359.5,8539,5.79,-3.29,-0.45,-1.98,-1.49,-5.49
PLSM,2026-05-13 13:40:00-04:00,7.15,37941,9.39,-25.73,-37.2,-34.27,-39.86,-38.81
PMAX,2026-05-12 12:25:00-04:00,2.79,26771,6.45,-0.36,-3.23,-5.02,9.32,22.22
PMAX,2026-05-13 14:55:00-04:00,3.45,41036,8.77,-7.68,-1.16,-7.39,-5.8,-9.86
PMAX,2026-06-11 13:50:00-04:00,2.265,67276,5.3,-1.32,-2.64,-12.14,-5.96,-9.05
PN,2026-05-05 11:45:00-04:00,9.26,1198603,17.86,9.5,-7.88,-8.75,-29.51,-11.99
PN,2026-05-13 15:20:00-04:00,4.78,10689,5.29,1.46,-2.3,-3.8,-5.44,-3.97
PN,2026-06-08 11:45:00-04:00,5.1,617554,34.8,-12.55,-14.31,-17.55,-20.19,-24.12
PN,2026-06-08 15:05:00-04:00,7.98,963443,8.1,-45.24,-52.38,-56.14,-52.82,-51.5
PN,2026-07-22 14:35:00-04:00,6.939,228965,8.73,22.5,34.03,19.61,29.56,40.8
POAS,2026-06-15 09:30:00-04:00,0.2892,111726,22.45,-1.4,0.26,-0.41,3.72,22.87
POAS,2026-07-22 12:25:00-04:00,0.2491,69496,7.77,0.22,-1.65,2.31,-3.53,-1.57
PPSI,2026-05-27 14:20:00-04:00,5.71,38700,5.85,8.58,6.83,5.69,2.45,-3.77
PSIG,2026-05-19 09:35:00-04:00,7.5973,483947,32.29,0.21,1.22,0.3,0.43,3.46
PSIG,2026-06-18 10:50:00-04:00,11.9499,609831,9.03,-3.6,-1.84,0.25,-0.75,-2.09
PSTV,2026-05-11 13:55:00-04:00,6.2399,17993,8.41,-2.08,-3.52,-4.65,-6.09,-6.33
PXS,2026-05-26 09:40:00-04:00,4.86,18062,8.74,-1.23,-1.44,-2.06,-2.35,-3.7
QCLS,2026-06-22 13:05:00-04:00,4.0802,37598,7.08,0.36,0.24,-1.48,0.36,-4.66
QNCX,2026-04-30 12:40:00-04:00,25.1,54760,10.1,1.2,0.8,4.49,1.99,5.58
RBNE,2026-07-23 09:40:00-04:00,4.95,16185,7.75,4.34,3.23,10.69,19.61,-35.35
RFIL,2026-05-13 14:20:00-04:00,18.2905,43363,15.9,-2.11,-0.82,-1.31,0.05,-0.28
RGNT,2026-05-20 10:00:00-04:00,2.475,42389,15.2,-9.9,-5.05,-10.21,-9.7,-16.77
RGNT,2026-06-15 09:40:00-04:00,2.56,932363,25.81,86.07,56.25,53.28,456.14,140.23
RGNT,2026-06-15 10:05:00-04:00,5.485,9281585,8.58,-14.09,-24.34,26.53,95.65,12.12
RGNT,2026-07-01 12:55:00-04:00,4.25,49378,9.75,-1.18,5.65,3.06,2.35,-4.71
RMCF,2026-06-22 15:55:00-04:00,1.48,133381,6.58,2.02,2.36,3.38,5.41,8.78
RPGL,2026-05-18 10:50:00-04:00,16.508,1177839,5.64,-18.03,-21.52,-15.97,-25.61,-43.47
RTB,2026-06-22 09:50:00-04:00,14.5,107720,8.83,8.97,-13.52,-20.34,-12.07,-14.83
RYOJ,2026-05-22 12:05:00-04:00,5.9286,1415872,6.0,27.35,-14.98,-1.49,-36.59,-35.57
RYOJ,2026-05-26 15:25:00-04:00,3.83,55684,6.67,-0.26,3.87,-8.09,-1.7,37.86
RYOJ,2026-05-27 13:45:00-04:00,6.99,378194,13.06,-16.74,-24.75,-28.75,-31.64,-38.05
RYOJ,2026-06-04 13:35:00-04:00,3.89,287260,59.95,-17.31,-20.31,-11.83,-13.88,-14.52
RYOJ,2026-06-26 11:30:00-04:00,2.61,123190,13.96,21.84,6.52,-5.75,1.96,-5.75
RYOJ,2026-07-09 14:45:00-04:00,3.56,88877,6.6,6.18,5.06,1.97,4.78,17.84
SBFM,2026-06-11 10:45:00-04:00,2.54,28672,5.66,-6.3,-7.49,-7.48,-5.12,-12.2
SCLX,2026-04-30 12:10:00-04:00,6.0087,15115,5.83,2.95,2.8,9.95,6.32,8.91
SCNI,2026-06-05 15:55:00-04:00,0.4199,13177,5.34,0.02,-4.12,-5.91,-9.5,-5.91
SDEV,2026-06-04 09:35:00-04:00,1.22,6495,5.26,4.08,3.09,0.41,-2.87,-6.56
SDOT,2026-06-04 13:25:00-04:00,9.52,190178,7.23,35.5,34.72,19.73,44.43,23.11
SDOT,2026-06-05 13:20:00-04:00,15.0,239473,5.5,-28.47,-28.99,-15.33,23.58,32.67
SDOT,2026-06-22 15:45:00-04:00,9.0501,135448,5.75,21.1,20.44,10.61,7.9,11.55
SDST,2026-07-08 09:50:00-04:00,1.6864,146034,17.86,-3.05,-3.56,-2.8,-0.97,5.25
SER,2026-05-14 15:15:00-04:00,1.81,29925,14.67,-4.97,-4.97,-1.93,-7.18,-9.39
SHFS,2026-05-18 09:30:00-04:00,0.4691,63313,22.6,-5.82,-7.63,0.17,-9.46,-7.4
SHFS,2026-06-12 12:05:00-04:00,0.3049,9591843,8.94,38.24,13.94,-11.87,-18.3,-12.92
SHMD,2026-05-08 09:40:00-04:00,6.4,257731,10.71,-0.7,-3.59,-3.59,-5.0,-6.41
SHPH,2026-05-04 11:25:00-04:00,8.632,764971,20.28,-5.68,-5.72,-8.86,-2.93,-10.62
SILC,2026-06-26 12:20:00-04:00,40.9,21483,6.15,-0.01,0.86,0.42,-1.14,1.83
SKK,2026-05-04 12:25:00-04:00,8.98,227599,9.56,61.64,23.83,40.53,-35.92,-37.86
SKYQ,2026-05-15 10:25:00-04:00,3.54,1066127,9.55,-9.46,-7.02,-7.91,-11.19,-15.82
SKYQ,2026-06-10 12:40:00-04:00,2.04,1162648,7.24,-17.03,-20.59,-10.75,-15.93,-27.94
SKYQ,2026-06-24 10:30:00-04:00,2.415,4764060,9.64,-8.9,-8.87,-4.31,-5.8,8.11
SKYQ,2026-07-20 09:40:00-04:00,4.75,2213050,12.12,-0.21,-8.06,-8.21,-5.48,-14.74
SLXN,2026-05-29 12:15:00-04:00,4.8,27473,9.3,8.85,8.54,9.37,-1.18,3.75
SLXN,2026-06-15 15:15:00-04:00,2.86,39750,5.32,-3.32,-15.73,-14.69,-11.53,-7.69
SMJF,2026-06-05 10:05:00-04:00,5.17,28287,6.55,-0.77,0.0,-4.06,1.93,2.71
SMX,2026-05-06 11:55:00-04:00,3.7872,2116695,9.58,9.95,-0.31,-11.18,-8.16,-25.68
SMX,2026-05-26 15:05:00-04:00,20.7094,18614,7.52,-0.94,-3.03,-10.5,-11.38,-11.44
SNOA,2026-05-01 09:40:00-04:00,1.155,28952,5.6,-0.49,-0.43,2.16,2.16,5.63
SNYR,2026-06-17 11:55:00-04:00,0.2083,100334,8.07,1.63,2.11,0.67,-0.91,20.02
SOBR,2026-05-05 09:45:00-04:00,1.2758,4547863,48.73,12.87,-0.23,-10.25,-2.81,-19.27
SOBR,2026-05-07 09:40:00-04:00,1.555,2537209,7.9,8.05,2.32,9.53,8.36,5.47
SOBR,2026-05-18 09:35:00-04:00,1.4945,35739,6.45,-3.98,-4.98,-8.67,-9.67,-21.71
SOBR,2026-07-21 12:35:00-04:00,0.708,223559,11.24,-8.18,-9.59,-4.69,-11.0,-19.32
SPCB,2026-05-05 11:40:00-04:00,9.9285,22177,6.34,-0.79,-0.84,1.43,8.68,8.93
SPHL,2026-06-05 10:10:00-04:00,5.65,558464,29.76,28.32,20.73,-5.13,18.05,-19.82
SPHL,2026-06-24 09:35:00-04:00,2.815,8874,5.8,-1.95,0.18,0.0,-2.76,-2.76
SPPL,2026-06-02 09:35:00-04:00,3.625,107160,6.44,-0.14,-0.14,-0.41,-1.24,5.93
SRZN,2026-05-29 15:55:00-04:00,26.21,115759,14.66,-3.92,-6.68,-4.46,-5.28,-5.04
SST,2026-06-16 15:55:00-04:00,3.05,20367,7.15,0.5,-0.16,2.3,-1.3,0.33
SST,2026-06-26 09:40:00-04:00,2.46,10590,6.19,-5.28,-2.03,1.22,1.63,-1.63
STEM,2026-07-02 09:30:00-04:00,8.03,15026,8.6,1.56,0.87,-2.86,-5.35,-2.86
STFS,2026-05-06 12:50:00-04:00,5.58,144811,11.56,16.68,7.53,34.05,26.61,43.64
STFS,2026-05-08 10:50:00-04:00,15.2101,111616,10.12,-33.66,-33.86,-38.22,-35.25,-33.47
STFS,2026-05-26 10:30:00-04:00,8.5,75265,11.56,2.82,5.76,2.35,12.35,9.76
STI,2026-06-10 14:45:00-04:00,28.79,137023,5.84,-5.18,-4.08,-11.43,-9.48,-10.73
SUGP,2026-06-02 09:40:00-04:00,1.2392,136966,18.0,-9.62,-10.43,-12.49,-10.02,-7.19
SUGP,2026-06-03 14:05:00-04:00,1.43,231728,8.85,-5.94,-16.08,-17.13,-24.48,-51.05
SUGP,2026-06-05 12:50:00-04:00,1.22,3570671,22.61,-16.39,-13.11,-28.31,-26.6,-23.22
SUGP,2026-07-21 14:00:00-04:00,0.5455,268887,10.33,-7.66,-1.01,-3.17,-1.01,-6.51
SUNE,2026-05-08 09:30:00-04:00,1.68,14964,5.19,-2.68,-2.08,-0.6,0.0,-3.57
SUPX,2026-06-24 11:10:00-04:00,8.07,26643,6.72,-1.43,0.12,-0.87,-0.25,-4.34
SWMR,2026-05-11 09:35:00-04:00,29.83,57518,10.58,3.22,8.15,10.63,10.69,22.06
SWMR,2026-05-15 09:40:00-04:00,30.7,42106,6.4,-4.3,-6.06,-5.93,-1.92,6.03
SWMR,2026-05-18 13:20:00-04:00,33.0,46391,9.77,-1.55,-0.94,-0.73,-8.76,-7.09
TAOX,2026-04-30 11:35:00-04:00,5.03,20125,5.67,0.64,1.99,1.19,0.5,6.26
TAOX,2026-05-01 11:55:00-04:00,5.18,28064,7.73,2.22,0.48,2.7,9.07,4.83
TC,2026-07-08 09:35:00-04:00,2.44,345935,5.3,9.88,-2.02,0.82,-3.69,-2.87
TC,2026-07-24 13:50:00-04:00,2.4399,69613,11.32,22.91,3.28,-9.01,,
TC,2026-07-24 14:30:00-04:00,3.1101,1151324,5.19,-21.39,-31.51,,,
TDIC,2026-05-26 14:55:00-04:00,14.125,1807291,10.61,-9.42,-12.27,-19.89,-24.58,-20.64
TGE,2026-06-12 14:20:00-04:00,1.155,323176,11.36,-15.26,-24.03,-23.02,0.22,-0.33
TNMG,2026-05-22 12:50:00-04:00,0.74,24435,49.34,-1.36,-4.04,-4.05,-1.89,-0.53
TNMG,2026-07-23 13:20:00-04:00,0.45,743507,42.95,-18.62,-14.09,-15.62,-16.51,-19.22
TRNR,2026-06-16 15:20:00-04:00,5.3333,2655263,28.73,-11.73,-22.81,-23.22,-18.78,-18.03
TRNR,2026-07-14 10:10:00-04:00,3.7387,256599,31.77,-24.57,-25.24,-26.46,-24.05,-18.69
TRT,2026-06-04 09:35:00-04:00,13.29,87530,7.23,-2.18,-3.05,-2.45,-3.69,-21.44
TRT,2026-06-11 15:20:00-04:00,10.351,21492,5.12,0.38,0.56,8.97,8.15,5.5
TRT,2026-07-15 09:40:00-04:00,12.23,222641,7.32,-1.88,-4.66,-6.3,-9.16,-13.9
TRUG,2026-06-09 15:45:00-04:00,1.66,40631,9.24,0.0,-0.9,-6.56,-7.23,-6.63
TRUG,2026-06-17 09:45:00-04:00,1.4213,25689,5.39,-2.91,-4.31,0.61,-2.2,-3.61
TRUG,2026-07-17 09:40:00-04:00,1.67,4185560,25.35,-21.56,-26.94,-23.35,-25.15,-26.95
TVRD,2026-07-07 09:35:00-04:00,2.147,142417,17.86,22.26,34.73,52.77,39.67,126.83
TVRD,2026-07-13 15:25:00-04:00,3.355,153588,7.15,-1.34,-8.79,-5.37,-7.0,-7.75
TVRD,2026-07-14 15:45:00-04:00,3.1603,479123,20.43,-2.86,2.21,-0.17,-2.86,-7.13
UFG,2026-06-09 15:55:00-04:00,1.01,424720,44.33,-7.13,-11.5,-11.94,-19.79,-10.92
UK,2026-05-11 11:20:00-04:00,3.39,9756,5.35,-2.36,-2.74,-5.9,-12.83,-10.42
UK,2026-06-03 10:30:00-04:00,3.05,60951,9.33,-4.59,-4.59,-8.2,1.64,1.64
UONE,2026-05-01 12:25:00-04:00,6.3844,66967,6.68,12.62,9.64,14.84,7.84,30.0
VBIO,2026-07-24 15:00:00-04:00,0.3381,1886097,16.71,-12.33,,,,
VCIG,2026-05-22 12:25:00-04:00,1.2699,2459077,9.88,13.36,-8.26,0.4,21.27,127.58
VCIG,2026-05-26 12:50:00-04:00,2.2801,1800685,5.23,2.19,26.31,14.91,72.81,110.07
VCIG,2026-07-21 15:10:00-04:00,0.7101,768852,21.83,-2.97,-4.68,1.44,-5.63,-3.25
VEEE,2026-05-01 14:05:00-04:00,5.8904,287633,9.82,0.5,1.13,10.43,13.74,1.86
VEEE,2026-05-05 15:50:00-04:00,6.3,48395,6.37,-0.21,1.75,3.17,-3.81,-4.44
VIVK,2026-06-09 12:55:00-04:00,15.968,542195,10.69,-28.36,-31.71,-25.44,-20.89,-20.69
VIVK,2026-07-23 10:20:00-04:00,2.048,4242517,8.42,-6.01,-7.27,-5.63,-1.06,40.14
VIVO,2026-05-27 09:30:00-04:00,5.1,630097,37.67,-3.16,-3.11,-5.27,-3.63,10.78
VMAR,2026-04-30 15:10:00-04:00,12.9,63977,19.48,1.16,-3.09,-3.88,-1.55,-3.1
VMAR,2026-05-29 13:20:00-04:00,6.521,284763,8.51,-7.99,-11.82,-11.06,-17.93,-18.72
VMAR,2026-07-13 13:00:00-04:00,1.58,523567,12.2,1.68,1.27,18.98,-6.96,-16.77
VNCE,2026-06-18 09:30:00-04:00,7.5801,59744,7.4,5.54,1.71,-1.86,-2.05,-10.45
VRAX,2026-06-26 11:50:00-04:00,3.99,107093,10.82,-29.2,-27.57,-25.06,-15.41,-17.29
VRTS,2026-07-24 09:50:00-04:00,163.85,20899,5.38,-0.21,0.65,1.5,,
VRXA,2026-07-02 10:00:00-04:00,2.15,136613,5.31,-7.44,-6.74,-5.56,-3.26,1.4
VSA,2026-06-03 12:00:00-04:00,6.43,249155,22.39,-11.04,-9.72,-5.29,-11.9,-0.31
VSME,2026-06-12 14:10:00-04:00,2.215,3486595,12.43,-12.9,-18.96,32.51,33.86,46.73
VSME,2026-06-15 12:10:00-04:00,3.49,3391302,6.13,-11.61,-14.61,-12.61,-28.08,-20.34
VTAK,2026-07-23 13:25:00-04:00,0.4,52359,7.36,-3.12,-0.3,-0.65,-35.87,-35.0
VTVT,2026-07-14 11:45:00-04:00,32.35,6142,5.48,-0.56,-0.71,-1.61,0.93,0.83
WBUY,2026-06-09 12:55:00-04:00,1.0,757856,132.36,-4.5,-7.36,16.99,-3.0,11.0
WLDS,2026-05-29 12:25:00-04:00,3.057,353334,45.55,-8.93,-9.48,-10.58,-10.69,-6.93
WLDS,2026-06-15 14:50:00-04:00,2.8053,364740,40.81,13.36,9.08,-15.51,-13.88,-13.45
WLDS,2026-07-23 10:45:00-04:00,2.51,2879295,5.8,-32.88,-33.07,-25.9,-13.15,41.43
WLDS,2026-07-24 15:35:00-04:00,4.03,2481011,17.48,,,,,
WOK,2026-06-01 13:50:00-04:00,14.09,17278447,13.53,-11.28,-16.25,-22.36,-24.77,-26.9
WOK,2026-06-08 14:15:00-04:00,10.48,6836845,5.02,4.58,5.44,2.96,-3.05,-3.05
WOK,2026-06-15 11:20:00-04:00,10.45,36740126,11.84,-16.94,-17.51,-18.18,-20.67,-51.39
WSHP,2026-06-26 12:30:00-04:00,6.82,47647,6.22,-10.19,-8.27,-7.62,15.91,28.89
WW,2026-05-22 09:35:00-04:00,12.67,45798,6.69,-0.89,1.22,-0.95,1.7,9.27
WYFI,2026-05-04 09:30:00-04:00,17.23,64458,8.03,-1.63,-2.32,2.03,3.13,13.35
WYY,2026-05-04 15:40:00-04:00,8.7,46958,5.19,7.93,10.92,9.31,6.32,9.2
XHLD,2026-07-07 12:20:00-04:00,2.09,245999,10.61,1.96,1.2,1.0,-5.26,-3.83
XHLD,2026-07-14 10:40:00-04:00,2.04,277274,43.28,10.29,10.75,8.33,5.39,0.0
XHLD,2026-07-17 11:15:00-04:00,2.06,249738,11.36,-1.64,5.83,4.37,-0.97,-1.94
XHLD,2026-07-22 14:15:00-04:00,2.13,125490,10.4,3.76,-2.35,2.35,-7.98,-2.82
XXII,2026-05-13 13:10:00-04:00,13.692,83636,7.11,-0.12,0.79,-5.97,0.8,4.21
YCBD,2026-05-06 15:50:00-04:00,0.904,84291,15.94,-1.84,-3.62,-2.65,-5.53,-3.76
YCBD,2026-05-20 10:20:00-04:00,0.7675,31701,5.66,-7.18,-5.35,-3.77,-2.72,0.29
YDKG,2026-06-15 15:55:00-04:00,1.015,688953,38.2,-3.68,-7.45,-4.53,-8.08,-5.42
YHC,2026-06-25 15:20:00-04:00,96.4,27507,6.22,3.0,-0.91,-2.49,1.66,7.37
YMAT,2026-05-05 11:00:00-04:00,1.725,1064590,40.0,-24.32,-26.32,-25.39,-24.61,-24.32
YMAT,2026-05-08 10:00:00-04:00,2.245,5400824,11.06,11.67,102.67,61.09,16.01,46.99
YMAT,2026-05-29 13:10:00-04:00,8.644,1291925,25.18,10.48,-22.49,-20.21,-42.17,-41.87
YMAT,2026-06-03 11:45:00-04:00,6.35,1821364,8.13,-4.64,-13.39,-5.43,-3.15,-22.87
YMAT,2026-07-10 11:50:00-04:00,2.4835,716623,12.77,-10.1,-5.34,-8.6,-1.75,-20.48
ZBAO,2026-05-15 10:20:00-04:00,0.7762,58049,5.0,3.07,-3.1,5.63,-1.31,7.28
ZBAO,2026-05-15 15:15:00-04:00,0.9453,723287,19.51,-23.78,-22.71,-19.77,-19.43,-11.91
ZBAO,2026-06-16 15:50:00-04:00,0.6299,98383,14.95,-9.08,-9.53,-10.86,-6.72,-9.13
ZBAO,2026-07-02 10:05:00-04:00,0.4834,26580,5.23,-2.25,-7.16,-13.94,-9.62,-4.96
ZBAO,2026-07-09 13:15:00-04:00,0.4126,3526673,17.84,-16.34,-33.11,-30.44,34.92,2.08
ZBAO,2026-07-22 11:25:00-04:00,0.2485,13038120,22.45,10.7,16.74,55.98,9.9,-0.85
ZNB,2026-06-16 14:15:00-04:00,0.9249,267572,6.91,-2.78,-3.8,-15.4,-16.21,-14.82
ZNB,2026-07-09 12:05:00-04:00,0.5648,216523,11.19,-9.67,-12.39,-10.59,-16.43,-21.35
ZNB,2026-07-13 09:30:00-04:00,0.455,247313,33.32,-2.59,-3.19,-4.29,-6.11,-14.31
ZYBT,2026-07-23 14:45:00-04:00,1.97,541959,8.27,-13.2,-9.14,-10.99,-10.66,-14.21
