event,ticker,time,price,value,reason,headline
ENTRY,NIVF,2026-07-27T13:59:15.483825+00:00,1.0801,qty=121,SENTIMENT_AND_TICK_VOLUME_CONFIRMED,NewGenIVF Group Agrees To Acquire Additional 3% Equity Interest In K25.Ai At $250M Equity Valuation
ENTRY,AGPU,2026-07-27T14:15:26.078427+00:00,7.8500,qty=7,SENTIMENT_AND_TICK_VOLUME_CONFIRMED,Axe Compute Announces New 5-Yr Customer Agreement With Total Committed Contract Value Of Over $1.5B To Deploy NVIDIA Blackwell-Based AI Infrastructure Cluster In US
EXIT,AGPU,2026-07-27T14:21:02.413295+00:00,7.6350,-2.74,Fast EMA exit (9-period) — 1m close below EMA,
EXIT,NIVF,2026-07-27T14:37:50.063028+00:00,1.0850,+0.45,Fast EMA exit (9-period) — 1m close below EMA,
ENTRY,CODX,2026-07-28T12:40:36.603386+00:00,2.1014,qty=53,SENTIMENT_AND_TICK_VOLUME_CONFIRMED,EXCLUSIVE: Co-Diagnostics Announces Successful Proof of Concept for Extraction-Free Ebola Test
EXIT,CODX,2026-07-28T12:55:59.345374+00:00,2.0997,-0.08,Fast EMA exit (9-period) — 1m close below EMA,
ENTRY,MNTS,2026-07-28T14:39:41.061549+00:00,4.5900,qty=16,SENTIMENT_AND_TICK_VOLUME_CONFIRMED,"Momentus Completes Spacecraft Critical Design Review For Vigoride 8 Mission, Transporting Two Hosted Payloads Under Contracts With NASA"
EXIT,MNTS,2026-07-28T16:00:10.737390+00:00,4.6600,+1.53,Fast EMA exit (9-period) — 1m close below EMA,
ENTRY,AMIX,2026-07-29T08:13:34.707188+00:00,4.7391,qty=30,ROLLING_HIGH_BREAKOUT,"Gap/RVOL candidate (gap=54.4%, RVOL=11.8x) + old bullish news (2026-07-24T12:48:41+00:00) + session-high break at $4.73"
EXIT,AMIX,2026-07-29T08:30:49.251223+00:00,4.2900,-9.48,Fast EMA exit (9-period) — 1m close below EMA,
ENTRY,VIVK,2026-07-29T13:00:47.743984+00:00,2.8620,qty=12,ROLLING_HIGH_BREAKOUT,"Gap/RVOL candidate (gap=45.9%, RVOL=5.5x) + old bullish news (2026-07-29T12:00:03+00:00) + session-high break at $2.83"
EXIT,VIVK,2026-07-29T13:01:47.137099+00:00,2.7700,-3.21,Fast EMA exit (9-period) — 1m close below EMA,
ENTRY,NUWE,2026-07-30T08:30:21.343126+00:00,4.0100,qty=42,ROLLING_HIGH_BREAKOUT,"Gap/RVOL candidate (gap=86.0%, RVOL=6.0x) + old bullish news (2026-07-27T12:33:58+00:00) + session-high break at $4.11"
EXIT,NUWE,2026-07-30T09:21:15.689773+00:00,3.5905,-10.46,"Chandelier (bullish_neutral pullback volume, down_ratio=0.48, 4.0x ATR) stop break (stop=$3.77, max-loss 10%)",
ENTRY,NUWE,2026-07-30T11:43:09.663292+00:00,4.1702,qty=4,ROLLING_HIGH_BREAKOUT,"Gap/RVOL candidate (gap=90.0%, RVOL=11.6x) + old bullish news (2026-07-27T12:33:58+00:00) + session-high break at $4.20"
EXIT,NUWE,2026-07-30T14:21:39.365835+00:00,4.6184,+10.75,"Chandelier (bullish_neutral pullback volume, down_ratio=0.54, 4.0x ATR) stop break (stop=$5.08, max-loss 10%)",
ENTRY,KUST,2026-07-31T10:17:52.209789+00:00,1.7106,qty=115,ROLLING_HIGH_BREAKOUT,"Gap/RVOL candidate (gap=42.4%, RVOL=195.7x) + old bullish news (2026-07-27T12:31:54+00:00) + session-high break at $1.70"
EXIT_ATTEMPT_UNFILLED,KUST,2026-07-31T11:25:01.324280+00:00,1.8000,unfilled,"Significant bearish CVD (secondary exit, armed; net_cvd_ratio=-0.72 <= -0.5)",
EXIT_ATTEMPT_UNFILLED,KUST,2026-07-31T11:25:27.669648+00:00,1.8000,unfilled,"Significant bearish CVD (secondary exit, armed; net_cvd_ratio=-0.96 <= -0.5)",
EXIT_ATTEMPT_UNFILLED,KUST,2026-07-31T13:00:26.290077+00:00,1.6690,unfilled,"Significant bearish CVD (secondary exit, armed; net_cvd_ratio=-0.52 <= -0.5)",
EXIT_ATTEMPT_UNFILLED,KUST,2026-07-31T13:00:51.855637+00:00,1.6600,unfilled,"Significant bearish CVD (secondary exit, armed; net_cvd_ratio=-0.57 <= -0.5)",
EXIT_ATTEMPT_UNFILLED,KUST,2026-07-31T13:01:38.742476+00:00,1.6304,unfilled,"SET entry-volatility stop break (stop=$1.63, 4.6% off entry)",
EXIT_ATTEMPT_UNFILLED,KUST,2026-07-31T13:02:04.180448+00:00,1.6200,unfilled,"SET entry-volatility stop break (stop=$1.63, 4.6% off entry)",
EXIT_ATTEMPT_UNFILLED,KUST,2026-07-31T13:02:30.158274+00:00,1.6100,unfilled,"SET entry-volatility stop break (stop=$1.63, 4.6% off entry)",
EXIT_ATTEMPT_UNFILLED,KUST,2026-07-31T13:02:55.778804+00:00,1.6300,unfilled,"SET entry-volatility stop break (stop=$1.63, 4.6% off entry)",
EXIT_ATTEMPT_UNFILLED,KUST,2026-07-31T13:04:42.824174+00:00,1.6302,unfilled,"SET entry-volatility stop break (stop=$1.63, 4.6% off entry)",
EXIT_ATTEMPT_UNFILLED,KUST,2026-07-31T13:05:30.056260+00:00,1.6303,unfilled,"SET entry-volatility stop break (stop=$1.63, 4.6% off entry)",
EXIT_ATTEMPT_UNFILLED,KUST,2026-07-31T13:16:30.428245+00:00,1.7002,unfilled,"Significant bearish CVD (secondary exit, armed; net_cvd_ratio=-0.58 <= -0.5)",
EXIT_ATTEMPT_UNFILLED,KUST,2026-07-31T13:16:55.927256+00:00,1.7000,unfilled,"Significant bearish CVD (secondary exit, armed; net_cvd_ratio=-0.62 <= -0.5)",
EXIT_ATTEMPT_UNFILLED,KUST,2026-07-31T13:22:08.864799+00:00,1.6600,unfilled,"Significant bearish CVD (secondary exit, armed; net_cvd_ratio=-0.62 <= -0.5)",
EXIT_ATTEMPT_UNFILLED,KUST,2026-07-31T13:22:35.488133+00:00,1.6600,unfilled,"Significant bearish CVD (secondary exit, armed; net_cvd_ratio=-0.55 <= -0.5)",
EXIT_ATTEMPT_UNFILLED,KUST,2026-07-31T13:30:35.340227+00:00,1.7397,unfilled,"Significant bearish CVD (secondary exit, armed; net_cvd_ratio=-0.53 <= -0.5)",
EXIT_ATTEMPT_UNFILLED,KUST,2026-07-31T13:31:02.429003+00:00,1.7450,unfilled,"Significant bearish CVD (secondary exit, armed; net_cvd_ratio=-0.55 <= -0.5)",
EXIT_ATTEMPT_UNFILLED,KUST,2026-07-31T13:31:30.432364+00:00,1.7454,unfilled,"Significant bearish CVD (secondary exit, armed; net_cvd_ratio=-0.51 <= -0.5)",
EXIT_ATTEMPT_UNFILLED,KUST,2026-07-31T13:35:24.091602+00:00,1.5850,unfilled,"SET entry-volatility stop break (stop=$1.63, 4.6% off entry)",
EXIT_ATTEMPT_UNFILLED,KUST,2026-07-31T13:35:54.013835+00:00,1.5850,unfilled,"SET entry-volatility stop break (stop=$1.63, 4.6% off entry)",
EXIT_ATTEMPT_UNFILLED,KUST,2026-07-31T13:59:52.747633+00:00,1.4850,unfilled,"SET entry-volatility stop break (stop=$1.63, 4.6% off entry)",
EXIT_ATTEMPT_UNFILLED,KUST,2026-07-31T14:00:20.372341+00:00,1.4700,unfilled,"SET entry-volatility stop break (stop=$1.63, 4.6% off entry)",
EXIT_ATTEMPT_UNFILLED,KUST,2026-07-31T14:00:48.888991+00:00,1.4562,unfilled,"SET entry-volatility stop break (stop=$1.63, 4.6% off entry)",
EXIT_ATTEMPT_UNFILLED,KUST,2026-07-31T14:01:17.512537+00:00,1.4800,unfilled,"SET entry-volatility stop break (stop=$1.63, 4.6% off entry)",
EXIT_ATTEMPT_UNFILLED,KUST,2026-07-31T14:01:43.679704+00:00,1.4850,unfilled,"SET entry-volatility stop break (stop=$1.63, 4.6% off entry)",
EXIT_ATTEMPT_UNFILLED,KUST,2026-07-31T14:02:11.282705+00:00,1.4750,unfilled,"SET entry-volatility stop break (stop=$1.63, 4.6% off entry)",
EXIT_ATTEMPT_UNFILLED,KUST,2026-07-31T14:04:09.273148+00:00,1.4699,unfilled,"SET entry-volatility stop break (stop=$1.63, 4.6% off entry)",
EXIT_ATTEMPT_UNFILLED,KUST,2026-07-31T14:04:38.270362+00:00,1.4699,unfilled,"SET entry-volatility stop break (stop=$1.63, 4.6% off entry)",
EXIT_ATTEMPT_UNFILLED,KUST,2026-07-31T14:22:25.235565+00:00,1.3397,unfilled,"SET entry-volatility stop break (stop=$1.63, 4.6% off entry)",
EXIT_ATTEMPT_UNFILLED,KUST,2026-07-31T14:38:01.355928+00:00,1.3500,unfilled,"SET entry-volatility stop break (stop=$1.63, 4.6% off entry)",
EXIT_ATTEMPT_UNFILLED,KUST,2026-07-31T14:38:30.399334+00:00,1.3200,unfilled,"SET entry-volatility stop break (stop=$1.63, 4.6% off entry)",
EXIT_ATTEMPT_UNFILLED,KUST,2026-07-31T14:55:14.778067+00:00,1.3750,unfilled,"SET entry-volatility stop break (stop=$1.63, 4.6% off entry)",
EXIT_ATTEMPT_UNFILLED,KUST,2026-07-31T14:55:43.423703+00:00,1.3898,unfilled,"SET entry-volatility stop break (stop=$1.63, 4.6% off entry)",
EXIT_ATTEMPT_UNFILLED,KUST,2026-07-31T15:03:10.845174+00:00,1.3897,unfilled,"SET entry-volatility stop break (stop=$1.63, 4.6% off entry)",
EXIT_ATTEMPT_UNFILLED,KUST,2026-07-31T15:03:37.534540+00:00,1.3805,unfilled,"SET entry-volatility stop break (stop=$1.63, 4.6% off entry)",
EXIT_ATTEMPT_UNFILLED,KUST,2026-07-31T15:04:06.261118+00:00,1.3801,unfilled,"SET entry-volatility stop break (stop=$1.63, 4.6% off entry)",
EXIT_ATTEMPT_UNFILLED,KUST,2026-07-31T15:04:34.815458+00:00,1.3850,unfilled,"SET entry-volatility stop break (stop=$1.63, 4.6% off entry)",
ENTRY,YYAI,2026-08-03T08:20:43.594799+00:00,0.3163,qty=722,ROLLING_HIGH_BREAKOUT,"Gap/RVOL candidate (gap=149.3%, RVOL=99.4x) + old bullish news (2026-07-27T12:13:08+00:00) + session-high break at $0.32"
EXIT_ATTEMPT_UNFILLED,YYAI,2026-08-03T11:01:30.162033+00:00,0.4200,unfilled,"Significant bearish CVD (secondary exit, armed; net_cvd_ratio=-1.00 <= -0.5)",
EXIT_ATTEMPT_UNFILLED,YYAI,2026-08-03T11:01:55.779001+00:00,0.4299,unfilled,"Significant bearish CVD (secondary exit, armed; net_cvd_ratio=-1.00 <= -0.5)",
EXIT_ATTEMPT_UNFILLED,YYAI,2026-08-03T11:02:20.672064+00:00,0.4203,unfilled,"Significant bearish CVD (secondary exit, armed; net_cvd_ratio=-1.00 <= -0.5)",
EXIT_ATTEMPT_UNFILLED,YYAI,2026-08-03T11:02:45.790875+00:00,0.4149,unfilled,"Significant bearish CVD (secondary exit, armed; net_cvd_ratio=-1.00 <= -0.5)",
EXIT_ATTEMPT_UNFILLED,YYAI,2026-08-03T11:03:11.166789+00:00,0.4127,unfilled,"Significant bearish CVD (secondary exit, armed; net_cvd_ratio=-0.97 <= -0.5)",
EXIT_ATTEMPT_UNFILLED,YYAI,2026-08-03T11:03:35.997241+00:00,0.4179,unfilled,"Significant bearish CVD (secondary exit, armed; net_cvd_ratio=-0.78 <= -0.5)",
EXIT_ATTEMPT_UNFILLED,YYAI,2026-08-03T11:04:00.951919+00:00,0.4287,unfilled,"Significant bearish CVD (secondary exit, armed; net_cvd_ratio=-0.53 <= -0.5)",
EXIT_ATTEMPT_UNFILLED,YYAI,2026-08-03T11:04:26.227472+00:00,0.4268,unfilled,"Significant bearish CVD (secondary exit, armed; net_cvd_ratio=-0.54 <= -0.5)",
EXIT_ATTEMPT_UNFILLED,YYAI,2026-08-03T11:20:12.702753+00:00,0.4521,unfilled,"Significant bearish CVD (secondary exit, armed; net_cvd_ratio=-0.66 <= -0.5)",
EXIT_ATTEMPT_UNFILLED,YYAI,2026-08-03T11:20:37.889427+00:00,0.4436,unfilled,"Significant bearish CVD (secondary exit, armed; net_cvd_ratio=-0.69 <= -0.5)",
EXIT_ATTEMPT_UNFILLED,YYAI,2026-08-03T11:21:03.340633+00:00,0.4499,unfilled,"Significant bearish CVD (secondary exit, armed; net_cvd_ratio=-0.69 <= -0.5)",
EXIT_ATTEMPT_UNFILLED,YYAI,2026-08-03T11:21:28.429556+00:00,0.4477,unfilled,"Significant bearish CVD (secondary exit, armed; net_cvd_ratio=-0.60 <= -0.5)",
EXIT_ATTEMPT_UNFILLED,YYAI,2026-08-03T11:21:53.555862+00:00,0.4461,unfilled,"Significant bearish CVD (secondary exit, armed; net_cvd_ratio=-0.61 <= -0.5)",
EXIT_ATTEMPT_UNFILLED,YYAI,2026-08-03T11:22:39.504413+00:00,0.4332,unfilled,"Significant bearish CVD (secondary exit, armed; net_cvd_ratio=-0.50 <= -0.5)",
EXIT_ATTEMPT_UNFILLED,YYAI,2026-08-03T11:23:04.451326+00:00,0.4315,unfilled,"Significant bearish CVD (secondary exit, armed; net_cvd_ratio=-0.56 <= -0.5)",
EXIT_ATTEMPT_UNFILLED,YYAI,2026-08-03T11:24:10.703200+00:00,0.4201,unfilled,"Significant bearish CVD (secondary exit, armed; net_cvd_ratio=-1.00 <= -0.5)",
EXIT_ATTEMPT_UNFILLED,YYAI,2026-08-03T11:24:35.844534+00:00,0.4278,unfilled,"Significant bearish CVD (secondary exit, armed; net_cvd_ratio=-1.00 <= -0.5)",
EXIT_ATTEMPT_UNFILLED,YYAI,2026-08-03T11:25:01.181027+00:00,0.4297,unfilled,"Significant bearish CVD (secondary exit, armed; net_cvd_ratio=-1.00 <= -0.5)",
EXIT_ATTEMPT_UNFILLED,YYAI,2026-08-03T12:32:04.104465+00:00,0.3660,unfilled,"Bearish OBV/price swing divergence (secondary exit, armed)",
EXIT_ATTEMPT_UNFILLED,YYAI,2026-08-03T12:32:31.414070+00:00,0.3622,unfilled,"Bearish OBV/price swing divergence (secondary exit, armed)",
EXIT_ATTEMPT_UNFILLED,YYAI,2026-08-03T12:32:56.726656+00:00,0.3590,unfilled,"Bearish OBV/price swing divergence (secondary exit, armed)",
EXIT_ATTEMPT_UNFILLED,YYAI,2026-08-03T13:15:13.713125+00:00,0.2468,unfilled,"SET entry-volatility stop break (stop=$0.28, 10.0% off entry [10% cap])",
EXIT_ATTEMPT_UNFILLED,YYAI,2026-08-03T13:15:41.820395+00:00,0.2444,unfilled,"SET entry-volatility stop break (stop=$0.28, 10.0% off entry [10% cap])",
EXIT_ATTEMPT_UNFILLED,YYAI,2026-08-03T13:16:08.192032+00:00,0.2411,unfilled,"SET entry-volatility stop break (stop=$0.28, 10.0% off entry [10% cap])",
EXIT_ATTEMPT_UNFILLED,YYAI,2026-08-03T13:32:07.858056+00:00,0.1608,unfilled,"SET entry-volatility stop break (stop=$0.28, 10.0% off entry [10% cap])",
EXIT_ATTEMPT_UNFILLED,YYAI,2026-08-03T13:32:35.313344+00:00,0.1729,unfilled,"SET entry-volatility stop break (stop=$0.28, 10.0% off entry [10% cap])",
EXIT_ATTEMPT_UNFILLED,YYAI,2026-08-03T13:33:01.452575+00:00,0.1790,unfilled,"SET entry-volatility stop break (stop=$0.28, 10.0% off entry [10% cap])",
EXIT_ATTEMPT_UNFILLED,YYAI,2026-08-03T13:33:28.570544+00:00,0.1800,unfilled,"SET entry-volatility stop break (stop=$0.28, 10.0% off entry [10% cap])",
EXIT_ATTEMPT_UNFILLED,YYAI,2026-08-03T13:33:59.487954+00:00,0.1785,unfilled,"SET entry-volatility stop break (stop=$0.28, 10.0% off entry [10% cap])",
EXIT_ATTEMPT_UNFILLED,YYAI,2026-08-03T13:49:08.538296+00:00,0.1639,unfilled,"SET entry-volatility stop break (stop=$0.28, 10.0% off entry [10% cap])",
EXIT_ATTEMPT_UNFILLED,YYAI,2026-08-03T13:49:35.844591+00:00,0.1601,unfilled,"SET entry-volatility stop break (stop=$0.28, 10.0% off entry [10% cap])",
EXIT_ATTEMPT_UNFILLED,YYAI,2026-08-03T13:50:04.142115+00:00,0.1504,unfilled,"SET entry-volatility stop break (stop=$0.28, 10.0% off entry [10% cap])",
EXIT_ATTEMPT_UNFILLED,YYAI,2026-08-03T13:59:55.805172+00:00,0.1489,unfilled,"SET entry-volatility stop break (stop=$0.28, 10.0% off entry [10% cap])",
EXIT_ATTEMPT_UNFILLED,YYAI,2026-08-03T14:00:23.303402+00:00,0.1500,unfilled,"SET entry-volatility stop break (stop=$0.28, 10.0% off entry [10% cap])",
EXIT_ATTEMPT_UNFILLED,YYAI,2026-08-03T14:00:51.122761+00:00,0.1550,unfilled,"SET entry-volatility stop break (stop=$0.28, 10.0% off entry [10% cap])",
EXIT_ATTEMPT_UNFILLED,YYAI,2026-08-03T14:05:02.620631+00:00,0.1505,unfilled,"SET entry-volatility stop break (stop=$0.28, 10.0% off entry [10% cap])",
EXIT_ATTEMPT_UNFILLED,YYAI,2026-08-03T14:05:29.473153+00:00,0.1525,unfilled,"SET entry-volatility stop break (stop=$0.28, 10.0% off entry [10% cap])",
EXIT_ATTEMPT_UNFILLED,YYAI,2026-08-03T14:05:56.811927+00:00,0.1523,unfilled,"SET entry-volatility stop break (stop=$0.28, 10.0% off entry [10% cap])",
EXIT_ATTEMPT_UNFILLED,YYAI,2026-08-03T14:07:36.447820+00:00,0.1491,unfilled,"SET entry-volatility stop break (stop=$0.28, 10.0% off entry [10% cap])",
EXIT_ATTEMPT_UNFILLED,YYAI,2026-08-03T14:08:04.179091+00:00,0.1481,unfilled,"SET entry-volatility stop break (stop=$0.28, 10.0% off entry [10% cap])",
EXIT_ATTEMPT_UNFILLED,YYAI,2026-08-03T14:08:32.384770+00:00,0.1499,unfilled,"SET entry-volatility stop break (stop=$0.28, 10.0% off entry [10% cap])",
EXIT_ATTEMPT_UNFILLED,YYAI,2026-08-03T14:16:58.753411+00:00,0.1498,unfilled,"SET entry-volatility stop break (stop=$0.28, 10.0% off entry [10% cap])",
EXIT_ATTEMPT_UNFILLED,YYAI,2026-08-03T14:17:25.970537+00:00,0.1472,unfilled,"SET entry-volatility stop break (stop=$0.28, 10.0% off entry [10% cap])",
EXIT_ATTEMPT_UNFILLED,YYAI,2026-08-03T14:17:54.225205+00:00,0.1472,unfilled,"SET entry-volatility stop break (stop=$0.28, 10.0% off entry [10% cap])",
EXIT_ATTEMPT_UNFILLED,YYAI,2026-08-03T14:33:30.750489+00:00,0.1498,unfilled,"SET entry-volatility stop break (stop=$0.28, 10.0% off entry [10% cap])",
EXIT_ATTEMPT_UNFILLED,YYAI,2026-08-03T14:33:57.536183+00:00,0.1494,unfilled,"SET entry-volatility stop break (stop=$0.28, 10.0% off entry [10% cap])",
EXIT_ATTEMPT_UNFILLED,YYAI,2026-08-03T14:34:24.234767+00:00,0.1496,unfilled,"SET entry-volatility stop break (stop=$0.28, 10.0% off entry [10% cap])",
EXIT_ATTEMPT_UNFILLED,YYAI,2026-08-03T14:34:50.754315+00:00,0.1494,unfilled,"SET entry-volatility stop break (stop=$0.28, 10.0% off entry [10% cap])",
EXIT_ATTEMPT_UNFILLED,YYAI,2026-08-03T14:35:17.814660+00:00,0.1483,unfilled,"SET entry-volatility stop break (stop=$0.28, 10.0% off entry [10% cap])",
EXIT_ATTEMPT_UNFILLED,YYAI,2026-08-03T14:52:19.336615+00:00,0.1482,unfilled,"SET entry-volatility stop break (stop=$0.28, 10.0% off entry [10% cap])",
EXIT_ATTEMPT_UNFILLED,YYAI,2026-08-03T14:52:48.627317+00:00,0.1474,unfilled,"SET entry-volatility stop break (stop=$0.28, 10.0% off entry [10% cap])",
EXIT_ATTEMPT_UNFILLED,YYAI,2026-08-03T14:53:15.182179+00:00,0.1473,unfilled,"SET entry-volatility stop break (stop=$0.28, 10.0% off entry [10% cap])",
EXIT_ATTEMPT_UNFILLED,YYAI,2026-08-03T15:00:55.935187+00:00,0.1477,unfilled,"SET entry-volatility stop break (stop=$0.28, 10.0% off entry [10% cap])",
EXIT_ATTEMPT_UNFILLED,YYAI,2026-08-03T15:01:22.729634+00:00,0.1489,unfilled,"SET entry-volatility stop break (stop=$0.28, 10.0% off entry [10% cap])",
EXIT_ATTEMPT_UNFILLED,YYAI,2026-08-03T15:01:49.697693+00:00,0.1473,unfilled,"SET entry-volatility stop break (stop=$0.28, 10.0% off entry [10% cap])",
EXIT_ATTEMPT_UNFILLED,YYAI,2026-08-03T15:02:18.264229+00:00,0.1468,unfilled,"SET entry-volatility stop break (stop=$0.28, 10.0% off entry [10% cap])",
EXIT_ATTEMPT_UNFILLED,YYAI,2026-08-03T15:02:46.015582+00:00,0.1455,unfilled,"SET entry-volatility stop break (stop=$0.28, 10.0% off entry [10% cap])",
EXIT_ATTEMPT_UNFILLED,YYAI,2026-08-03T15:03:12.508050+00:00,0.1455,unfilled,"SET entry-volatility stop break (stop=$0.28, 10.0% off entry [10% cap])",
EXIT_ATTEMPT_UNFILLED,YYAI,2026-08-03T15:03:38.337382+00:00,0.1460,unfilled,"SET entry-volatility stop break (stop=$0.28, 10.0% off entry [10% cap])",
EXIT_ATTEMPT_UNFILLED,YYAI,2026-08-03T15:12:55.102434+00:00,0.1388,unfilled,"SET entry-volatility stop break (stop=$0.28, 10.0% off entry [10% cap])",
EXIT_ATTEMPT_UNFILLED,YYAI,2026-08-03T15:13:22.561932+00:00,0.1395,unfilled,"SET entry-volatility stop break (stop=$0.28, 10.0% off entry [10% cap])",
EXIT_ATTEMPT_UNFILLED,YYAI,2026-08-03T15:13:48.488219+00:00,0.1401,unfilled,"SET entry-volatility stop break (stop=$0.28, 10.0% off entry [10% cap])",
EXIT_ATTEMPT_UNFILLED,YYAI,2026-08-03T15:22:26.150412+00:00,0.1432,unfilled,"SET entry-volatility stop break (stop=$0.28, 10.0% off entry [10% cap])",
EXIT_ATTEMPT_UNFILLED,YYAI,2026-08-03T15:22:52.724745+00:00,0.1427,unfilled,"SET entry-volatility stop break (stop=$0.28, 10.0% off entry [10% cap])",
EXIT_ATTEMPT_UNFILLED,YYAI,2026-08-03T15:23:19.743258+00:00,0.1440,unfilled,"SET entry-volatility stop break (stop=$0.28, 10.0% off entry [10% cap])",
EXIT_ATTEMPT_UNFILLED,YYAI,2026-08-03T15:39:20.908451+00:00,0.1410,unfilled,"SET entry-volatility stop break (stop=$0.28, 10.0% off entry [10% cap])",
EXIT_ATTEMPT_UNFILLED,YYAI,2026-08-03T15:39:47.568862+00:00,0.1410,unfilled,"SET entry-volatility stop break (stop=$0.28, 10.0% off entry [10% cap])",
EXIT_ATTEMPT_UNFILLED,YYAI,2026-08-03T15:40:13.896787+00:00,0.1405,unfilled,"SET entry-volatility stop break (stop=$0.28, 10.0% off entry [10% cap])",
EXIT_ATTEMPT_UNFILLED,YYAI,2026-08-03T15:56:30.441906+00:00,0.1448,unfilled,"SET entry-volatility stop break (stop=$0.28, 10.0% off entry [10% cap])",
EXIT_ATTEMPT_UNFILLED,YYAI,2026-08-03T15:56:57.963065+00:00,0.1444,unfilled,"SET entry-volatility stop break (stop=$0.28, 10.0% off entry [10% cap])",
EXIT_ATTEMPT_UNFILLED,YYAI,2026-08-03T15:57:25.585938+00:00,0.1438,unfilled,"SET entry-volatility stop break (stop=$0.28, 10.0% off entry [10% cap])",
EXIT_ATTEMPT_UNFILLED,YYAI,2026-08-03T15:57:54.280737+00:00,0.1431,unfilled,"SET entry-volatility stop break (stop=$0.28, 10.0% off entry [10% cap])",
ENTRY_ATTEMPT_UNFILLED,DXST,2026-08-04T08:09:50.843189+00:00,3.3300,unfilled,ROLLING_HIGH_BREAKOUT,"Gap/RVOL candidate (gap=29.2%, RVOL=17.9x) + old bullish news (2026-07-30T13:31:47+00:00) + session-high break at $3.07"
ENTRY_ATTEMPT_UNFILLED,DXST,2026-08-04T08:10:26.810595+00:00,3.2700,unfilled,ROLLING_HIGH_BREAKOUT,"Gap/RVOL candidate (gap=29.2%, RVOL=17.9x) + old bullish news (2026-07-30T13:31:47+00:00) + session-high break at $3.15"
ENTRY_ATTEMPT_UNFILLED,DXST,2026-08-04T08:11:28.866990+00:00,3.5600,unfilled,ROLLING_HIGH_BREAKOUT,"Gap/RVOL candidate (gap=32.7%, RVOL=13.8x) + old bullish news (2026-07-30T13:31:47+00:00) + session-high break at $3.20"
ENTRY_ATTEMPT_UNFILLED,DXST,2026-08-04T08:11:45.510588+00:00,3.5900,unfilled,ROLLING_HIGH_BREAKOUT,"Gap/RVOL candidate (gap=32.7%, RVOL=13.8x) + old bullish news (2026-07-30T13:31:47+00:00) + session-high break at $3.41"
ENTRY_ATTEMPT_UNFILLED,ELPW,2026-08-04T08:13:45.832327+00:00,0.2200,unfilled,ROLLING_HIGH_BREAKOUT,"Gap/RVOL candidate (gap=78.2%, RVOL=314.1x) + old bullish news (2026-07-22T19:25:15+00:00) + session-high break at $0.20"
ENTRY_ATTEMPT_UNFILLED,ELPW,2026-08-04T08:13:57.572831+00:00,0.2100,unfilled,ROLLING_HIGH_BREAKOUT,"Gap/RVOL candidate (gap=78.2%, RVOL=314.1x) + old bullish news (2026-07-22T19:25:15+00:00) + session-high break at $0.20"
ENTRY_ATTEMPT_UNFILLED,ELPW,2026-08-04T08:14:30.353487+00:00,0.2200,unfilled,ROLLING_HIGH_BREAKOUT,"Gap/RVOL candidate (gap=78.2%, RVOL=314.1x) + old bullish news (2026-07-22T19:25:15+00:00) + session-high break at $0.21"
ENTRY_ATTEMPT_UNFILLED,DXST,2026-08-04T08:34:11.565935+00:00,3.6200,unfilled,ROLLING_HIGH_BREAKOUT,"Gap/RVOL candidate (gap=39.8%, RVOL=1744.3x) + old bullish news (2026-07-30T13:31:47+00:00) + session-high break at $3.53"
ENTRY,AMIX,2026-08-04T14:18:27.910292+00:00,6.3244,qty=20,ROLLING_HIGH_BREAKOUT,"Gap/RVOL candidate (gap=68.2%, RVOL=7.5x) + old bullish news (2026-08-04T12:17:36+00:00) + session-high break at $6.27"
EXIT,AMIX,2026-08-04T15:08:36.349971+00:00,6.5900,+4.20,"Bearish OBV/price swing divergence (secondary exit, armed)",
ENTRY,BJDX,2026-08-04T23:24:50.726465+00:00,1.4750,qty=57,ROLLING_HIGH_BREAKOUT,"Gap/RVOL candidate (gap=28.3%, RVOL=43.8x) + old bullish news (2026-07-21T10:35:57+00:00) + session-high break at $1.44"
EXIT,BJDX,2026-08-05T11:04:31.396241+00:00,1.3320,-9.69,"SET entry-volatility stop break (stop=$1.37, 7.1% off entry)",
ENTRY,DBGI,2026-08-05T13:02:42.240375+00:00,36.4776,qty=2,ROLLING_HIGH_BREAKOUT,"Gap/RVOL candidate (gap=70.1%, RVOL=2787.3x) + old bullish news (2026-08-05T12:19:46+00:00) + session-high break at $37.00"
ENTRY_ATTEMPT_UNFILLED,ZJYL,2026-08-05T13:03:28.934833+00:00,2.1800,unfilled,ROLLING_HIGH_BREAKOUT,"Gap/RVOL candidate (gap=15.1%, RVOL=4301.0x) + old bullish news (2026-08-05T04:18:51+00:00) + session-high break at $2.13"
EXIT,DBGI,2026-08-05T13:04:27.316369+00:00,33.4430,-8.32,"Significant bearish CVD (secondary exit, armed; net_cvd_ratio=-1.00 <= -0.5)",
ENTRY,BJDX,2026-08-05T13:10:37.887205+00:00,1.4380,qty=18,ROLLING_HIGH_BREAKOUT,"Gap/RVOL candidate (gap=40.0%, RVOL=490.6x) + old bullish news (2026-07-21T10:35:57+00:00) + session-high break at $1.44"
EXIT,BJDX,2026-08-05T13:31:17.824134+00:00,1.4367,-0.09,"Significant bearish CVD (secondary exit, armed; net_cvd_ratio=-0.65 <= -0.5)",
ENTRY_ATTEMPT_UNFILLED,PAVS,2026-08-06T08:00:09.667515+00:00,8.2800,unfilled,ROLLING_HIGH_BREAKOUT,"Gap/RVOL candidate (gap=34.3%, RVOL=6.2x) + old bullish news (2026-08-06T05:35:31+00:00) + session-high break at $7.57"
ENTRY_ATTEMPT_UNFILLED,PAVS,2026-08-06T09:27:08.957687+00:00,8.4500,unfilled,ROLLING_HIGH_BREAKOUT,"Gap/RVOL candidate (gap=52.9%, RVOL=144.8x) + old bullish news (2026-08-06T09:17:18+00:00) + session-high break at $7.90"
ENTRY_ATTEMPT_UNFILLED,PAVS,2026-08-06T09:27:22.678523+00:00,8.4600,unfilled,ROLLING_HIGH_BREAKOUT,"Gap/RVOL candidate (gap=52.9%, RVOL=144.8x) + old bullish news (2026-08-06T09:17:18+00:00) + session-high break at $8.02"
ENTRY_ATTEMPT_UNFILLED,PAVS,2026-08-06T09:33:21.283153+00:00,8.9000,unfilled,ROLLING_HIGH_BREAKOUT,"Gap/RVOL candidate (gap=58.7%, RVOL=158.0x) + old bullish news (2026-08-06T09:17:18+00:00) + session-high break at $8.28"
ENTRY_ATTEMPT_UNFILLED,CELZ,2026-08-06T09:52:24.077509+00:00,0.9700,unfilled,ROLLING_HIGH_BREAKOUT,"Gap/RVOL candidate (gap=31.6%, RVOL=12773.3x) + old bullish news (2026-08-05T19:58:36+00:00) + session-high break at $0.92"
ENTRY_ATTEMPT_UNFILLED,CELZ,2026-08-06T09:53:34.721518+00:00,0.9800,unfilled,ROLLING_HIGH_BREAKOUT,"Gap/RVOL candidate (gap=35.3%, RVOL=12212.9x) + old bullish news (2026-08-05T19:58:36+00:00) + session-high break at $0.94"
ENTRY_ATTEMPT_UNFILLED,CELZ,2026-08-06T09:54:24.796710+00:00,0.9900,unfilled,ROLLING_HIGH_BREAKOUT,"Gap/RVOL candidate (gap=35.3%, RVOL=12212.9x) + old bullish news (2026-08-05T19:58:36+00:00) + session-high break at $0.94"
ENTRY_ATTEMPT_UNFILLED,CELZ,2026-08-06T09:55:09.169688+00:00,1.0300,unfilled,ROLLING_HIGH_BREAKOUT,"Gap/RVOL candidate (gap=39.7%, RVOL=12972.4x) + old bullish news (2026-08-05T19:58:36+00:00) + session-high break at $0.97"
ENTRY_ATTEMPT_UNFILLED,CELZ,2026-08-06T09:56:00.146619+00:00,1.0000,unfilled,ROLLING_HIGH_BREAKOUT,"Gap/RVOL candidate (gap=39.7%, RVOL=12972.4x) + old bullish news (2026-08-05T19:58:36+00:00) + session-high break at $0.98"
ENTRY_ATTEMPT_UNFILLED,PAVS,2026-08-06T10:03:59.509539+00:00,9.3800,unfilled,ROLLING_HIGH_BREAKOUT,"Gap/RVOL candidate (gap=64.8%, RVOL=258.7x) + old bullish news (2026-08-06T09:17:18+00:00) + session-high break at $8.71"
ENTRY_ATTEMPT_UNFILLED,PAVS,2026-08-06T10:04:27.430083+00:00,9.7300,unfilled,ROLLING_HIGH_BREAKOUT,"Gap/RVOL candidate (gap=64.8%, RVOL=258.7x) + old bullish news (2026-08-06T09:17:18+00:00) + session-high break at $9.12"
ENTRY_ATTEMPT_UNFILLED,ONFO,2026-08-06T10:17:28.633644+00:00,0.0900,unfilled,ROLLING_HIGH_BREAKOUT,"Gap/RVOL candidate (gap=17.8%, RVOL=3.1x) + old bullish news (2026-07-20T08:56:36+00:00) + session-high break at $0.09"
ENTRY_ATTEMPT_UNFILLED,PAVS,2026-08-06T10:19:19.316525+00:00,9.7900,unfilled,ROLLING_HIGH_BREAKOUT,"Gap/RVOL candidate (gap=76.6%, RVOL=325.2x) + old bullish news (2026-08-06T09:17:18+00:00) + session-high break at $9.26"
ENTRY_ATTEMPT_UNFILLED,PAVS,2026-08-06T10:21:00.008503+00:00,9.7500,unfilled,ROLLING_HIGH_BREAKOUT,"Gap/RVOL candidate (gap=85.6%, RVOL=334.2x) + old bullish news (2026-08-06T09:17:18+00:00) + session-high break at $9.33"
ENTRY_ATTEMPT_UNFILLED,PAVS,2026-08-06T10:56:24.988830+00:00,11.8000,unfilled,ROLLING_HIGH_BREAKOUT,"Gap/RVOL candidate (gap=88.2%, RVOL=346.9x) + old bullish news (2026-08-06T09:17:18+00:00) + session-high break at $11.16"
ENTRY_ATTEMPT_UNFILLED,PAVS,2026-08-06T10:56:37.005070+00:00,12.3400,unfilled,ROLLING_HIGH_BREAKOUT,"Gap/RVOL candidate (gap=88.2%, RVOL=346.9x) + old bullish news (2026-08-06T09:17:18+00:00) + session-high break at $11.65"
ENTRY,CELZ,2026-08-06T11:37:58.165068+00:00,1.0985,qty=131,ROLLING_HIGH_BREAKOUT,"Gap/RVOL candidate (gap=30.8%, RVOL=21997.2x) + old bullish news (2026-08-05T19:58:36+00:00) + session-high break at $1.07"
EXIT,CELZ,2026-08-06T13:47:31.564405+00:00,1.0301,-6.23,"Significant bearish CVD (secondary exit, armed; net_cvd_ratio=-0.85 <= -0.5)",
ENTRY,CELZ,2026-08-06T13:59:25.828634+00:00,1.1580,qty=52,ROLLING_HIGH_BREAKOUT,"Gap/RVOL candidate (gap=78.0%, RVOL=18575.0x) + old bullish news (2026-08-06T13:16:42+00:00) + session-high break at $1.15"
EXIT,CELZ,2026-08-06T15:33:15.343636+00:00,1.2820,+10.71,"Significant bearish CVD (secondary exit, armed; net_cvd_ratio=-0.63 <= -0.5)",
ENTRY,CELZ,2026-08-07T13:01:06.887890+00:00,1.4285,qty=111,ROLLING_HIGH_BREAKOUT,"Gap/RVOL candidate (gap=92.9%, RVOL=4.9x) + old bullish news (2026-08-06T19:13:48+00:00) + session-high break at $1.41"
ENTRY,XHLD,2026-08-07T13:51:15.485208+00:00,2.1150,qty=18,ROLLING_HIGH_BREAKOUT,"Gap/RVOL candidate (gap=136.0%, RVOL=5.3x) + old bullish news (2026-08-06T19:15:56+00:00) + session-high break at $2.06"
EXIT,XHLD,2026-08-07T14:09:53.566472+00:00,2.2313,+5.50,"Bearish OBV/price swing divergence (secondary exit, armed)",
EXIT,CELZ,2026-08-07T14:43:14.096512+00:00,1.5651,+9.56,"Significant bearish CVD (secondary exit, armed; net_cvd_ratio=-0.75 <= -0.65)",
ENTRY_ATTEMPT_UNFILLED,ZJYL,2026-08-10T08:00:11.230991+00:00,5.0900,unfilled,ROLLING_HIGH_BREAKOUT,"Gap/RVOL candidate (gap=96.7%, RVOL=3.4x) + old bullish news (2026-08-05T04:18:51+00:00) + session-high break at $4.71"
ENTRY_ATTEMPT_UNFILLED,ZJYL,2026-08-10T08:00:23.773385+00:00,5.2800,unfilled,ROLLING_HIGH_BREAKOUT,"Gap/RVOL candidate (gap=96.7%, RVOL=3.4x) + old bullish news (2026-08-05T04:18:51+00:00) + session-high break at $5.01"
ENTRY_ATTEMPT_UNFILLED,ZJYL,2026-08-10T08:00:36.917095+00:00,5.6700,unfilled,ROLLING_HIGH_BREAKOUT,"Gap/RVOL candidate (gap=96.7%, RVOL=3.4x) + old bullish news (2026-08-05T04:18:51+00:00) + session-high break at $5.07"
ENTRY,XHLD,2026-08-10T15:43:34.140697+00:00,3.0458,qty=64,ROLLING_HIGH_BREAKOUT,"Gap/RVOL candidate (gap=45.4%, RVOL=62.8x) + old bullish news (2026-08-06T19:15:56+00:00) + session-high break at $4.02"
EXIT,XHLD,2026-08-10T16:00:19.352897+00:00,3.1114,+2.15,"Trailing CVD giveback (secondary exit, armed; net_cvd_ratio=-0.71, peak=0.87, giveback=1.58 >= 0.1)",
ENTRY,SCKT,2026-08-10T16:46:12.597367+00:00,1.6250,qty=13,HALT_REOPEN_CONFIRMED,"Halt->reopen at $1.57 (gap=306.6%), confirmed bullish by sustained buy-side volume post-resume"
EXIT,SCKT,2026-08-10T16:48:30.365827+00:00,1.7750,+9.23,"Trailing CVD giveback (secondary exit, armed; net_cvd_ratio=-1.00, peak=1.00, giveback=2.00 >= 0.1)",
ENTRY_ATTEMPT_UNFILLED,WAFU,2026-08-11T08:00:21.831559+00:00,2.5400,unfilled,ROLLING_HIGH_BREAKOUT,"Gap/RVOL candidate (gap=65.8%, RVOL=88.8x) + old bullish news (2026-08-10T20:01:43+00:00) + session-high break at $2.57"
ENTRY_ATTEMPT_UNFILLED,NCRA,2026-08-11T08:03:23.287472+00:00,4.1400,unfilled,ROLLING_HIGH_BREAKOUT,"Gap/RVOL candidate (gap=82.4%, RVOL=104.8x) + old bullish news (2026-07-29T20:05:36+00:00) + session-high break at $4.07"
ENTRY_ATTEMPT_UNFILLED,WAFU,2026-08-11T08:16:21.820417+00:00,2.2900,unfilled,ROLLING_HIGH_BREAKOUT,"Gap/RVOL candidate (gap=53.8%, RVOL=114.9x) + old bullish news (2026-08-10T20:01:43+00:00) + session-high break at $2.21"
ENTRY_ATTEMPT_UNFILLED,WAFU,2026-08-11T08:19:07.737654+00:00,2.3900,unfilled,ROLLING_HIGH_BREAKOUT,"Gap/RVOL candidate (gap=54.5%, RVOL=111.5x) + old bullish news (2026-08-10T20:01:43+00:00) + session-high break at $2.26"
ENTRY_ATTEMPT_UNFILLED,NCRA,2026-08-11T08:23:47.565492+00:00,3.1900,unfilled,ROLLING_HIGH_BREAKOUT,"Gap/RVOL candidate (gap=36.6%, RVOL=271.9x) + old bullish news (2026-07-29T20:05:36+00:00) + session-high break at $2.93"
ENTRY_ATTEMPT_UNFILLED,NCRA,2026-08-11T08:24:02.720680+00:00,3.2800,unfilled,ROLLING_HIGH_BREAKOUT,"Gap/RVOL candidate (gap=43.9%, RVOL=266.2x) + old bullish news (2026-07-29T20:05:36+00:00) + session-high break at $3.10"
ENTRY_ATTEMPT_UNFILLED,NCRA,2026-08-11T08:24:18.184567+00:00,3.3000,unfilled,ROLLING_HIGH_BREAKOUT,"Gap/RVOL candidate (gap=52.2%, RVOL=271.1x) + old bullish news (2026-07-29T20:05:36+00:00) + session-high break at $3.12"
ENTRY_ATTEMPT_UNFILLED,WXM,2026-08-11T14:09:52.280256+00:00,10.6800,unfilled,HALT_REOPEN_CONFIRMED,"Halt->reopen at $10.21 (gap=155.2%), confirmed bullish by sustained buy-side volume post-resume"
ENTRY_ATTEMPT_UNFILLED,MSGY,2026-08-11T14:24:31.596295+00:00,4.8200,unfilled,HALT_REOPEN_CONFIRMED,"Halt->reopen at $4.56 (gap=97.0%), confirmed bullish by sustained buy-side volume post-resume"
ENTRY_ATTEMPT_UNFILLED,BAOS,2026-08-12T08:03:02.574450+00:00,1.9100,unfilled,ROLLING_HIGH_BREAKOUT,"Gap/RVOL candidate (gap=126.2%, RVOL=4.5x) + old bullish news (2026-07-27T15:21:46+00:00) + session-high break at $1.81"
ENTRY_ATTEMPT_UNFILLED,BOXL,2026-08-12T08:03:36.541490+00:00,6.1700,unfilled,ROLLING_HIGH_BREAKOUT,"Gap/RVOL candidate (gap=57.5%, RVOL=6.8x) + old bullish news (2026-08-12T05:35:01+00:00) + session-high break at $5.66"
ENTRY_ATTEMPT_UNFILLED,BAOS,2026-08-12T08:03:52.670393+00:00,1.9500,unfilled,ROLLING_HIGH_BREAKOUT,"Gap/RVOL candidate (gap=126.2%, RVOL=4.5x) + old bullish news (2026-07-27T15:21:46+00:00) + session-high break at $1.85"
ENTRY_ATTEMPT_UNFILLED,BAOS,2026-08-12T08:05:07.084101+00:00,2.2200,unfilled,ROLLING_HIGH_BREAKOUT,"Gap/RVOL candidate (gap=144.2%, RVOL=675.3x) + old bullish news (2026-07-27T15:21:46+00:00) + session-high break at $2.06"
ENTRY_ATTEMPT_UNFILLED,BAOS,2026-08-12T08:05:21.931612+00:00,2.2600,unfilled,ROLLING_HIGH_BREAKOUT,"Gap/RVOL candidate (gap=144.2%, RVOL=675.3x) + old bullish news (2026-07-27T15:21:46+00:00) + session-high break at $2.18"
ENTRY_ATTEMPT_UNFILLED,BOXL,2026-08-12T08:09:50.687544+00:00,5.9400,unfilled,ROLLING_HIGH_BREAKOUT,"Gap/RVOL candidate (gap=80.5%, RVOL=198.9x) + old bullish news (2026-08-12T05:35:01+00:00) + session-high break at $5.74"
ENTRY_ATTEMPT_UNFILLED,BOXL,2026-08-12T08:10:46.300738+00:00,6.2000,unfilled,ROLLING_HIGH_BREAKOUT,"Gap/RVOL candidate (gap=80.5%, RVOL=198.9x) + old bullish news (2026-08-12T05:35:01+00:00) + session-high break at $5.76"
ENTRY_ATTEMPT_UNFILLED,BOXL,2026-08-12T08:11:27.500469+00:00,6.4100,unfilled,ROLLING_HIGH_BREAKOUT,"Gap/RVOL candidate (gap=81.7%, RVOL=182.9x) + old bullish news (2026-08-12T05:35:01+00:00) + session-high break at $5.84"
ENTRY_ATTEMPT_UNFILLED,BOXL,2026-08-12T08:12:16.604792+00:00,6.3700,unfilled,ROLLING_HIGH_BREAKOUT,"Gap/RVOL candidate (gap=81.7%, RVOL=182.9x) + old bullish news (2026-08-12T05:35:01+00:00) + session-high break at $6.14"
ENTRY_ATTEMPT_UNFILLED,BOXL,2026-08-12T08:12:58.639156+00:00,6.4600,unfilled,ROLLING_HIGH_BREAKOUT,"Gap/RVOL candidate (gap=81.7%, RVOL=182.9x) + old bullish news (2026-08-12T05:35:01+00:00) + session-high break at $6.17"
ENTRY_ATTEMPT_UNFILLED,BOXL,2026-08-12T08:15:03.869975+00:00,6.6400,unfilled,ROLLING_HIGH_BREAKOUT,"Gap/RVOL candidate (gap=96.9%, RVOL=170.5x) + old bullish news (2026-08-12T05:35:01+00:00) + session-high break at $6.17"
ENTRY_ATTEMPT_UNFILLED,BOXL,2026-08-12T08:15:43.194493+00:00,6.5700,unfilled,ROLLING_HIGH_BREAKOUT,"Gap/RVOL candidate (gap=96.9%, RVOL=170.5x) + old bullish news (2026-08-12T05:35:01+00:00) + session-high break at $6.28"
ENTRY_ATTEMPT_UNFILLED,BAOS,2026-08-12T08:29:01.405221+00:00,2.4000,unfilled,ROLLING_HIGH_BREAKOUT,"Gap/RVOL candidate (gap=179.8%, RVOL=949.3x) + old bullish news (2026-07-27T15:21:46+00:00) + session-high break at $2.31"
ENTRY_ATTEMPT_UNFILLED,BAOS,2026-08-12T08:29:42.215451+00:00,2.4400,unfilled,ROLLING_HIGH_BREAKOUT,"Gap/RVOL candidate (gap=179.8%, RVOL=949.3x) + old bullish news (2026-07-27T15:21:46+00:00) + session-high break at $2.32"
ENTRY_ATTEMPT_UNFILLED,BAOS,2026-08-12T08:31:46.815854+00:00,2.4600,unfilled,ROLLING_HIGH_BREAKOUT,"Gap/RVOL candidate (gap=208.3%, RVOL=1040.5x) + old bullish news (2026-07-27T15:21:46+00:00) + session-high break at $2.34"
ENTRY_ATTEMPT_UNFILLED,BAOS,2026-08-12T08:34:19.436863+00:00,2.6600,unfilled,ROLLING_HIGH_BREAKOUT,"Gap/RVOL candidate (gap=222.1%, RVOL=1187.0x) + old bullish news (2026-07-27T15:21:46+00:00) + session-high break at $2.52"
ENTRY_ATTEMPT_UNFILLED,BOXL,2026-08-12T09:05:45.182133+00:00,6.5800,unfilled,ROLLING_HIGH_BREAKOUT,"Gap/RVOL candidate (gap=100.6%, RVOL=21113.2x) + old bullish news (2026-08-12T05:35:01+00:00) + session-high break at $6.40"
ENTRY_ATTEMPT_UNFILLED,BOXL,2026-08-12T09:08:03.359720+00:00,6.6300,unfilled,ROLLING_HIGH_BREAKOUT,"Gap/RVOL candidate (gap=93.2%, RVOL=21385.6x) + old bullish news (2026-08-12T05:35:01+00:00) + session-high break at $6.47"
ENTRY,INBS,2026-08-12T18:31:16.186027+00:00,2.5829,qty=69,ROLLING_HIGH_BREAKOUT,"Gap/RVOL candidate (gap=22.0%, RVOL=8.3x) + old bullish news (2026-08-11T12:32:47+00:00) + session-high break at $2.55"
EXIT,INBS,2026-08-12T18:33:46.313498+00:00,2.5700,-0.50,"Significant bearish CVD (secondary exit, armed; net_cvd_ratio=-1.00 <= -0.65)",
ENTRY,BOXL,2026-08-12T18:45:12.031646+00:00,6.9356,qty=6,ROLLING_HIGH_BREAKOUT,"Gap/RVOL candidate (gap=82.1%, RVOL=1549.2x) + old bullish news (2026-08-12T05:35:01+00:00) + session-high break at $6.56"
EXIT,BOXL,2026-08-12T18:51:48.867718+00:00,6.3500,-8.44,"SET entry-volatility stop break (stop=$6.41, 7.6% off entry)",
ENTRY_ATTEMPT_UNFILLED,FRGT,2026-08-13T08:12:07.853246+00:00,5.0100,unfilled,ROLLING_HIGH_BREAKOUT,"Gap/RVOL candidate (gap=86.4%, RVOL=234.0x) + old bullish news (2026-07-28T13:16:37+00:00) + session-high break at $4.78"
ENTRY,HCTI,2026-08-13T17:42:19.738817+00:00,1.6000,qty=108,ROLLING_HIGH_BREAKOUT,"Gap/RVOL candidate (gap=27.3%, RVOL=224.2x) + old bullish news (2026-07-29T20:25:14+00:00) + session-high break at $1.61"
EXIT,HCTI,2026-08-13T17:44:29.867605+00:00,1.5967,-0.21,"Significant bearish CVD (secondary exit, armed; net_cvd_ratio=-1.00 <= -0.65)",
ENTRY,FIEE,2026-08-17T08:00:49.891276+00:00,7.2000,qty=21,ROLLING_HIGH_BREAKOUT,"Gap/RVOL candidate (gap=30.8%, RVOL=40.0x) + old bullish news (2026-08-14T20:09:46+00:00) + session-high break at $6.64"
ENTRY,XOS,2026-08-17T21:34:07.639579+00:00,4.7700,qty=27,ROLLING_HIGH_BREAKOUT,"Gap/RVOL candidate (gap=117.2%, RVOL=3.2x) + old bullish news (2026-08-17T20:31:39+00:00) + session-high break at $4.63"
EXIT,XOS,2026-08-17T21:36:53.545927+00:00,4.3420,-8.97,"Significant bearish CVD (secondary exit, armed; net_cvd_ratio=-1.00 <= -0.5)",
