Group,Ticker,EventDate,EventGainPct,AvgVPIN_Pre,MaxVPIN_Pre,VPINSlope_Pre,VPIN_AtEvent,HasStealthSpikePre,StealthSpikeCount,DaysFromFirstSpikeToEvent,OBVChangeSinceSpike_NormByVol,PriceChangeSinceSpike_Pct
HIGH_SF,VEEE,2024-12-20,23.44,0.553,0.707,0.02994,0.776,False,0,,,
HIGH_SF,VEEE,2024-12-31,53.63,0.691,0.776,0.00183,0.918,False,0,,,
HIGH_SF,VEEE,2025-01-17,26.89,0.719,0.918,-0.02516,0.638,True,1,8.0,-0.245,-26.49
HIGH_SF,VEEE,2025-04-08,43.83,0.331,0.775,0.04739,0.971,False,0,,,
HIGH_SF,VEEE,2025-04-09,21.3,0.403,0.971,0.07697,0.926,False,0,,,
HIGH_SF,VEEE,2025-05-08,192.16,0.303,0.41,-0.0117,0.998,False,0,,,
HIGH_SF,VEEE,2025-09-05,46.39,0.521,0.841,0.04602,0.989,True,1,2.0,-0.732,-6.73
HIGH_SF,VEEE,2025-11-28,45.51,0.807,0.877,-0.00989,0.893,False,0,,,
HIGH_SF,VEEE,2026-03-03,22.81,0.645,0.892,-0.03068,0.44,True,2,6.0,3.209,-33.05
HIGH_SF,VEEE,2026-03-18,34.56,0.296,0.434,-0.00752,0.404,True,3,9.0,-9.09,-19.06
HIGH_SF,VEEE,2026-04-08,21.17,0.428,0.571,-0.00832,0.605,False,0,,,
HIGH_SF,VEEE,2026-05-11,28.4,0.477,0.645,0.0187,0.629,True,3,5.0,8.058,-1.98
HIGH_SF,VEEE,2026-07-13,415.77,0.667,0.913,0.05418,0.994,False,0,,,
HIGH_SF,VEEE,2026-07-14,54.91,0.71,0.994,0.06462,0.86,False,0,,,
HIGH_SF,VEEE,2026-07-16,36.07,0.786,0.994,0.04107,0.776,False,0,,,
HIGH_SF,AIRS,2024-11-08,20.72,0.531,0.685,0.04317,0.781,True,1,9.0,3.027,24.18
HIGH_SF,AIRS,2025-05-02,33.63,0.527,0.589,-0.00512,0.858,False,0,,,
HIGH_SF,AIRS,2026-03-16,51.62,0.473,0.526,0.00417,0.948,True,1,5.0,-2.173,-10.19
HIGH_SF,AIRS,2026-05-01,23.88,0.452,0.543,0.02736,0.668,False,0,,,
HIGH_SF,ARQQ,2024-09-26,25.56,0.557,0.897,0.06058,0.937,False,0,,,
HIGH_SF,ARQQ,2024-10-16,39.96,0.711,0.901,-0.05941,0.646,False,0,,,
HIGH_SF,ARQQ,2024-11-07,24.01,0.293,0.39,-0.02009,0.431,False,0,,,
HIGH_SF,ARQQ,2024-11-21,45.37,0.543,0.6,0.01504,0.671,False,0,,,
HIGH_SF,ARQQ,2024-11-22,21.09,0.567,0.671,0.01453,0.749,False,0,,,
HIGH_SF,ARQQ,2024-11-25,37.23,0.59,0.749,0.02152,0.857,False,0,,,
HIGH_SF,ARQQ,2024-12-03,24.7,0.701,0.857,0.01963,0.711,False,0,,,
HIGH_SF,ARQQ,2024-12-17,24.76,0.529,0.711,-0.04224,0.456,False,0,,,
HIGH_SF,ARQQ,2024-12-26,50.46,0.476,0.567,0.01851,0.59,False,0,,,
HIGH_SF,ARQQ,2025-01-16,37.35,0.418,0.56,-0.00768,0.623,False,0,,,
HIGH_SF,ARQQ,2025-03-17,56.93,0.62,0.686,-0.00325,0.869,False,0,,,
HIGH_SF,ARQQ,2025-05-16,22.06,0.524,0.569,-0.00758,0.644,False,0,,,
HIGH_SF,ARQQ,2025-05-19,31.33,0.535,0.644,-0.00024,0.772,False,0,,,
HIGH_SF,ARQQ,2025-06-16,22.25,0.439,0.508,0.01336,0.587,False,0,,,
HIGH_SF,ARQQ,2025-06-18,22.4,0.478,0.599,0.02256,0.733,False,0,,,
HIGH_SF,ARQQ,2025-10-13,20.09,0.593,0.661,-0.00899,0.602,False,0,,,
HIGH_SF,ARQQ,2026-05-21,25.67,0.39,0.433,0.00352,0.65,False,0,,,
HIGH_SF,ARQQ,2026-06-15,31.76,0.55,0.638,-0.02114,0.672,False,0,,,
HIGH_SF,ARQQ,2026-06-23,35.57,0.584,0.705,0.02634,0.712,True,1,2.0,-0.811,-12.14
HIGH_SF,TC,2025-05-09,22.22,0.681,0.787,0.02378,0.971,False,0,,,
HIGH_SF,TC,2025-08-11,21.67,0.548,0.613,0.01185,0.985,False,0,,,
HIGH_SF,TC,2025-09-10,35.76,0.55,0.737,-0.02934,0.69,True,1,7.0,-1.278,-4.8
HIGH_SF,TC,2026-01-16,21.11,0.46,0.774,-0.04439,0.63,False,0,,,
HIGH_SF,TC,2026-07-01,159.46,0.724,0.998,0.0588,1.0,True,1,5.0,-9.904,-78.54
HIGH_SF,TC,2026-07-08,20.98,0.89,1.0,0.0371,0.901,True,1,9.0,6.23,-76.22
HIGH_SF,PLCE,2024-09-11,85.71,0.563,0.591,0.00423,0.983,False,0,,,
HIGH_SF,PLCE,2024-09-12,24.62,0.647,0.983,0.08614,0.95,False,0,,,
HIGH_SF,PLCE,2024-09-13,28.04,0.697,0.983,0.09255,0.939,False,0,,,
HIGH_SF,PLCE,2024-09-17,42.51,0.756,0.983,0.07212,0.928,False,0,,,
HIGH_SF,PLCE,2025-02-05,21.42,0.375,0.442,0.0112,0.592,True,1,3.0,-1.878,-6.54
HIGH_SF,PLCE,2025-07-22,32.95,0.362,0.454,-0.01963,0.773,False,0,,,
HIGH_SF,PLCE,2026-05-28,22.19,0.504,0.576,0.00696,0.709,False,0,,,
HIGH_SF,MPLT,2025-12-03,31.26,,,,,False,0,,,
HIGH_SF,MPLT,2026-04-09,21.33,0.539,0.647,0.01589,0.665,False,0,,,
HIGH_SF,RAIN,2025-04-30,23.81,0.629,0.678,-0.00759,0.747,False,0,,,
HIGH_SF,RAIN,2025-05-06,30.98,0.654,0.747,0.01211,0.755,False,0,,,
HIGH_SF,RAIN,2025-06-04,22.5,0.506,0.615,-0.01948,0.579,False,0,,,
HIGH_SF,RAIN,2025-09-08,38.86,0.645,0.877,0.04091,0.935,False,0,,,
HIGH_SF,RAIN,2025-09-11,21.1,0.75,0.935,0.05751,0.898,False,0,,,
HIGH_SF,RAIN,2025-12-29,20.58,0.411,0.507,0.01816,0.592,True,1,4.0,-3.34,-14.59
HIGH_SF,RAIN,2026-02-13,24.11,0.487,0.569,0.01852,0.864,True,1,1.0,0.0,0.0
HIGH_SF,RAIN,2026-05-20,34.67,0.71,0.764,0.01047,0.805,True,1,10.0,-2.665,-20.21
HIGH_SF,RAIN,2026-05-21,21.29,0.738,0.805,0.00291,0.828,False,0,,,
HIGH_SF,BIRD,2024-09-11,25.59,0.717,0.764,-0.03073,0.713,False,0,,,
HIGH_SF,BIRD,2025-05-14,20.72,0.269,0.355,-0.01269,0.492,False,0,,,
HIGH_SF,BIRD,2025-06-10,21.8,0.596,0.704,-0.00467,0.821,False,0,,,
HIGH_SF,BIRD,2026-03-09,25.4,0.676,0.76,0.01044,0.774,False,0,,,
HIGH_SF,BIRD,2026-04-15,582.33,0.284,0.304,-0.0001,0.998,True,1,10.0,-2.102,-17.28
HIGH_SF,BIRD,2026-06-17,39.09,0.583,0.637,0.00687,0.979,False,0,,,
HIGH_SF,SHPH,2024-10-29,35.34,0.618,0.704,0.02652,0.96,True,1,1.0,0.0,0.0
HIGH_SF,SHPH,2025-03-17,21.62,0.688,0.872,0.04862,0.874,True,1,3.0,-4.086,-14.94
HIGH_SF,SHPH,2025-04-23,20.32,0.671,0.82,-0.01603,0.526,True,2,8.0,-4.424,-39.52
HIGH_SF,SHPH,2025-09-17,21.79,0.675,0.701,-0.00545,0.84,True,2,10.0,2.445,-0.8
HIGH_SF,SHPH,2026-01-20,31.29,0.52,0.683,0.04676,0.963,True,1,6.0,2.762,-15.54
HIGH_SF,SHPH,2026-03-31,26.92,0.62,0.725,0.00606,0.739,True,1,3.0,-4.209,-37.79
HIGH_SF,SHPH,2026-07-14,40.54,0.485,0.586,-0.01257,0.756,True,1,1.0,0.0,0.0
HIGH_SF,SOBR,2024-10-07,165.79,0.788,0.879,0.01473,0.983,False,0,,,
HIGH_SF,SOBR,2024-10-18,29.06,0.918,0.983,-0.001,0.786,False,0,,,
HIGH_SF,SOBR,2024-12-19,22.22,0.589,0.985,0.03151,0.742,False,0,,,
HIGH_SF,SOBR,2024-12-26,27.37,0.67,0.985,0.03095,0.754,False,0,,,
HIGH_SF,SOBR,2025-02-14,22.52,0.407,0.527,-0.02374,0.631,False,0,,,
HIGH_SF,SOBR,2025-03-05,42.52,0.28,0.529,0.02513,0.714,True,1,9.0,-2.456,-54.12
HIGH_SF,SOBR,2025-04-04,42.07,0.408,0.643,0.01657,0.856,False,0,,,
HIGH_SF,SOBR,2025-07-09,40.65,0.572,0.986,0.03578,0.997,False,0,,,
HIGH_SF,SOBR,2025-12-05,31.58,0.752,0.88,-0.00846,0.899,False,0,,,
HIGH_SF,SOBR,2025-12-24,82.31,0.627,0.806,-0.06669,0.994,True,1,1.0,0.0,0.0
HIGH_SF,SOBR,2026-04-15,21.43,0.715,0.84,-0.04046,0.491,False,0,,,
HIGH_SF,SOBR,2026-05-01,79.85,0.487,0.852,-0.02858,0.962,True,2,9.0,2.87,-10.05
HIGH_SF,SOBR,2026-05-05,63.53,0.549,0.971,0.04511,0.976,True,1,3.0,9.399,55.68
HIGH_SF,SOBR,2026-05-07,74.76,0.651,0.976,0.07409,0.977,True,1,5.0,9.365,88.64
HIGH_SF,SOBR,2026-06-10,30.7,0.224,0.333,0.00767,0.681,False,0,,,
HIGH_SF,SOBR,2026-07-13,176.5,0.492,0.975,0.03808,0.999,False,0,,,
HIGH_SF,SOBR,2026-07-15,76.92,0.611,0.999,0.0666,0.932,False,0,,,
HIGH_SF,WYFI,2025-09-10,28.22,,,,,False,0,,,
HIGH_SF,WYFI,2026-02-06,28.92,0.515,0.586,-0.01281,0.626,False,0,,,
HIGH_SF,WYFI,2026-05-11,26.96,0.509,0.716,0.04994,0.832,False,0,,,
HIGH_SF,WYFI,2026-05-21,22.16,0.735,0.832,-0.00313,0.7,True,2,7.0,1.865,-7.28
HIGH_SF,WYFI,2026-06-15,21.38,0.384,0.45,-0.01002,0.458,False,0,,,
HIGH_SF,NXTC,2025-10-16,27.75,0.662,0.803,0.04551,0.925,False,0,,,
HIGH_SF,NXTC,2025-10-17,37.13,0.716,0.925,0.04137,0.964,False,0,,,
HIGH_SF,NXTC,2025-11-24,34.25,0.409,0.497,-0.01186,0.61,False,0,,,
HIGH_SF,NXTC,2026-07-01,21.88,0.38,0.431,0.00392,0.526,False,0,,,
HIGH_SF,NXTC,2026-07-14,201.83,0.506,0.627,0.02052,0.997,False,0,,,
HIGH_SF,SDEV,2024-09-20,48.0,0.35,0.58,0.04225,0.998,False,0,,,
HIGH_SF,SDEV,2025-08-20,71.67,0.535,0.731,0.01461,0.988,True,2,3.0,-9.472,-3.23
HIGH_SF,SDEV,2025-08-27,72.22,0.758,0.988,0.06086,0.914,True,2,8.0,6.871,45.16
HIGH_SF,SDEV,2025-09-02,28.09,0.873,0.988,0.02168,0.888,True,1,9.0,8.39,196.67
HIGH_SF,SDEV,2025-09-04,57.46,0.922,0.988,-0.0119,0.801,False,0,,,
HIGH_SF,SDEV,2025-09-11,21.99,0.855,0.914,-0.01162,0.606,False,0,,,
HIGH_SF,SDEV,2025-10-20,25.0,0.493,0.61,0.01966,0.679,False,0,,,
HIGH_SF,SDEV,2025-12-08,28.1,0.644,0.8,0.03286,0.937,False,0,,,
HIGH_SF,SDEV,2025-12-10,33.7,0.738,0.941,0.03594,0.961,False,0,,,
HIGH_SF,SDEV,2025-12-19,79.66,0.86,0.961,-0.01444,0.942,False,0,,,
HIGH_SF,SDEV,2025-12-30,27.57,0.85,0.942,0.01055,0.883,False,0,,,
HIGH_SF,SDEV,2026-01-07,43.98,0.826,0.891,-0.02776,0.636,False,0,,,
HIGH_SF,SDEV,2026-01-09,102.54,0.773,0.883,-0.03868,0.818,False,0,,,
HIGH_SF,SDEV,2026-04-02,22.64,0.725,0.783,-0.00246,0.75,False,0,,,
HIGH_SF,SDEV,2026-07-02,30.77,0.524,0.64,-0.02168,0.756,True,1,1.0,0.0,0.0
HIGH_SF,NUWE,2024-09-12,25.66,0.541,0.627,-0.03277,0.799,False,0,,,
HIGH_SF,NUWE,2024-10-01,24.37,0.483,0.604,-0.03734,0.855,False,0,,,
HIGH_SF,NUWE,2024-10-09,29.27,0.582,0.855,0.04365,0.921,False,0,,,
HIGH_SF,NUWE,2024-10-11,20.14,0.681,0.921,0.05464,0.918,False,0,,,
HIGH_SF,NUWE,2024-10-21,31.76,0.865,0.921,0.01818,0.889,False,0,,,
HIGH_SF,NUWE,2024-10-22,21.03,0.884,0.921,0.00818,0.891,False,0,,,
HIGH_SF,NUWE,2024-11-04,106.62,0.76,0.891,-0.01092,0.983,False,0,,,
HIGH_SF,NUWE,2025-06-11,60.87,0.663,0.994,0.02864,0.882,True,1,1.0,0.0,0.0
HIGH_SF,NUWE,2025-07-16,131.16,0.393,0.817,0.06062,0.983,False,0,,,
HIGH_SF,NUWE,2025-10-30,24.59,0.41,0.594,-0.02173,0.846,False,0,,,
HIGH_SF,NUWE,2026-01-15,24.74,0.461,0.511,0.00486,0.924,False,0,,,
HIGH_SF,NUWE,2026-01-27,78.14,0.731,0.941,0.03018,0.961,True,1,1.0,0.0,0.0
HIGH_SF,VIVO,2024-10-14,24.94,0.501,0.742,-0.01458,0.516,False,0,,,
HIGH_SF,VIVO,2024-11-14,72.19,0.3,0.37,0.01189,0.835,True,1,8.0,-1.213,-7.11
HIGH_SF,VIVO,2025-03-21,52.12,0.88,0.897,0.0005,0.994,False,0,,,
HIGH_SF,VIVO,2025-03-24,149.61,0.892,0.994,0.00621,0.997,False,0,,,
HIGH_SF,VIVO,2025-03-26,84.96,0.912,0.997,0.01381,0.969,False,0,,,
HIGH_SF,VIVO,2025-05-09,22.54,0.396,0.538,0.02949,0.599,False,0,,,
HIGH_SF,VIVO,2025-05-23,24.34,0.57,0.642,-0.0034,0.616,False,0,,,
HIGH_SF,VIVO,2025-06-03,20.51,0.635,0.833,0.02802,0.743,True,1,5.0,2.186,-28.97
HIGH_SF,VIVO,2025-06-04,24.37,0.655,0.833,0.0279,0.766,True,1,6.0,2.774,-14.4
HIGH_SF,VIVO,2025-07-07,24.73,0.406,0.503,0.01234,0.544,False,0,,,
HIGH_SF,VIVO,2025-08-08,32.12,0.446,0.489,-0.00134,0.763,False,0,,,
HIGH_SF,VIVO,2025-12-16,22.14,0.485,0.76,0.03283,0.795,False,0,,,
HIGH_SF,VIVO,2026-02-13,48.59,0.553,0.689,0.04782,0.821,True,2,7.0,0.989,-12.88
HIGH_SF,VIVO,2026-03-25,32.41,0.45,0.672,0.05853,0.825,False,0,,,
HIGH_SF,VIVO,2026-05-13,35.14,0.493,0.539,-0.00742,0.717,False,0,,,
HIGH_SF,VMAR,2024-09-19,24.54,0.684,0.977,0.05377,0.909,False,0,,,
HIGH_SF,VMAR,2024-10-14,44.1,0.552,0.78,-0.02248,0.861,False,0,,,
HIGH_SF,VMAR,2025-01-10,41.45,0.466,0.497,0.00359,0.99,True,1,10.0,1.456,2.01
HIGH_SF,VMAR,2025-01-15,46.43,0.622,0.991,0.07017,0.985,False,0,,,
HIGH_SF,VMAR,2025-02-27,29.82,0.485,0.845,0.08835,0.929,True,1,6.0,-8.358,-30.38
HIGH_SF,VMAR,2025-05-27,22.34,0.544,0.586,-0.00704,0.604,False,0,,,
HIGH_SF,VMAR,2025-12-16,156.84,0.685,0.802,0.03078,0.994,True,1,3.0,-2.63,-28.3
HIGH_SF,VMAR,2026-06-17,34.1,0.707,0.744,-0.00899,0.736,True,2,10.0,-6.807,-42.89
HIGH_SF,FRMM,2024-09-04,41.24,,,,,False,0,,,
HIGH_SF,FRMM,2024-10-16,325.66,0.566,0.787,0.06428,0.998,False,0,,,
HIGH_SF,FRMM,2024-12-24,55.08,0.747,0.82,0.02854,0.987,False,0,,,
HIGH_SF,FRMM,2025-04-11,23.01,0.604,0.835,0.06587,0.827,True,1,3.0,0.206,-6.62
HIGH_SF,FRMM,2025-05-01,49.44,0.472,0.792,-0.0892,0.932,False,0,,,
HIGH_SF,FRMM,2025-07-17,107.95,0.501,0.631,-0.00518,0.99,True,1,7.0,-0.688,10.28
HIGH_SF,FRMM,2025-07-21,49.47,0.604,0.99,0.0335,0.945,True,1,9.0,9.83,135.59
HIGH_SF,FRMM,2025-07-25,40.85,0.758,0.99,0.06229,0.913,False,0,,,
HIGH_SF,FRMM,2025-08-12,206.59,0.531,0.843,-0.06563,0.917,False,0,,,
HIGH_SF,FRMM,2026-04-17,81.01,0.604,0.701,0.00801,0.945,True,1,2.0,0.963,11.27
HIGH_SF,VTAK,2024-10-18,106.82,0.466,0.746,-0.00321,0.955,True,1,1.0,0.0,0.0
HIGH_SF,VTAK,2025-06-11,160.87,0.689,0.837,-0.04541,0.914,True,1,1.0,0.0,0.0
HIGH_SF,VTAK,2025-08-18,62.84,0.626,0.706,0.00165,0.996,False,0,,,
HIGH_SF,VTAK,2025-12-08,23.95,0.698,0.757,-0.00163,0.789,False,0,,,
HIGH_SF,VTAK,2026-03-10,25.55,0.52,0.88,-0.09641,0.979,False,0,,,
HIGH_SF,VTAK,2026-04-09,40.7,0.383,0.465,-0.0152,0.761,False,0,,,
HIGH_SF,VTAK,2026-06-24,29.35,0.531,0.676,0.01422,0.856,True,2,2.0,5.873,5.75
HIGH_SF,VTAK,2026-07-08,92.96,0.831,0.868,0.00989,0.961,True,1,10.0,4.48,-22.83
HIGH_SF,FXHO,2024-11-11,24.76,0.475,0.586,0.01646,0.751,False,0,,,
HIGH_SF,FXHO,2024-12-12,32.7,0.396,0.565,0.04785,0.723,False,0,,,
HIGH_SF,FXHO,2025-04-11,61.65,0.602,0.8,-0.0373,0.792,True,2,9.0,0.0,-15.82
HIGH_SF,FXHO,2025-04-25,28.12,0.766,0.814,0.0215,0.844,False,0,,,
HIGH_SF,FXHO,2025-05-19,23.04,0.483,0.699,-0.03797,0.652,False,0,,,
HIGH_SF,FXHO,2025-06-16,20.47,0.546,0.825,-0.09216,0.44,False,0,,,
HIGH_SF,FXHO,2025-11-17,25.0,0.347,0.719,0.02414,0.795,False,0,,,
HIGH_SF,FXHO,2025-12-31,61.14,0.488,0.578,0.01723,0.968,False,0,,,
HIGH_SF,FXHO,2026-02-03,83.03,0.404,0.444,0.01068,0.898,False,0,,,
HIGH_SF,FXHO,2026-02-05,38.36,0.519,0.901,0.04701,0.909,False,0,,,
HIGH_SF,FXHO,2026-02-19,26.14,0.861,0.915,-0.01766,0.658,False,0,,,
HIGH_SF,FXHO,2026-05-22,22.83,0.891,0.992,-0.03273,0.816,False,0,,,
HIGH_SF,FXHO,2026-07-01,34.45,0.729,0.828,-0.03748,0.549,False,0,,,
HIGH_SF,FXHO,2026-07-06,171.53,0.675,0.828,-0.04267,0.961,False,0,,,
HIGH_SF,FXHO,2026-07-09,28.79,0.716,0.961,0.02637,0.947,False,0,,,
HIGH_SF,FXHO,2026-07-14,33.72,0.787,0.961,0.05882,0.949,False,0,,,
HIGH_SF,HODO,2025-06-05,51.26,0.599,0.707,-0.01366,0.993,False,0,,,
HIGH_SF,HODO,2025-07-23,38.79,0.366,0.579,0.02171,0.822,False,0,,,
HIGH_SF,HODO,2025-07-25,34.17,0.461,0.822,0.04683,0.763,True,1,1.0,0.0,0.0
HIGH_SF,HODO,2025-08-29,24.89,0.368,0.39,0.0,0.771,False,0,,,
HIGH_SF,HODO,2025-09-02,23.65,0.41,0.771,0.02108,0.901,False,0,,,
HIGH_SF,HODO,2025-10-06,22.77,0.25,0.369,-0.01364,0.317,True,1,1.0,0.0,0.0
HIGH_SF,HODO,2026-04-10,22.99,0.649,0.802,0.04617,0.855,True,1,10.0,2.97,31.23
HIGH_SF,HODO,2026-05-06,25.0,0.515,0.76,-0.05377,0.479,False,0,,,
HIGH_SF,HODO,2026-05-14,33.59,0.453,0.554,0.02359,0.632,False,0,,,
HIGH_SF,NVVE,2024-09-23,70.41,0.79,0.986,0.04902,0.993,True,1,5.0,8.688,-19.34
HIGH_SF,NVVE,2025-02-04,24.91,0.45,0.673,-0.04706,0.928,True,1,5.0,0.768,-5.69
HIGH_SF,NVVE,2025-05-09,143.86,0.544,0.796,0.0454,0.995,True,1,9.0,8.558,32.25
HIGH_SF,NVVE,2025-06-02,22.13,0.604,0.966,-0.11478,0.253,False,0,,,
HIGH_SF,NVVE,2025-08-21,21.96,0.554,0.71,-0.02227,0.603,False,0,,,
HIGH_SF,NVVE,2025-11-13,205.13,0.721,0.915,0.0434,0.918,True,1,1.0,0.0,0.0
HIGH_SF,NVVE,2025-11-21,56.1,0.872,0.918,0.00526,0.853,True,1,7.0,6.8,5.13
HIGH_SF,NVVE,2026-01-07,59.55,0.327,0.42,0.0221,0.988,False,0,,,
HIGH_SF,NVVE,2026-01-08,34.19,0.406,0.988,0.05007,0.973,False,0,,,
HIGH_SF,NVVE,2026-03-04,23.3,0.549,0.695,-0.02738,0.543,False,0,,,
HIGH_SF,NVVE,2026-04-10,21.74,0.39,0.543,0.03485,0.899,False,0,,,
HIGH_SF,NVVE,2026-07-08,63.58,0.619,0.876,0.04437,0.998,True,1,1.0,0.0,0.0
HIGH_SF,NVVE,2026-07-10,55.69,0.713,0.998,0.06529,0.981,True,1,3.0,9.882,69.17
HIGH_SF,NVVE,2026-07-15,36.46,0.861,0.998,0.04155,0.957,True,1,6.0,9.925,204.43
HIGH_SF,YYGH,2024-09-09,20.88,0.988,0.988,,0.99,False,0,,,
HIGH_SF,YYGH,2025-04-14,30.0,0.563,0.594,-0.0027,0.783,True,1,8.0,0.761,-38.71
HIGH_SF,YYGH,2025-06-11,21.53,0.498,0.805,0.01965,0.896,False,0,,,
HIGH_SF,YYGH,2025-09-11,21.47,0.59,0.926,0.05275,0.792,True,1,5.0,-8.943,-79.88
HIGH_SF,YYGH,2026-05-05,36.86,0.525,0.662,0.01318,0.792,False,0,,,
HIGH_SF,YYGH,2026-06-10,32.0,0.599,0.747,-0.01866,0.617,True,2,5.0,1.379,-14.97
HIGH_SF,YYGH,2026-07-06,25.6,0.624,0.696,-0.00237,0.587,False,0,,,
HIGH_SF,SHMD,2025-07-07,26.77,0.322,0.404,0.01146,0.72,False,0,,,
HIGH_SF,SHMD,2025-10-14,22.75,0.645,0.713,-0.01574,0.651,True,1,4.0,0.795,2.0
HIGH_SF,SHMD,2025-10-15,27.8,0.639,0.713,-0.01098,0.771,True,1,5.0,2.914,25.2
HIGH_SF,SHMD,2026-01-02,21.07,0.566,0.691,0.02796,0.715,False,0,,,
HIGH_SF,SHMD,2026-03-04,30.73,0.691,0.745,-0.01376,0.821,False,0,,,
HIGH_SF,SHMD,2026-04-17,24.55,0.453,0.507,-0.0104,0.627,False,0,,,
HIGH_SF,IBTA,2025-05-15,20.17,0.414,0.461,0.00132,0.567,False,0,,,
HIGH_SF,IBTA,2026-02-26,28.54,0.632,0.695,-0.01101,0.742,False,0,,,
HIGH_SF,GCTK,2024-12-20,32.43,0.224,0.379,0.03147,0.448,False,0,,,
HIGH_SF,GCTK,2025-01-13,28.21,0.726,0.948,-0.0113,0.789,True,1,3.0,-7.754,-24.52
HIGH_SF,GCTK,2025-01-21,47.06,0.732,0.948,-0.00205,0.775,True,1,8.0,2.773,-45.16
HIGH_SF,GCTK,2025-04-01,28.57,0.811,0.909,0.03711,0.895,True,1,8.0,-7.118,-57.73
HIGH_SF,GCTK,2025-06-25,26.25,0.575,0.681,0.01356,0.964,True,1,10.0,0.027,-34.08
HIGH_SF,GCTK,2025-06-27,25.67,0.68,0.968,0.03233,0.959,False,0,,,
HIGH_SF,GCTK,2025-07-21,36.71,0.535,0.944,-0.1098,0.858,False,0,,,
HIGH_SF,GCTK,2025-09-02,26.07,0.378,0.633,0.06731,0.989,False,0,,,
HIGH_SF,GCTK,2025-09-12,117.45,0.9,0.989,0.03158,0.995,False,0,,,
HIGH_SF,GCTK,2025-11-26,23.5,0.415,0.552,0.02301,0.681,False,0,,,
HIGH_SF,GCTK,2026-04-01,23.08,0.692,0.983,0.04678,0.984,False,0,,,
HIGH_SF,GCTK,2026-04-13,32.03,0.981,0.984,-0.0007,0.976,False,0,,,
HIGH_SF,KUST,2024-11-20,25.86,0.726,0.809,-0.02293,0.468,True,1,1.0,0.0,0.0
HIGH_SF,KUST,2024-11-21,32.88,0.692,0.793,-0.0315,0.535,True,1,2.0,1.449,25.86
HIGH_SF,KUST,2025-02-18,25.0,0.727,0.915,0.02324,0.87,True,1,8.0,-7.297,-61.9
HIGH_SF,KUST,2025-03-26,25.0,0.361,0.447,-0.00696,0.633,False,0,,,
HIGH_SF,KUST,2025-04-01,50.0,0.498,0.828,0.06885,0.872,False,0,,,
HIGH_SF,KUST,2025-04-03,33.33,0.552,0.872,0.0468,0.33,True,1,1.0,0.0,0.0
HIGH_SF,KUST,2025-04-29,33.33,0.075,0.406,-0.02405,0.214,True,1,1.0,0.0,0.0
HIGH_SF,KUST,2025-05-27,66.0,0.491,0.675,-0.03815,0.657,True,1,8.0,-5.085,-37.5
HIGH_SF,KUST,2025-06-09,21.86,0.644,0.704,0.02456,0.735,False,0,,,
HIGH_SF,KUST,2025-11-25,23.88,0.735,0.886,0.03746,0.993,True,2,9.0,1.823,-11.26
HIGH_SF,KUST,2026-01-23,28.43,0.728,0.769,-0.00747,0.967,False,0,,,
HIGH_SF,KUST,2026-04-14,21.13,0.686,0.788,-0.03322,0.679,True,1,4.0,-1.534,0.0
HIGH_SF,KUST,2026-05-06,20.48,0.615,0.68,-0.0042,0.656,True,1,10.0,2.097,-12.4
HIGH_SF,KUST,2026-06-29,33.68,0.502,0.867,-0.09516,0.345,True,1,2.0,-0.293,-33.57
HIGH_SF,KUST,2026-07-01,23.15,0.399,0.856,-0.05753,0.491,True,1,4.0,2.41,-24.48
HIGH_SF,KUST,2026-07-15,29.7,0.589,0.909,0.05403,0.882,False,0,,,
HIGH_SF,KUST,2026-07-22,46.87,0.79,0.909,0.03397,0.903,False,0,,,
HIGH_SF,BETR,2025-04-14,20.62,0.446,0.592,-0.03003,0.565,True,1,1.0,0.0,0.0
HIGH_SF,BETR,2025-08-13,23.55,0.567,0.616,0.00348,0.706,True,1,1.0,0.0,0.0
HIGH_SF,BETR,2025-09-22,46.61,0.501,0.751,0.03244,0.966,True,1,1.0,0.0,0.0
HIGH_SF,BETR,2025-09-23,35.55,0.551,0.966,0.05607,0.983,True,1,2.0,8.534,46.61
HIGH_SF,BETR,2025-10-20,28.48,0.316,0.577,-0.01565,0.443,False,0,,,
HIGH_SF,BETR,2025-10-23,30.55,0.338,0.529,0.03056,0.615,False,0,,,
HIGH_SF,MNPR,2024-09-12,64.58,0.435,0.572,-0.05958,0.998,False,0,,,
HIGH_SF,MNPR,2024-10-24,605.4,0.361,0.46,0.00208,0.988,False,0,,,
HIGH_SF,MNPR,2025-01-28,24.76,0.476,0.68,0.0448,0.73,False,0,,,
HIGH_SF,BJDX,2024-11-05,87.67,0.63,0.701,-0.01427,0.985,True,1,9.0,-2.231,-34.82
HIGH_SF,BJDX,2024-12-05,59.38,0.297,0.376,-0.01734,0.963,False,0,,,
HIGH_SF,BJDX,2024-12-31,26.49,0.537,0.973,-0.09313,0.715,False,0,,,
HIGH_SF,BJDX,2025-04-07,112.46,0.508,0.846,0.02106,0.996,False,0,,,
HIGH_SF,BJDX,2025-06-06,48.03,0.574,0.937,0.03732,0.996,False,0,,,
HIGH_SF,BJDX,2025-08-11,34.29,0.542,0.85,0.02937,0.999,True,1,1.0,0.0,0.0
HIGH_SF,BJDX,2025-10-07,38.06,0.567,0.702,0.00053,0.979,True,1,1.0,0.0,0.0
HIGH_SF,BJDX,2025-10-09,75.4,0.651,0.979,0.03861,0.993,True,1,3.0,9.338,20.65
HIGH_SF,BJDX,2025-10-14,22.81,0.783,0.993,0.05684,0.978,True,1,6.0,9.525,83.87
HIGH_SF,BJDX,2026-01-22,24.68,0.468,0.576,-0.01113,0.607,True,2,8.0,2.822,5.89
HIGH_SF,BJDX,2026-06-02,100.0,0.534,0.691,0.02128,0.994,True,2,5.0,5.639,12.44
HIGH_SF,BJDX,2026-07-07,25.0,0.416,0.802,0.04657,0.71,True,1,1.0,0.0,0.0
LOW_SF,FGNX,2024-10-29,24.33,0.282,0.527,-0.01516,0.737,True,1,7.0,0.316,-2.3
LOW_SF,FGNX,2024-11-13,32.63,0.819,0.96,-0.00501,0.799,True,1,6.0,-1.082,3.23
LOW_SF,FGNX,2024-11-14,21.21,0.82,0.96,-0.00778,0.815,True,1,7.0,1.382,36.91
LOW_SF,FGNX,2025-07-21,52.07,0.373,0.486,-0.00151,0.951,False,0,,,
LOW_SF,FGNX,2025-08-01,84.22,0.771,0.951,-0.00666,0.785,False,0,,,
LOW_SF,FGNX,2025-09-17,27.02,0.461,0.568,0.02228,0.869,True,1,2.0,-0.915,-2.44
LOW_SF,FGNX,2026-04-08,28.13,0.469,0.557,0.01722,0.647,False,0,,,
LOW_SF,ASPS,2024-10-23,23.01,0.511,0.576,0.00624,0.793,True,1,6.0,-4.646,-6.61
LOW_SF,ASPS,2025-01-08,23.38,0.679,0.781,-0.00305,0.672,False,0,,,
LOW_SF,ASPS,2025-02-05,22.54,0.45,0.713,-0.02064,0.623,False,0,,,
LOW_SF,ASPS,2026-02-04,21.66,0.619,0.669,-0.0069,0.761,False,0,,,
LOW_SF,ASPS,2026-02-23,26.79,0.648,0.768,-0.03279,0.682,False,0,,,
LOW_SF,ASPS,2026-02-25,20.76,0.627,0.698,-0.01526,0.738,False,0,,,
LOW_SF,IPDN,2024-10-02,62.22,0.43,0.49,-0.01197,0.979,True,1,8.0,1.292,2.27
LOW_SF,IPDN,2024-10-03,36.99,0.482,0.979,0.02014,0.979,True,1,9.0,9.675,65.91
LOW_SF,IPDN,2024-11-14,26.76,0.376,0.6,0.05113,0.759,False,0,,,
LOW_SF,IPDN,2025-03-17,21.83,0.749,0.861,-0.02858,0.504,False,0,,,
LOW_SF,IPDN,2025-04-09,25.49,0.511,0.971,0.04378,0.966,False,0,,,
LOW_SF,IPDN,2025-06-30,93.14,0.699,0.844,0.04325,0.999,True,1,8.0,-0.628,-2.23
LOW_SF,IPDN,2025-08-06,24.86,0.353,0.417,-0.00144,0.987,False,0,,,
LOW_SF,IPDN,2025-08-29,246.63,0.448,0.976,-0.09782,0.999,False,0,,,
LOW_SF,IPDN,2025-09-03,29.64,0.45,0.999,0.03067,0.932,False,0,,,
LOW_SF,IPDN,2025-09-23,66.43,0.528,0.917,-0.09923,0.634,False,0,,,
LOW_SF,IPDN,2025-10-13,33.45,0.471,0.707,-0.06181,0.653,False,0,,,
LOW_SF,VIVS,2024-12-31,27.78,0.459,0.56,0.01506,0.715,False,0,,,
LOW_SF,VIVS,2025-02-25,243.24,0.309,0.385,0.01613,0.998,False,0,,,
LOW_SF,VIVS,2025-08-29,30.48,0.543,0.736,0.051,0.994,False,0,,,
LOW_SF,VIVS,2025-10-30,29.57,0.544,0.644,0.01723,0.978,True,1,4.0,-1.142,-1.29
LOW_SF,VIVS,2026-01-30,71.76,0.565,0.695,-0.03739,0.836,True,2,9.0,-9.924,-18.66
LOW_SF,FRD,2026-06-12,31.61,0.426,0.48,-0.0081,0.736,False,0,,,
LOW_SF,TKLF,2024-12-26,23.89,0.461,0.598,0.03397,0.641,True,1,5.0,-3.416,-9.51
LOW_SF,IQST,2024-12-02,45.08,0.51,0.633,0.01468,0.811,True,2,8.0,3.849,25.32
LOW_SF,IQST,2025-01-06,27.15,0.454,0.521,0.01063,0.638,False,0,,,
LOW_SF,IQST,2025-05-08,26.71,0.568,0.82,0.03387,0.741,True,1,1.0,0.0,0.0
LOW_SF,IQST,2025-05-13,21.64,0.622,0.82,0.04194,0.719,True,2,4.0,1.529,21.35
LOW_SF,IQST,2025-05-14,26.55,0.654,0.82,0.0321,0.9,True,2,5.0,2.622,47.61
LOW_SF,IQST,2025-06-02,35.3,0.726,0.836,-0.03735,0.81,False,0,,,
LOW_SF,IQST,2026-04-09,25.14,0.548,0.742,0.0416,0.921,False,0,,,
LOW_SF,IQST,2026-06-25,47.22,0.836,0.9,-0.02133,0.992,False,0,,,
LOW_SF,IQST,2026-07-16,38.48,0.715,0.964,-0.09155,0.964,False,0,,,
LOW_SF,CUE,2024-09-27,49.56,0.403,0.536,0.01707,0.866,False,0,,,
LOW_SF,CUE,2024-10-04,41.64,0.638,0.866,0.05937,0.886,False,0,,,
LOW_SF,CUE,2024-10-21,38.84,0.727,0.871,-0.03499,0.633,False,0,,,
LOW_SF,CUE,2024-10-28,20.27,0.648,0.71,-0.00601,0.67,False,0,,,
LOW_SF,CUE,2025-01-03,27.52,0.446,0.49,-0.00512,0.625,False,0,,,
LOW_SF,CUE,2025-01-06,25.9,0.463,0.625,0.00507,0.71,False,0,,,
LOW_SF,CUE,2025-07-16,22.29,0.561,0.728,-0.04607,0.902,True,1,10.0,2.859,4.17
LOW_SF,CUE,2025-12-26,34.85,0.691,0.891,0.03893,0.875,True,1,3.0,-1.336,-5.12
LOW_SF,CUE,2026-01-21,25.75,0.6,0.713,-0.03189,0.66,False,0,,,
LOW_SF,CUE,2026-04-08,45.74,0.659,0.867,-0.04346,0.787,True,1,1.0,0.0,0.0
LOW_SF,CUE,2026-04-10,71.33,0.641,0.855,-0.00272,0.911,True,1,3.0,3.842,55.85
LOW_SF,CUE,2026-04-15,65.3,0.671,0.911,0.06612,0.894,True,1,6.0,6.813,132.98
LOW_SF,CUE,2026-04-20,40.26,0.809,0.911,0.03261,0.881,True,1,9.0,6.817,222.34
LOW_SF,CUE,2026-05-01,106.38,0.725,0.906,-0.05792,0.869,False,0,,,
LOW_SF,ALOT,2025-06-30,24.62,0.503,0.583,-0.0204,0.628,True,1,8.0,3.866,1.2
LOW_SF,ALOT,2026-06-17,69.86,0.57,0.631,0.00046,0.899,True,1,4.0,-1.138,-1.82
LOW_SF,TAOP,2024-09-10,29.27,0.78,0.79,0.00949,0.816,True,2,5.0,-7.004,-22.64
LOW_SF,TAOP,2024-10-04,29.23,0.556,0.663,0.0125,0.628,False,0,,,
LOW_SF,TAOP,2024-12-20,28.12,0.786,0.877,0.04045,0.982,True,1,9.0,0.163,-8.57
LOW_SF,TAOP,2025-05-12,87.5,0.411,0.947,0.01761,0.997,False,0,,,
LOW_SF,TAOP,2025-05-15,40.0,0.573,0.997,0.09427,0.942,False,0,,,
LOW_SF,TAOP,2025-12-02,32.71,0.512,0.814,0.04288,0.955,True,1,1.0,0.0,0.0
LOW_SF,XELB,2024-12-26,56.25,0.603,0.886,0.06036,0.967,True,1,8.0,-9.313,-46.59
LOW_SF,XELB,2025-03-24,20.22,0.457,0.618,-0.01655,0.723,True,1,3.0,4.698,17.26
LOW_SF,XELB,2025-04-24,30.72,0.293,0.375,-0.01069,0.961,True,2,10.0,-3.638,-7.38
LOW_SF,XELB,2025-08-06,24.78,0.299,0.747,0.07576,0.914,True,1,1.0,0.0,0.0
LOW_SF,XELB,2025-10-03,37.57,0.572,0.713,0.00139,0.791,True,2,6.0,-9.565,-0.57
LOW_SF,XELB,2026-04-15,20.86,0.462,0.566,0.01289,0.694,False,0,,,
LOW_SF,OLOX,2024-08-26,22.27,,,,,False,0,,,
LOW_SF,OLOX,2024-10-25,20.0,0.606,0.71,-0.03952,0.897,True,2,10.0,-6.662,5.0
LOW_SF,OLOX,2024-11-29,26.51,0.36,0.595,0.03756,0.957,False,0,,,
LOW_SF,OLOX,2024-12-02,41.91,0.432,0.957,0.06184,0.994,False,0,,,
LOW_SF,OLOX,2025-01-15,75.0,0.589,0.773,0.05597,0.984,True,1,1.0,0.0,0.0
LOW_SF,OLOX,2025-02-06,75.23,0.546,0.931,-0.11189,0.876,False,0,,,
LOW_SF,OLOX,2025-05-08,40.75,0.442,0.706,-0.05082,0.757,False,0,,,
LOW_SF,OLOX,2025-05-22,28.44,0.658,0.757,-0.01363,0.938,False,0,,,
LOW_SF,OLOX,2025-05-28,124.23,0.682,0.938,0.02002,0.866,True,1,2.0,-0.146,-7.83
LOW_SF,OLOX,2025-06-16,22.99,0.668,0.871,-0.06289,0.422,False,0,,,
LOW_SF,OLOX,2025-06-17,29.6,0.627,0.871,-0.06579,0.493,False,0,,,
LOW_SF,OLOX,2025-08-06,90.16,0.541,0.925,0.08577,0.995,True,2,6.0,-7.108,-68.36
LOW_SF,OLOX,2025-08-08,38.89,0.692,0.995,0.0846,0.944,True,2,8.0,8.975,-52.79
LOW_SF,OLOX,2025-09-11,24.29,0.239,0.453,0.02624,0.576,False,0,,,
LOW_SF,OLOX,2025-10-10,92.59,0.419,0.643,0.02641,0.975,False,0,,,
LOW_SF,OLOX,2025-10-23,29.82,0.841,0.975,-0.01731,0.7,True,1,4.0,-1.166,-24.5
LOW_SF,OLOX,2025-11-12,26.46,0.36,0.65,-0.04939,0.571,False,0,,,
LOW_SF,OLOX,2025-11-13,32.22,0.377,0.65,-0.03465,0.95,False,0,,,
LOW_SF,OLOX,2025-11-17,49.77,0.47,0.953,0.03597,0.968,False,0,,,
LOW_SF,OLOX,2025-11-19,78.01,0.546,0.968,0.09041,0.942,False,0,,,
LOW_SF,OLOX,2025-11-26,22.26,0.875,0.968,0.00768,0.842,False,0,,,
LOW_SF,OLOX,2025-12-04,24.92,0.844,0.942,-0.0168,0.632,False,0,,,
LOW_SF,OLOX,2026-03-05,27.78,0.82,0.843,-0.00418,0.908,False,0,,,
LOW_SF,OLOX,2026-03-09,32.52,0.826,0.908,-0.00036,0.919,True,1,1.0,0.0,0.0
LOW_SF,OLOX,2026-05-29,78.25,0.381,0.505,-0.00894,0.875,True,1,1.0,0.0,0.0
LOW_SF,SGLY,2024-08-29,35.65,,,,,True,1,3.0,-0.049,-2.7
LOW_SF,SGLY,2024-09-18,35.48,0.766,0.871,-0.02395,0.746,True,1,8.0,-0.621,-32.61
LOW_SF,SGLY,2025-01-16,21.49,0.714,0.816,0.00656,0.703,True,2,10.0,4.918,49.38
LOW_SF,SGLY,2025-02-03,65.22,0.639,0.692,0.01142,0.973,True,2,10.0,-3.007,-77.6
LOW_SF,SGLY,2025-03-21,143.48,0.426,0.489,0.01218,0.997,False,0,,,
LOW_SF,SGLY,2025-04-30,29.27,0.204,0.395,0.02759,0.732,False,0,,,
LOW_SF,SGLY,2025-05-29,24.14,0.714,0.778,-0.02753,0.935,False,0,,,
LOW_SF,SGLY,2025-11-13,22.41,0.216,0.43,0.0189,0.822,False,0,,,
LOW_SF,ASTC,2025-10-03,22.25,0.568,0.753,0.03335,0.993,True,3,7.0,-3.983,-6.42
LOW_SF,ASTC,2026-03-30,96.2,0.602,0.91,0.02518,1.0,True,1,2.0,7.877,9.22
LOW_SF,ASTC,2026-05-27,459.11,0.335,0.598,0.01716,0.999,False,0,,,
LOW_SF,ASTC,2026-05-28,113.11,0.4,0.999,0.05435,0.929,False,0,,,
LOW_SF,ASTC,2026-05-29,69.22,0.458,0.999,0.0799,0.871,False,0,,,
LOW_SF,ASTC,2026-06-02,28.53,0.579,0.999,0.08975,0.821,False,0,,,
LOW_SF,ASTC,2026-06-29,30.83,0.098,0.16,-0.00577,0.49,False,0,,,
LOW_SF,ATGL,2024-09-25,49.0,0.706,0.765,-0.00724,0.935,True,1,5.0,0.859,14.52
LOW_SF,ATGL,2024-09-26,71.16,0.729,0.935,0.00518,0.985,True,1,6.0,8.369,70.63
LOW_SF,ATGL,2024-09-27,21.2,0.756,0.985,0.01811,0.921,True,1,7.0,9.651,192.06
LOW_SF,ATGL,2024-09-30,52.02,0.778,0.985,0.0238,0.934,True,1,8.0,9.733,253.97
LOW_SF,ATGL,2024-10-04,36.11,0.854,0.985,0.02921,0.909,False,0,,,
LOW_SF,ATGL,2024-10-24,52.45,0.349,0.819,-0.06838,0.672,False,0,,,
LOW_SF,ATGL,2024-11-06,20.92,0.602,0.676,0.02639,0.651,True,1,2.0,-0.262,-3.19
LOW_SF,ATGL,2024-11-18,38.0,0.442,0.651,-0.03607,0.43,True,1,10.0,-1.353,10.47
LOW_SF,ATGL,2024-11-25,22.01,0.384,0.462,0.00788,0.545,False,0,,,
LOW_SF,ATGL,2024-12-12,23.29,0.54,0.611,-0.01813,0.435,False,0,,,
LOW_SF,ATGL,2024-12-26,28.63,0.424,0.487,0.00275,0.609,False,0,,,
LOW_SF,ATGL,2025-02-11,46.06,0.437,0.516,0.02352,0.681,False,0,,,
LOW_SF,ATGL,2025-02-19,28.87,0.572,0.681,0.02053,0.85,False,0,,,
LOW_SF,ATGL,2025-03-07,24.31,0.775,0.862,-0.03135,0.567,False,0,,,
LOW_SF,ATGL,2025-08-20,51.49,0.688,0.773,-0.006,0.975,False,0,,,
LOW_SF,ATGL,2025-11-17,139.84,0.594,0.834,0.01938,0.998,False,0,,,
LOW_SF,ATGL,2026-01-09,46.96,0.51,0.554,0.00105,0.986,False,0,,,
LOW_SF,ATGL,2026-01-26,25.66,0.934,0.986,-0.00915,0.517,False,0,,,
LOW_SF,CDTG,2024-11-07,32.13,0.559,0.736,-0.03113,0.757,False,0,,,
LOW_SF,CDTG,2025-03-19,21.25,0.634,0.749,-0.01704,0.61,True,1,7.0,1.439,19.4
LOW_SF,CDTG,2025-06-11,22.7,0.372,0.469,0.02361,0.75,False,0,,,
LOW_SF,CDTG,2025-06-13,53.68,0.487,0.849,0.04336,0.963,False,0,,,
LOW_SF,CDTG,2025-09-09,88.41,0.506,0.766,0.0448,0.995,True,1,3.0,-2.199,-9.51
LOW_SF,CDTG,2025-11-07,29.14,0.692,0.796,-0.01889,0.674,False,0,,,
LOW_SF,CDTG,2025-12-01,22.05,0.526,0.647,-0.02514,0.435,True,1,6.0,-1.382,-7.14
LOW_SF,CDTG,2026-03-04,32.08,0.528,0.683,0.0079,0.991,False,0,,,
LOW_SF,CDTG,2026-03-05,40.38,0.576,0.991,0.03174,0.993,False,0,,,
LOW_SF,CDTG,2026-05-27,24.57,0.834,0.889,-0.01018,0.809,False,0,,,
LOW_SF,CDTG,2026-06-08,26.1,0.852,0.973,0.01469,0.954,False,0,,,
LOW_SF,SLGL,2024-12-23,284.62,0.278,0.37,0.01666,0.985,True,1,9.0,-2.212,-15.88
LOW_SF,SLGL,2024-12-26,24.49,0.419,0.985,0.07671,0.888,False,0,,,
LOW_SF,SLGL,2025-01-07,40.0,0.828,0.985,0.0164,0.801,False,0,,,
LOW_SF,SLGL,2025-05-06,73.3,0.84,0.883,-0.01629,0.926,False,0,,,
LOW_SF,SLGL,2025-08-21,40.22,0.523,0.575,0.0064,0.713,True,1,1.0,0.0,0.0
LOW_SF,SLGL,2025-10-06,23.28,0.462,0.535,0.00867,0.677,False,0,,,
LOW_SF,SLGL,2026-03-24,20.86,0.563,0.643,0.01377,0.721,False,0,,,
LOW_SF,BBGI,2025-10-22,21.64,0.414,0.635,-0.01981,0.683,False,0,,,
LOW_SF,BBGI,2025-12-10,312.1,0.444,0.729,0.04773,0.999,False,0,,,
LOW_SF,BBGI,2026-04-08,80.57,0.63,0.674,0.00398,0.998,True,2,9.0,-2.051,-15.14
LOW_SF,BBGI,2026-04-09,94.36,0.678,0.998,0.01611,0.999,True,2,10.0,9.946,53.24
LOW_SF,BBGI,2026-04-14,41.83,0.773,0.999,0.0453,0.939,False,0,,,
LOW_SF,BBGI,2026-04-17,53.64,0.858,0.999,0.03728,0.932,False,0,,,
LOW_SF,BBGI,2026-06-02,25.34,0.36,0.394,0.00125,0.553,False,0,,,
LOW_SF,RGNT,2026-05-20,22.25,0.707,0.742,-0.00514,0.923,True,1,10.0,-6.059,-21.31
LOW_SF,RGNT,2026-06-09,88.28,0.704,0.857,-0.03475,0.928,True,2,8.0,-9.846,-35.35
LOW_SF,RGNT,2026-06-15,526.67,0.753,0.928,0.02447,0.956,True,1,5.0,8.394,17.19
LOW_SF,RGNT,2026-07-01,29.46,0.847,0.939,-0.04234,0.107,False,0,,,
LOW_SF,LHSW,2025-05-29,23.56,0.564,0.7,0.0322,0.752,False,0,,,
LOW_SF,LHSW,2025-06-25,26.67,0.274,0.417,-0.00608,0.487,False,0,,,
LOW_SF,LHSW,2026-01-05,53.56,0.452,0.62,-0.02773,0.992,False,0,,,
LOW_SF,LHSW,2026-02-12,26.04,0.522,0.693,0.00052,0.755,True,2,3.0,2.607,-67.35
LOW_SF,LHSW,2026-03-10,22.09,0.52,0.802,-0.04601,0.633,False,0,,,
LOW_SF,LHSW,2026-04-22,38.27,0.32,0.388,0.00612,0.759,True,2,9.0,-2.562,4.81
LOW_SF,LHSW,2026-07-06,277.78,0.465,0.671,-0.03243,0.921,True,3,8.0,3.609,-7.69
LOW_SF,PAPL,2025-03-27,20.44,0.735,0.836,0.02596,0.879,False,0,,,
LOW_SF,PAPL,2025-05-19,30.43,0.684,0.907,-0.02564,0.43,True,2,10.0,-6.324,-81.89
LOW_SF,PAPL,2025-05-20,66.67,0.636,0.696,-0.02461,0.702,True,1,10.0,-1.522,-75.81
LOW_SF,PAPL,2025-05-21,40.0,0.638,0.702,-0.01738,0.701,False,0,,,
LOW_SF,PAPL,2025-06-04,32.69,0.679,0.783,-0.01599,0.519,False,0,,,
LOW_SF,PAPL,2025-06-25,26.98,0.241,0.339,-0.02806,0.683,False,0,,,
LOW_SF,PAPL,2025-07-17,52.5,0.6,0.716,-0.038,0.858,True,1,2.0,1.967,5.26
LOW_SF,PAPL,2025-07-23,70.0,0.595,0.858,0.00513,0.975,True,2,6.0,9.792,84.21
LOW_SF,PAPL,2025-07-31,73.06,0.858,0.975,0.03037,0.978,True,1,7.0,8.861,-15.14
LOW_SF,PAPL,2025-08-08,73.76,0.968,0.98,0.00079,0.977,False,0,,,
LOW_SF,PAPL,2025-09-05,57.97,0.277,0.94,-0.0283,0.976,False,0,,,
LOW_SF,PAPL,2026-01-08,56.64,0.609,0.836,0.04592,0.916,False,0,,,
LOW_SF,PAPL,2026-01-21,45.36,0.877,0.916,0.00945,0.947,False,0,,,
LOW_SF,PAPL,2026-04-23,45.0,0.619,0.705,-0.00626,0.946,True,1,1.0,0.0,0.0
LOW_SF,PAPL,2026-04-27,50.0,0.688,0.946,0.02042,0.936,True,1,3.0,9.198,53.33
LOW_SF,PAPL,2026-04-29,28.15,0.746,0.946,0.03719,0.928,True,1,5.0,9.103,125.0
LOW_SF,PAPL,2026-07-22,31.58,0.483,0.7,-0.00736,0.725,True,1,2.0,-4.205,-13.44
LOW_SF,CSPI,2024-11-22,21.07,0.539,0.745,0.0129,0.834,True,1,1.0,0.0,0.0
